image_id,key,label_count,top_label,labels
01a13e9b-3c68-4687-829d-4ddcfb5beb1b,wallpapers/01a13e9b-3c68-4687-829d-4ddcfb5beb1b/full.png,5,Nature,Nature (100%) | Night (100%) | Outdoors (100%) | Sky (100%) | Aurora (86.47%)
012774da-c40e-4d05-ba3f-4c52c030b5bd,wallpapers/012774da-c40e-4d05-ba3f-4c52c030b5bd/full.jpg,8,Nature,Nature (97.19%) | Outdoors (97.19%) | Sky (97.19%) | Badlands National Park (86.31%) | Landmark (86.31%) | Mountain (78.12%) | Mountain Range (78.12%) | Scenery (76.85%)
01692740-814e-496d-9000-7da98ef2a429,wallpapers/01692740-814e-496d-9000-7da98ef2a429/full.jpg,7,Lighting,Lighting (99.98%) | Nature (93.4%) | Night (93.4%) | Outdoors (93.4%) | Astronomy (89.99%) | Outer Space (87.17%) | Moon (70.96%)
00fd58de-2a0d-4c06-a6d1-5d86d55520f1,wallpapers/00fd58de-2a0d-4c06-a6d1-5d86d55520f1/full.jpg,2,Person,Person (86.21%) | VR Headset (84.73%)
0049e4a5-4151-4608-9ad6-8e9780db8a78,wallpapers/0049e4a5-4151-4608-9ad6-8e9780db8a78/full.jpg,6,Bench,Bench (100%) | Furniture (100%) | Nature (92.41%) | Outdoors (92.41%) | Sky (92.41%) | Park Bench (72.8%)
020857b8-1bc5-483e-b229-83cf0bd892ac,wallpapers/020857b8-1bc5-483e-b229-83cf0bd892ac/full.png,8,Pattern,Pattern (99.94%) | Accessories (98.61%) | Fractal (98.61%) | Ornament (98.61%) | Art (96.47%) | Graphics (96.47%) | Person (79.29%) | Texture (76.03%)
00283a29-63db-4971-b61b-159aff738fc5,wallpapers/00283a29-63db-4971-b61b-159aff738fc5/full.png,3,Plant,Plant (99.83%) | Art (99.61%) | Graphics (99.61%)
026bb0af-463a-4771-b21a-cc57072c8e3f,wallpapers/026bb0af-463a-4771-b21a-cc57072c8e3f/full.png,3,Lighting,Lighting (100%) | Light (99.96%) | Laser (93.87%)
0290919f-ef6d-4fc4-ab7d-f4933ee3bb51,wallpapers/0290919f-ef6d-4fc4-ab7d-f4933ee3bb51/full.jpg,3,Sticker,Sticker (99.44%) | Person (93.25%) | Cartoon (91.88%)
01f983d6-0109-4a14-b9cd-2e3a98c5d411,wallpapers/01f983d6-0109-4a14-b9cd-2e3a98c5d411/full.jpg,7,Art,Art (99.97%) | Painting (99.72%) | Nature (98.04%) | Outdoors (98.04%) | Modern Art (89.35%) | Person (86.82%) | Graphics (78.69%)
00209c87-2cff-4eea-a938-b9332cc9a5ff,wallpapers/00209c87-2cff-4eea-a938-b9332cc9a5ff/full.png,3,Gray,Gray (99.99%) | Architecture (90.41%) | Building (90.41%)
021ee9e9-a502-4ebf-9230-816726924fb1,wallpapers/021ee9e9-a502-4ebf-9230-816726924fb1/full.png,9,Lighting,Lighting (99.45%) | Art (98.82%) | Graphics (98.82%) | Outdoors (87.95%) | Nature (85.9%) | Light (85.2%) | Person (81.09%) | Sky (79.67%) | Rainbow (73.08%)
0260fd7b-e6cb-4646-8ae7-56d7e5a38879,wallpapers/0260fd7b-e6cb-4646-8ae7-56d7e5a38879/full.jpg,2,Art,Art (88.7%) | Graphics (88.7%)
03261e40-ea87-4885-80b6-e42de2d34cc8,wallpapers/03261e40-ea87-4885-80b6-e42de2d34cc8/full.png,8,Nature,Nature (100%) | Night (100%) | Outdoors (100%) | Starry Sky (99.97%) | Purple (99.97%) | City (96.42%) | Sky (81.18%) | Urban (75.53%)
02ceb17b-4b2c-4363-958d-6f558d4a6d8b,wallpapers/02ceb17b-4b2c-4363-958d-6f558d4a6d8b/full.jpg,2,Floor,Floor (99.96%) | Flooring (98.44%)
031215ab-6883-4b25-981e-0a24d20e6ec1,wallpapers/031215ab-6883-4b25-981e-0a24d20e6ec1/full.png,7,Art,Art (99.74%) | Graphics (99.58%) | Modern Art (98.7%) | Architecture (97.79%) | Building (97.79%) | Pattern (96.1%) | Painting (86.45%)
0312c308-8008-4715-abcc-de058e710668,wallpapers/0312c308-8008-4715-abcc-de058e710668/full.png,2,Person,Person (88.18%) | Black (79.71%)
02f2155b-1068-41bd-9eac-4f37368a946c,wallpapers/02f2155b-1068-41bd-9eac-4f37368a946c/full.jpg,10,Light,Light (99.06%) | Purple (94.25%) | Person (94.05%) | Face (91.03%) | Head (91.03%) | Computer Hardware (80.4%) | Electronics (80.4%) | Hardware (80.4%) | Monitor (80.4%) | Screen (80.4%)
037628d3-c887-4bd4-a05b-a4f117c50877,wallpapers/037628d3-c887-4bd4-a05b-a4f117c50877/full.png,13,Road,Road (99.7%) | Art (94.51%) | Graphics (94.51%) | Text (79.18%) | Alloy Wheel (76.84%) | Car (76.84%) | Car Wheel (76.84%) | Machine (76.84%) | Spoke (76.84%) | Tire (76.84%) | Transportation (76.84%) | Vehicle (76.84%) | Wheel (76.84%)
02dac197-d823-4800-8c54-7cd1e389dfc7,wallpapers/02dac197-d823-4800-8c54-7cd1e389dfc7/full.png,5,Pattern,Pattern (94.26%) | Art (92.37%) | Graphics (92.37%) | Texture (91.94%) | Maroon (83.76%)
037a91d0-b9f0-41ab-89b8-f0e597a93851,wallpapers/037a91d0-b9f0-41ab-89b8-f0e597a93851/full.png,2,Text,Text (95.62%) | Blackboard (84.46%)
0410b07e-2438-4f85-9000-214f7bb09596,wallpapers/0410b07e-2438-4f85-9000-214f7bb09596/full.jpg,9,Helmet,Helmet (94.15%) | Face (91.35%) | Head (91.35%) | Person (91.35%) | Astronomy (80.54%) | Moon (80.54%) | Nature (80.54%) | Night (80.54%) | Outdoors (80.54%)
044834ff-775f-4c49-ad56-10afd6e4cf86,wallpapers/044834ff-775f-4c49-ad56-10afd6e4cf86/full.jpg,8,Accessories,Accessories (99.9%) | Gemstone (98.99%) | Jewelry (98.99%) | Ornament (98.63%) | Person (98.52%) | Pattern (81.75%) | Face (75.51%) | Head (75.51%)
037a4c85-2fc9-4c62-b5d2-a7ff932c83e3,wallpapers/037a4c85-2fc9-4c62-b5d2-a7ff932c83e3/full.png,0,,
045fbd13-3161-44bd-a627-2898ba89df57,wallpapers/045fbd13-3161-44bd-a627-2898ba89df57/full.png,8,Architecture,Architecture (97.86%) | Building (97.86%) | Nature (96.73%) | Outdoors (96.73%) | Ripple (95.67%) | Water (95.67%) | Art (90.79%) | Pattern (89.32%)
04680b85-dcf6-4cc1-9417-7917bcf95054,wallpapers/04680b85-dcf6-4cc1-9417-7917bcf95054/full.jpg,10,Nature,Nature (100%) | Night (100%) | Outdoors (100%) | Starry Sky (99.86%) | Silhouette (99.72%) | Person (98.35%) | Sky (91.98%) | Astronomy (85.59%) | Nebula (85.59%) | Outer Space (85.59%)
0484f0b7-be7c-4286-a6a6-d3ecc03d59a0,wallpapers/0484f0b7-be7c-4286-a6a6-d3ecc03d59a0/full.png,4,Pattern,Pattern (99.02%) | Texture (96.59%) | Architecture (78.29%) | Building (78.29%)
03124617-eb9c-4dd7-86f7-62c097612c63,wallpapers/03124617-eb9c-4dd7-86f7-62c097612c63/full.png,8,Nature,Nature (100%) | Night (100%) | Outdoors (100%) | Sky (99.93%) | Astronomy (77.75%) | Outer Space (77.75%) | Aurora (74.69%) | Person (70.59%)
044d6842-fdec-4f1e-a19d-f2dcf17d426e,wallpapers/044d6842-fdec-4f1e-a19d-f2dcf17d426e/full.png,10,Rock,Rock (99.89%) | Tunnel (99.68%) | Person (95.99%) | Nature (87.97%) | Outdoors (87.97%) | Scenery (87.97%) | Railway (84.98%) | Transportation (84.98%) | Plant (84.05%) | Tree (84.05%)
0476e4f1-de25-41ea-a4da-ab87ef2c95a4,wallpapers/0476e4f1-de25-41ea-a4da-ab87ef2c95a4/full.jpg,5,Nature,Nature (98.71%) | Night (98.71%) | Outdoors (98.71%) | Texture (97.98%) | Paper (75.27%)
040f0689-ab7c-4106-870d-ca485906bba4,wallpapers/040f0689-ab7c-4106-870d-ca485906bba4/full.jpg,5,Plant,Plant (98.64%) | Tree (98.64%) | Footprint (97.19%) | Fir (94.42%) | Soil (85.75%)
04cf241c-4937-4d7d-a59d-7436047113cc,wallpapers/04cf241c-4937-4d7d-a59d-7436047113cc/full.jpg,1,Lighting,Lighting (98.7%)
04e37b10-986a-4f01-99db-6c95b0159eac,wallpapers/04e37b10-986a-4f01-99db-6c95b0159eac/full.jpg,11,Cutlery,Cutlery (98.83%) | Pottery (95.98%) | Bowl (94.95%) | Art (91.3%) | Beverage (88.53%) | Coffee (88.53%) | Coffee Cup (88.53%) | Drawing (87.46%) | Spoon (86.83%) | Cup (76.56%) | Soup Bowl (75.67%)
04e2c95e-d630-46ff-b4c2-ab54a00f2c6e,wallpapers/04e2c95e-d630-46ff-b4c2-ab54a00f2c6e/full.jpg,0,,
05686e9a-27a3-41df-b9e5-a4fad6e000f9,wallpapers/05686e9a-27a3-41df-b9e5-a4fad6e000f9/full.jpg,15,Nature,Nature (100%) | Night (100%) | Outdoors (100%) | Photography (99.99%) | Rock (99.99%) | Moon (99.98%) | Scenery (99.07%) | Sky (98.32%) | Adult (94.01%) | Male (94.01%) | Man (94.01%) | Person (94.01%) | Landscape (92%) | Hiking (91.91%) | Peak (91.38%)
05b2f922-bd7c-4c07-a437-0e1f9900753b,wallpapers/05b2f922-bd7c-4c07-a437-0e1f9900753b/full.jpg,14,Summer,Summer (100%) | Plant (100%) | Tree (100%) | Palm Tree (100%) | Vegetation (100%) | Outdoors (99.47%) | Nature (99.27%) | Leaf (98.57%) | Land (98.21%) | Scenery (97.18%) | Woodland (94.46%) | Tropical (91.07%) | Sky (86.31%) | Grove (78.75%)
05cc9b0b-63df-4b69-93a9-5b04ed646836,wallpapers/05cc9b0b-63df-4b69-93a9-5b04ed646836/full.jpeg,1,Person,Person (91.53%)
0738f9b9-8ab8-40e1-98b2-6170261c34e5,wallpapers/0738f9b9-8ab8-40e1-98b2-6170261c34e5/full.jpg,15,Lighting,Lighting (99.94%) | Light (99.93%) | Clothing (99.35%) | Glove (99.35%) | Urban (98.06%) | City (97.4%) | Person (96.58%) | Guitar (95.23%) | Metropolis (92.11%) | Flare (91.03%) | Nature (82.54%) | Night (82.54%) | Outdoors (82.54%) | Art (78.31%) | Concert (78.25%)
05f4bf31-8156-447d-ac47-3075fe3c5dbe,wallpapers/05f4bf31-8156-447d-ac47-3075fe3c5dbe/full.png,3,Purple,Purple (100%) | Lighting (99.99%) | Texture (99.32%)
0729b26e-1051-473b-bd3c-02da3d9072b3,wallpapers/0729b26e-1051-473b-bd3c-02da3d9072b3/full.png,4,Nature,Nature (94.56%) | Outdoors (94.56%) | Triangle (91.97%) | Sky (86.91%)
0766c461-7df4-49f6-825a-ce2020030ace,wallpapers/0766c461-7df4-49f6-825a-ce2020030ace/full.jpeg,10,Horizon,Horizon (100%) | Nature (100%) | Outdoors (100%) | Sky (100%) | Adult (98.17%) | Male (98.17%) | Man (98.17%) | Person (98.17%) | Bag (96.32%) | Backpack (80.58%)
0674aca9-ba45-4c58-a21d-9a5af09dd6a0,wallpapers/0674aca9-ba45-4c58-a21d-9a5af09dd6a0/full.png,3,Clothing,Clothing (79.45%) | Footwear (79.45%) | Shoe (79.45%)
0683b542-ca66-454f-a7ba-0efbc63d80fe,wallpapers/0683b542-ca66-454f-a7ba-0efbc63d80fe/full.png,8,Nature,Nature (100%) | Outdoors (100%) | Weather (100%) | Fog (99.93%) | Mist (99.92%) | Mountain (94.47%) | Mountain Range (94.47%) | Peak (83.54%)
081f5023-a72a-40d6-8cae-a4c2987046b6,wallpapers/081f5023-a72a-40d6-8cae-a4c2987046b6/full.jpg,15,Nature,Nature (98.1%) | Outdoors (98.1%) | Scenery (97.79%) | Bridal Veil (95.89%) | Dress (95.89%) | Fashion (95.89%) | Formal Wear (95.89%) | Gown (95.89%) | Person (95.89%) | Wedding (95.89%) | Wedding Gown (95.89%) | Sky (90.63%) | Dune (90.52%) | Sand (90.52%) | Desert (71.17%)
0866cb05-f327-4c0e-bdf8-1d132cc5abfe,wallpapers/0866cb05-f327-4c0e-bdf8-1d132cc5abfe/full.jpg,8,Face,Face (99.86%) | Head (99.86%) | Person (99.86%) | Photography (99.86%) | Portrait (99.86%) | Accessories (87.13%) | Bandana (87.13%) | Headband (87.13%)
087ab3b6-36c1-4a95-a909-cdc09a6fc334,wallpapers/087ab3b6-36c1-4a95-a909-cdc09a6fc334/full.png,15,Nature,Nature (100%) | Night (100%) | Outdoors (100%) | Starry Sky (100%) | Moon (98.82%) | Sky (97.71%) | Silhouette (87.27%) | Scenery (73.1%) | Fir (72.79%) | Plant (72.79%) | Tree (72.79%) | Canine (71.1%) | Dog (71.1%) | Mammal (71.1%) | Pet (71.1%)
087cda8a-3d36-4b3b-9cfa-3723adf37fd4,wallpapers/087cda8a-3d36-4b3b-9cfa-3723adf37fd4/full.png,12,City,City (100%) | Urban (100%) | Metropolis (99.99%) | Architecture (99.48%) | Building (99.48%) | Cityscape (99.48%) | Nature (98.21%) | Night (98.21%) | Outdoors (98.21%) | Tower (87.82%) | High Rise (83.37%) | Lighting (74.79%)
094995a5-b3a9-4bfa-8a23-9bd15b1f6271,wallpapers/094995a5-b3a9-4bfa-8a23-9bd15b1f6271/full.jpg,7,Cartoon,Cartoon (98.23%) | Baby (98.15%) | Person (98.15%) | Face (97.2%) | Head (97.2%) | Art (95.57%) | Drawing (95.31%)
09780f24-cdd9-4ace-a3c1-978390e84a6b,wallpapers/09780f24-cdd9-4ace-a3c1-978390e84a6b/full.png,13,Lighting,Lighting (99.98%) | Art (99.87%) | Graphics (99.87%) | Modern Art (99.8%) | Purple (97.74%) | Nature (83.34%) | Night (83.34%) | Outdoors (83.34%) | Painting (79.86%) | Animal (75.92%) | Bear (75.92%) | Mammal (75.92%) | Wildlife (75.92%)
087113c2-899b-4667-9885-21ec3b4c8de5,wallpapers/087113c2-899b-4667-9885-21ec3b4c8de5/full.png,11,Nature,Nature (100%) | Outdoors (100%) | Weather (100%) | Plant (99.86%) | Tree (99.86%) | Fog (99.71%) | Vegetation (98.97%) | Mist (97.38%) | Fir (96.6%) | Land (93.09%) | Woodland (93.09%)
07a6827b-e5aa-4110-a9f4-e916508877a2,wallpapers/07a6827b-e5aa-4110-a9f4-e916508877a2/full.png,5,Art,Art (99.23%) | Collage (95.35%) | Painting (83.58%) | Accessories (74.28%) | Dye (72.05%)
09328dfc-9fce-492b-835a-e290d8c5fcca,wallpapers/09328dfc-9fce-492b-835a-e290d8c5fcca/full.jpg,6,Nature,Nature (100%) | Night (100%) | Outdoors (100%) | Astronomy (100%) | Moon (100%) | Full Moon (98.77%)
09ca61fc-01e4-4a0e-9846-1e7ab33b83bf,wallpapers/09ca61fc-01e4-4a0e-9846-1e7ab33b83bf/full.jpg,6,Adult,Adult (98.86%) | Male (98.86%) | Man (98.86%) | Person (98.86%) | Face (91.83%) | Head (91.83%)
0909f67f-9332-4f39-aa98-4a4745fb23b3,wallpapers/0909f67f-9332-4f39-aa98-4a4745fb23b3/full.png,8,Purple,Purple (100%) | Green (100%) | Lighting (99.99%) | Texture (99.22%) | Flower (99%) | Petal (99%) | Plant (99%) | Light (80.71%)
07da8b15-6d7a-4e88-8a1b-74465cb728ae,wallpapers/07da8b15-6d7a-4e88-8a1b-74465cb728ae/full.jpg,7,Purple,Purple (99.99%) | Pattern (99.95%) | Art (99.67%) | Graphics (99.67%) | Modern Art (99.19%) | Person (97.85%) | Accessories (80.83%)
0a70f3b9-9f3f-4807-ab8a-902caedba089,wallpapers/0a70f3b9-9f3f-4807-ab8a-902caedba089/full.png,7,Nature,Nature (100%) | Outdoors (100%) | Sky (100%) | Night (99.96%) | Pattern (90%) | Aurora (76.87%) | Person (71.82%)
0a2847d1-0511-4e19-b42f-9193cb867903,wallpapers/0a2847d1-0511-4e19-b42f-9193cb867903/full.jpg,5,Art,Art (99.95%) | Graphics (99.95%) | Modern Art (97.98%) | Outdoors (70.08%) | Pattern (70.05%)
0b32da83-72cc-424b-8e77-72ca18011293,wallpapers/0b32da83-72cc-424b-8e77-72ca18011293/full.jpg,1,Light,Light (99.23%)
0aaf7ad5-adb1-4195-96d7-1f8e221d9445,wallpapers/0aaf7ad5-adb1-4195-96d7-1f8e221d9445/full.jpg,9,Road,Road (100%) | Freeway (100%) | Highway (99.49%) | Overpass (91.96%) | Outdoors (87.3%) | Architecture (78.63%) | Building (78.63%) | Cityscape (78.63%) | Urban (78.63%)
0a711b2d-691c-4eb6-93da-c36361c80103,wallpapers/0a711b2d-691c-4eb6-93da-c36361c80103/full.png,8,Mountain,Mountain (100%) | Nature (100%) | Outdoors (100%) | Mountain Range (100%) | Peak (100%) | Ice (99.67%) | Glacier (88.04%) | Scenery (78.58%)
0ab27833-ac2c-4224-a997-a495bb728e87,wallpapers/0ab27833-ac2c-4224-a997-a495bb728e87/full.png,7,Texture,Texture (98.18%) | Person (97.43%) | Nature (88.96%) | Outdoors (88.96%) | Sea (88.96%) | Water (88.96%) | Floor (77.3%)
0ad90552-0206-434d-8dc9-8ae3d3661731,wallpapers/0ad90552-0206-434d-8dc9-8ae3d3661731/full.jpg,2,Person,Person (96.55%) | Gas Mask (84.17%)
0b5124a6-b6b5-438d-bd0d-de4d25cf664b,wallpapers/0b5124a6-b6b5-438d-bd0d-de4d25cf664b/full.jpg,5,Sphere,Sphere (99.58%) | Art (97.28%) | Graphics (97.28%) | Text (74.34%) | Light (71.02%)
0c5c4038-02f7-470d-ade4-d6e903c863ef,wallpapers/0c5c4038-02f7-470d-ade4-d6e903c863ef/full.jpg,8,Light,Light (97.83%) | Lighting (96.64%) | Art (93.92%) | Graphics (93.92%) | Accessories (74.33%) | Formal Wear (74.33%) | Tie (74.33%) | Pattern (70.94%)
0c94a378-1a44-4c34-939f-823528e1d6c7,wallpapers/0c94a378-1a44-4c34-939f-823528e1d6c7/full.jpg,5,Astronomy,Astronomy (99.82%) | Outer Space (99.82%) | Planet (99.82%) | Globe (90.05%) | Person (79.99%)
0b5bebb3-170f-4e7e-bbcb-797b7ebeaac5,wallpapers/0b5bebb3-170f-4e7e-bbcb-797b7ebeaac5/full.png,6,Pattern,Pattern (100%) | Accessories (99.99%) | Fractal (99.96%) | Ornament (99.96%) | Art (88.32%) | Modern Art (88.32%)
0c4ad1d4-a588-4a1b-b834-808a779927bb,wallpapers/0c4ad1d4-a588-4a1b-b834-808a779927bb/full.jpeg,11,Silhouette,Silhouette (100%) | Nature (100%) | Outdoors (100%) | Sky (100%) | Night (99.99%) | Lighting (99.98%) | Sunset (99.59%) | Light (98.14%) | Car (96.8%) | Transportation (96.8%) | Vehicle (96.8%)
0b664dfb-e78d-486f-96e9-9fd5ad15baab,wallpapers/0b664dfb-e78d-486f-96e9-9fd5ad15baab/full.jpg,9,Nature,Nature (100%) | Outdoors (100%) | Sky (100%) | Sunset (100%) | Sunrise (99.49%) | Horizon (99.13%) | Sunlight (98.58%) | Water (89.26%) | Sea (74.23%)
0caf1b76-9787-4887-b058-ef6caaae89de,wallpapers/0caf1b76-9787-4887-b058-ef6caaae89de/full.png,8,Pattern,Pattern (98.84%) | Accessories (95.05%) | Spiral (92.95%) | Nature (82.3%) | Outdoors (82.3%) | Ripple (82.3%) | Water (82.3%) | Ornament (76.35%)
0ccc9fab-a1b8-4b24-b8b0-4677fa078575,wallpapers/0ccc9fab-a1b8-4b24-b8b0-4677fa078575/full.jpg,7,Art,Art (98.91%) | Graphics (98.91%) | Nature (97.3%) | Outdoors (97.3%) | Sky (97.3%) | Lighting (96.15%) | Light (92.42%)
09117e8f-a9b5-4058-a92e-1be68caa4fd5,wallpapers/09117e8f-a9b5-4058-a92e-1be68caa4fd5/full.jpg,3,Lighting,Lighting (81.11%) | Chandelier (70.17%) | Lamp (70.17%)
0b9af0ce-294a-4fdf-9e3a-0052095cc7b8,wallpapers/0b9af0ce-294a-4fdf-9e3a-0052095cc7b8/full.png,9,Purple,Purple (100%) | Pattern (99.85%) | Art (99.4%) | Modern Art (99.4%) | Graphics (95.87%) | Accessories (92.79%) | Person (91.22%) | Fractal (87.64%) | Ornament (87.64%)
0c004927-00a4-4b47-88b0-9f8280fa53d5,wallpapers/0c004927-00a4-4b47-88b0-9f8280fa53d5/full.png,12,City,City (100%) | Nature (100%) | Outdoors (100%) | Sky (100%) | Metropolis (99.86%) | Urban (99.86%) | Architecture (99.85%) | Building (99.85%) | Cityscape (99.85%) | Weather (98.91%) | Night (91.42%) | Smoke (81.27%)
0b20e321-bacf-4ab6-8a1b-5d79d45034a6,wallpapers/0b20e321-bacf-4ab6-8a1b-5d79d45034a6/full.jpg,5,Nature,Nature (100%) | Night (100%) | Outdoors (100%) | Astronomy (99.99%) | Moon (99.99%)
0cdecc53-0e44-4031-8048-b4deebbcefe0,wallpapers/0cdecc53-0e44-4031-8048-b4deebbcefe0/full.jpg,14,Purple,Purple (100%) | Lighting (100%) | Light (99.92%) | Art (98.13%) | Graphics (98.13%) | Pattern (93.7%) | Accessories (78.28%) | Fractal (78.28%) | Ornament (78.28%) | Astronomy (70.27%) | Moon (70.27%) | Nature (70.27%) | Night (70.27%) | Outdoors (70.27%)
0da80896-c47b-4a4e-b32d-0c1e74188bbc,wallpapers/0da80896-c47b-4a4e-b32d-0c1e74188bbc/full.jpg,8,Nature,Nature (100%) | Night (100%) | Outdoors (100%) | Astronomy (99.39%) | Moon (99.39%) | Sky (98.09%) | Scenery (96.37%) | Person (95.85%)
0d770e1c-e1db-45de-bbd6-1dc8e76a4604,wallpapers/0d770e1c-e1db-45de-bbd6-1dc8e76a4604/full.png,4,Wristwatch,Wristwatch (99.38%) | Arm (97.42%) | Body Part (97.42%) | Person (97.42%)
0e20116d-7788-4489-b6b7-330aa9f3defd,wallpapers/0e20116d-7788-4489-b6b7-330aa9f3defd/full.jpg,13,Silhouette,Silhouette (100%) | Adult (97.08%) | Male (97.08%) | Man (97.08%) | Person (97.08%) | Window (95.16%) | Cross (95.08%) | Symbol (95.08%) | Architecture (92.53%) | Building (92.53%) | Skylight (92.53%) | Head (78.1%) | Lighting (70.08%)
0d942cf1-052a-45d8-9159-4788c58fb64d,wallpapers/0d942cf1-052a-45d8-9159-4788c58fb64d/full.jpg,11,Purple,Purple (100%) | Art (99.95%) | Graphics (99.95%) | Lighting (99.87%) | Light (89.98%) | Pattern (84.73%) | Nature (84.03%) | Outdoors (84.03%) | Sky (84.03%) | Texture (79.14%) | Sphere (71.54%)
0e5670e4-2145-4a9a-a6f0-c916caa47477,wallpapers/0e5670e4-2145-4a9a-a6f0-c916caa47477/full.jpg,15,Nature,Nature (100%) | Outdoors (100%) | Sky (100%) | Cloud (99.96%) | Sunset (99.95%) | Scenery (99.84%) | Purple (99.83%) | Horizon (99.14%) | Architecture (98.13%) | Building (98.13%) | Cityscape (98.13%) | Urban (98.13%) | Weather (92.28%) | Cumulus (89.01%) | Road (73.5%)
0df21926-2e56-4819-a79d-55107e2f45b2,wallpapers/0df21926-2e56-4819-a79d-55107e2f45b2/full.png,5,Pattern,Pattern (100%) | Art (99.85%) | Modern Art (99.85%) | Graphics (98.57%) | Person (72.46%)
0df97cf6-242b-4a96-985c-78b47b39b00b,wallpapers/0df97cf6-242b-4a96-985c-78b47b39b00b/full.jpg,7,Nature,Nature (99.91%) | Night (99.91%) | Outdoors (99.91%) | Sea (98.67%) | Water (98.67%) | Astronomy (96.04%) | Moon (96.04%)
0de86ab9-554c-4b7b-8942-88814f005a52,wallpapers/0de86ab9-554c-4b7b-8942-88814f005a52/full.png,4,Pattern,Pattern (99.99%) | Art (99.99%) | Graphics (99.99%) | Texture (99.96%)
0e7e8993-a0e6-49d1-a3de-c1d533e7aef8,wallpapers/0e7e8993-a0e6-49d1-a3de-c1d533e7aef8/full.png,7,Nature,Nature (100%) | Outdoors (100%) | Sky (100%) | Rainbow (97.91%) | Night (94.97%) | Texture (94.23%) | Lighting (93.56%)
0d853309-da34-4f57-a963-344c198e5482,wallpapers/0d853309-da34-4f57-a963-344c198e5482/full.png,4,Home Decor,Home Decor (97.02%) | Linen (94.02%) | Pattern (83.59%) | Curtain (71.86%)
0ea94875-4981-4b54-b316-65023c9c3015,wallpapers/0ea94875-4981-4b54-b316-65023c9c3015/full.png,1,Blue,Blue (78.06%)
0eb5a4e9-6806-41f4-a949-38c2b31c4d59,wallpapers/0eb5a4e9-6806-41f4-a949-38c2b31c4d59/full.png,1,Black,Black (78.38%)
0e63fc75-469b-4866-8c00-c2cfd112eb4d,wallpapers/0e63fc75-469b-4866-8c00-c2cfd112eb4d/full.png,4,Nature,Nature (99.85%) | Outdoors (99.85%) | Plant (90.5%) | Countryside (80.77%)
0ed57236-4099-4023-9c09-401186d01c44,wallpapers/0ed57236-4099-4023-9c09-401186d01c44/full.jpg,7,Mountain,Mountain (100%) | Mountain Range (100%) | Nature (100%) | Outdoors (100%) | Peak (100%) | Scenery (99.65%) | Sky (98.34%)
0f050f21-11b2-472b-889c-e88d21b0e585,wallpapers/0f050f21-11b2-472b-889c-e88d21b0e585/full.png,4,Pattern,Pattern (99.96%) | Art (99.88%) | Graphics (99.88%) | Flag (76.33%)
0ec18317-6c01-450a-8628-67d7129af024,wallpapers/0ec18317-6c01-450a-8628-67d7129af024/full.png,12,Pattern,Pattern (100%) | Architecture (99.94%) | Building (99.94%) | Art (99.59%) | Graphics (99.59%) | Accessories (97.91%) | Fractal (97.91%) | Ornament (97.91%) | Nature (85.95%) | Night (85.95%) | Outdoors (85.95%) | Light (71.87%)
0f9f6f46-df9e-49f3-8ba8-b8d507530426,wallpapers/0f9f6f46-df9e-49f3-8ba8-b8d507530426/full.jpg,5,Brick,Brick (99.74%) | Architecture (98.86%) | Building (98.86%) | Wall (98.86%) | Urban (89.46%)
0f102909-9de3-4a3f-b5c7-837ebfa946d3,wallpapers/0f102909-9de3-4a3f-b5c7-837ebfa946d3/full.jpg,6,Astronomy,Astronomy (91.78%) | Outer Space (91.78%) | Light (82.97%) | Nature (81.22%) | Night (81.22%) | Outdoors (81.22%)
0f83733a-f5bb-48ee-a66e-342bfe351c0b,wallpapers/0f83733a-f5bb-48ee-a66e-342bfe351c0b/full.jpg,8,Silhouette,Silhouette (100%) | Nature (96.3%) | Outdoors (96.3%) | Plant (93.92%) | Tree (93.92%) | Field (77.89%) | Grassland (77.89%) | Sky (73.44%)
0fa37b50-ba00-41b8-bab9-40b17d050c5f,wallpapers/0fa37b50-ba00-41b8-bab9-40b17d050c5f/full.jpg,13,City,City (99.99%) | Road (99.99%) | Street (99.99%) | Urban (99.99%) | Cross (98.88%) | Symbol (98.88%) | Adult (95.97%) | Male (95.97%) | Man (95.97%) | Person (95.97%) | Nature (91.3%) | Night (91.3%) | Outdoors (91.3%)
101808b8-6983-45af-9a9f-828e0882898c,wallpapers/101808b8-6983-45af-9a9f-828e0882898c/full.jpeg,13,Nature,Nature (100%) | Night (100%) | Outdoors (100%) | Scenery (99.84%) | Sky (99.52%) | Mountain (92.58%) | Mountain Range (92.58%) | Peak (87.85%) | Wilderness (84.12%) | Architecture (73.8%) | Building (73.8%) | Cityscape (73.8%) | Urban (73.8%)
1076ae8f-00a4-4063-8cda-473110f850de,wallpapers/1076ae8f-00a4-4063-8cda-473110f850de/full.jpg,5,Paper,Paper (100%) | Confetti (97.97%) | Electronics (89.22%) | Mobile Phone (89.22%) | Phone (89.22%)
10631fb8-0aac-4548-9555-b46bfb91bc9b,wallpapers/10631fb8-0aac-4548-9555-b46bfb91bc9b/full.jpg,6,Purple,Purple (99.68%) | Light (88.93%) | Art (81.53%) | Person (79.51%) | Symbol (78.25%) | Outdoors (75.66%)
0f7ce381-6b77-4009-b2f7-cc20c3475d31,wallpapers/0f7ce381-6b77-4009-b2f7-cc20c3475d31/full.png,6,Mountain,Mountain (100%) | Mountain Range (100%) | Nature (100%) | Outdoors (100%) | Peak (100%) | Scenery (93.1%)
0ec41c09-3c9b-482f-a85e-0d5ee0a5bda6,wallpapers/0ec41c09-3c9b-482f-a85e-0d5ee0a5bda6/full.png,4,Texture,Texture (100%) | Nature (97.22%) | Outdoors (97.22%) | Water (95.85%)
1121b857-fb2f-4d4c-a71c-50c57b3e708a,wallpapers/1121b857-fb2f-4d4c-a71c-50c57b3e708a/full.jpg,8,Lighting,Lighting (99.4%) | Urban (99.27%) | City (99.02%) | Light (92.52%) | Pattern (92.35%) | Paper (86.44%) | Metropolis (77.92%) | Outdoors (76.09%)
10d568ce-37bc-41af-a52b-118321d923aa,wallpapers/10d568ce-37bc-41af-a52b-118321d923aa/full.png,0,,
0f08e45b-6dc4-45e7-9f98-1a474676e9b0,wallpapers/0f08e45b-6dc4-45e7-9f98-1a474676e9b0/full.jpg,3,Flower,Flower (100%) | Plant (100%) | Dandelion (80.45%)
114b64da-589f-4ce4-bedc-8811e577f086,wallpapers/114b64da-589f-4ce4-bedc-8811e577f086/full.png,13,Silhouette,Silhouette (99.86%) | Person (98.49%) | Nature (96.67%) | Outdoors (96.67%) | Sky (96.67%) | People (96.42%) | Photography (93.6%) | Adventure (93.49%) | Hiking (93.49%) | Leisure Activities (93.49%) | Gun (81.81%) | Weapon (81.81%) | Firearm (71.31%)
12155ae3-d449-45e8-8dc3-a4bd7f258385,wallpapers/12155ae3-d449-45e8-8dc3-a4bd7f258385/full.jpg,10,Nature,Nature (100%) | Outdoors (100%) | Water (100%) | Sea (99.98%) | Sky (99.84%) | Coast (95.1%) | Shoreline (95.1%) | Night (93.44%) | Underwater (92.89%) | Ocean Floor (89.56%)
1152f22a-8cd4-46ca-9998-56d73f549c50,wallpapers/1152f22a-8cd4-46ca-9998-56d73f549c50/full.png,3,Architecture,Architecture (100%) | Building (100%) | Black (73.92%)
11f78471-c1f2-4c21-afc7-e84bcbd7091b,wallpapers/11f78471-c1f2-4c21-afc7-e84bcbd7091b/full.png,9,Purple,Purple (99.99%) | Lighting (99.94%) | Texture (99.1%) | Light (95.87%) | Nature (88.65%) | Outdoors (88.65%) | Sky (88.65%) | Pattern (83.08%) | Night (70.93%)
123be1c5-cf33-4341-9ebd-0a7b00469717,wallpapers/123be1c5-cf33-4341-9ebd-0a7b00469717/full.jpg,10,Nature,Nature (100%) | Night (100%) | Outdoors (100%) | Sky (99.59%) | Scenery (99.51%) | Starry Sky (99.44%) | Landscape (98.17%) | Horizon (86.23%) | Rock (83.42%) | Person (71.41%)
11ce33ed-cba4-4dbc-9bc8-b2fae4883846,wallpapers/11ce33ed-cba4-4dbc-9bc8-b2fae4883846/full.jpg,4,Leaf,Leaf (100%) | Plant (100%) | Green (99.79%) | Texture (99%)
114d90ed-9b2a-4d66-aa80-e1c8e78ca23e,wallpapers/114d90ed-9b2a-4d66-aa80-e1c8e78ca23e/full.jpg,8,Tunnel,Tunnel (99.26%) | Nature (99%) | Outdoors (99%) | Road (94.79%) | Person (94.61%) | Snow (78.99%) | Weather (76.16%) | Winter (70.33%)
117f571b-55c9-4b81-ae09-3a232166fb21,wallpapers/117f571b-55c9-4b81-ae09-3a232166fb21/full.jpg,4,Nature,Nature (99.98%) | Outdoors (99.98%) | Sky (99.98%) | Sunrise (99.97%)
12be45d8-46bc-4459-8a86-75281233ac36,wallpapers/12be45d8-46bc-4459-8a86-75281233ac36/full.png,1,Blue,Blue (87.67%)
1241255d-a802-429b-bd00-ad2e56083600,wallpapers/1241255d-a802-429b-bd00-ad2e56083600/full.jpg,5,Nature,Nature (100%) | Outdoors (100%) | Sky (100%) | Horizon (99.96%) | Azure Sky (72.53%)
1394cc92-a86a-412f-9eac-bf29feffc726,wallpapers/1394cc92-a86a-412f-9eac-bf29feffc726/full.png,0,,
1441734f-0dbb-4542-b0d4-8a247a6ce12a,wallpapers/1441734f-0dbb-4542-b0d4-8a247a6ce12a/full.jpg,5,Architecture,Architecture (80.59%) | Building (80.59%) | Tower (80.59%) | Eiffel Tower (73.9%) | Landmark (73.9%)
1242a8af-fe71-46e0-90d4-dc3f68fea2fe,wallpapers/1242a8af-fe71-46e0-90d4-dc3f68fea2fe/full.jpg,6,Aquatic,Aquatic (97.24%) | Water (97.24%) | Nature (80.52%) | Outdoors (80.52%) | Animal (73.44%) | Sea Life (73.44%)
145f64e6-c3f8-4387-9fe9-09755a11612d,wallpapers/145f64e6-c3f8-4387-9fe9-09755a11612d/full.jpeg,7,Animal,Animal (98.94%) | Gecko (98.94%) | Lizard (98.94%) | Reptile (98.94%) | Water (95.12%) | Outdoors (92.9%) | Nature (91.02%)
13c05c0b-8e92-4c04-9bf7-fbfbb25045f0,wallpapers/13c05c0b-8e92-4c04-9bf7-fbfbb25045f0/full.png,9,Balloon,Balloon (99.98%) | Art (87.48%) | Modern Art (87.48%) | Hockey (82.51%) | Ice Hockey (82.51%) | Ice Hockey Puck (82.51%) | Rink (82.51%) | Skating (82.51%) | Sport (82.51%)
1517d77e-d054-45f8-832f-d69652ac42d1,wallpapers/1517d77e-d054-45f8-832f-d69652ac42d1/full.jpg,7,Arrow,Arrow (99.45%) | Weapon (99.45%) | Archer (98.76%) | Archery (98.76%) | Bow (98.76%) | Person (98.76%) | Sport (98.76%)
1480a0b2-4f3d-49f1-842e-9fe835b6e9a2,wallpapers/1480a0b2-4f3d-49f1-842e-9fe835b6e9a2/full.png,5,Art,Art (99.99%) | Graphics (99.99%) | Pattern (95.66%) | Maroon (74.54%) | Accessories (73.56%)
15479e8c-6b7c-4aa9-9264-f8d3ba25d6e0,wallpapers/15479e8c-6b7c-4aa9-9264-f8d3ba25d6e0/full.png,4,Dynamite,Dynamite (80.3%) | Weapon (80.3%) | Art (76.83%) | Graphics (76.83%)
1444c772-2c21-4e85-bfb0-6c1734713d7e,wallpapers/1444c772-2c21-4e85-bfb0-6c1734713d7e/full.jpg,6,Nature,Nature (99.99%) | Outdoors (99.99%) | Desert (99.77%) | Dune (98.94%) | Sand (98.94%) | Scenery (80.38%)
16029af4-8371-4ea4-9a46-5976c78287b1,wallpapers/16029af4-8371-4ea4-9a46-5976c78287b1/full.jpeg,5,Astronomy,Astronomy (94.5%) | Outer Space (91.62%) | Nature (85.25%) | Night (85.25%) | Outdoors (85.25%)
15a21ad9-72a3-4ca1-b451-a2d238dddfe3,wallpapers/15a21ad9-72a3-4ca1-b451-a2d238dddfe3/full.jpg,5,Nature,Nature (99.99%) | Outdoors (99.99%) | Sky (99.99%) | Night (99.88%) | Horizon (98.74%)
1500248b-a6b6-4145-843a-2b935315fe69,wallpapers/1500248b-a6b6-4145-843a-2b935315fe69/full.png,6,Nature,Nature (99.46%) | Night (99.46%) | Outdoors (99.46%) | Starry Sky (83.8%) | Person (79.48%) | Sky (75.11%)
1607ca4f-6002-4754-8523-a1fb869b27f9,wallpapers/1607ca4f-6002-4754-8523-a1fb869b27f9/full.png,5,Nature,Nature (100%) | Outdoors (100%) | Sky (100%) | Sun (100%) | Night (82.42%)
16b1c410-e64e-4d78-beaf-24f9e0b56352,wallpapers/16b1c410-e64e-4d78-beaf-24f9e0b56352/full.jpg,6,Pattern,Pattern (99.92%) | Person (95.64%) | Accessories (85.16%) | Art (84.37%) | Modern Art (74.27%) | Graphics (70.03%)
15cfa025-91bf-4ebd-bbe4-61e53a10f766,wallpapers/15cfa025-91bf-4ebd-bbe4-61e53a10f766/full.png,6,Art,Art (100%) | Modern Art (100%) | Painting (99.79%) | Graphics (99.35%) | Home Decor (99.31%) | Person (81.24%)
161d8bcd-8657-4a4e-bae6-5cc919db0940,wallpapers/161d8bcd-8657-4a4e-bae6-5cc919db0940/full.png,5,Page,Page (99.91%) | Text (99.91%) | Texture (85.73%) | Paper (84.07%) | Pattern (83.84%)
16bc0b87-8708-44c3-8a63-f6a312bdf075,wallpapers/16bc0b87-8708-44c3-8a63-f6a312bdf075/full.png,6,Lighting,Lighting (99.94%) | Sphere (99.93%) | Pattern (98.1%) | Light (77.13%) | Electronics (77.12%) | Screen (77.12%)
16f932c4-ac20-407f-8e95-474789eac6a9,wallpapers/16f932c4-ac20-407f-8e95-474789eac6a9/full.jpg,6,Adult,Adult (99.3%) | Male (99.3%) | Man (99.3%) | Person (99.3%) | Logo (93.7%) | Head (75.94%)
180fc688-367a-48d5-b206-c9b1bd7ed829,wallpapers/180fc688-367a-48d5-b206-c9b1bd7ed829/full.png,8,Body Part,Body Part (96.63%) | Face (96.63%) | Head (96.63%) | Neck (96.63%) | Person (96.63%) | Mouth (89.19%) | Nature (76.86%) | Outdoors (76.86%)
18693997-4fbc-44d0-b749-ecf634c741b2,wallpapers/18693997-4fbc-44d0-b749-ecf634c741b2/full.png,14,Outdoors,Outdoors (99.85%) | Nature (99.85%) | Scenery (99.82%) | Wilderness (99.76%) | Mountain (99.33%) | Mountain Range (99.33%) | Landscape (99.18%) | Peak (99.11%) | Person (84.4%) | Water (83.59%) | Plant (78.68%) | Tree (78.68%) | Art (77.11%) | Vegetation (76.88%)
170c80d7-7914-4568-854a-5bb1b7ad3949,wallpapers/170c80d7-7914-4568-854a-5bb1b7ad3949/full.png,1,Electrical Device,Electrical Device (71.73%)
17c53fd7-d42a-4a6c-9a89-a604f9920295,wallpapers/17c53fd7-d42a-4a6c-9a89-a604f9920295/full.jpg,13,Leisure Activities,Leisure Activities (100%) | Person (100%) | Sport (100%) | Swimming (100%) | Water (100%) | Water Sports (100%) | Nature (99.99%) | Outdoors (99.99%) | Sea (99.99%) | Sea Waves (99.53%) | Boat (96%) | Transportation (96%) | Vehicle (96%)
17123c41-d230-4f01-b709-938f63804a0b,wallpapers/17123c41-d230-4f01-b709-938f63804a0b/full.png,9,Nature,Nature (99.99%) | Outdoors (99.99%) | Sky (99.99%) | Mountain (99.6%) | Sunrise (98.2%) | Mountain Range (95.98%) | Peak (90.76%) | Scenery (77.44%) | Art (70.59%)
19b656f9-a470-4935-be8b-cc1a221acbbb,wallpapers/19b656f9-a470-4935-be8b-cc1a221acbbb/full.jpeg,3,Person,Person (97.56%) | Antelope Canyon (93.05%) | Landmark (93.05%)
18a11513-f156-4602-931b-a8ef4c82595f,wallpapers/18a11513-f156-4602-931b-a8ef4c82595f/full.png,6,Person,Person (89.28%) | Outdoors (85.23%) | Nature (72.86%) | Pattern (72.44%) | Ice (70.99%) | Turquoise (70.66%)
175ae946-05fd-4aea-b4c7-b54bbee2ef85,wallpapers/175ae946-05fd-4aea-b4c7-b54bbee2ef85/full.png,12,Pattern,Pattern (99.99%) | Nature (99.92%) | Outdoors (99.92%) | Sky (99.92%) | Accessories (99.89%) | Fractal (99.88%) | Ornament (99.88%) | Lighting (98.54%) | Night (97.95%) | Disk (91.71%) | Light (87.64%) | Art (78.02%)
199bb437-9441-408b-99d5-8e79ac2a2a3c,wallpapers/199bb437-9441-408b-99d5-8e79ac2a2a3c/full.png,12,Nature,Nature (100%) | Night (100%) | Outdoors (100%) | Art (99.89%) | Graphics (99.89%) | Sky (99.75%) | Light (99.41%) | Green (99.16%) | Sphere (92.91%) | Pattern (76.51%) | Lighting (75.71%) | Accessories (75.16%)
19da9c17-f0a3-4f1c-8e0f-6138bc6e34e2,wallpapers/19da9c17-f0a3-4f1c-8e0f-6138bc6e34e2/full.png,5,Nature,Nature (100%) | Night (100%) | Outdoors (100%) | Sky (100%) | Aurora (86.47%)
19f5dbed-6646-4325-9547-c77ef152ce5e,wallpapers/19f5dbed-6646-4325-9547-c77ef152ce5e/full.jpg,8,Horizon,Horizon (100%) | Nature (100%) | Outdoors (100%) | Sky (100%) | Sunset (99.01%) | Scenery (98.81%) | Sunrise (94.12%) | Night (80.72%)
1a6cbcb4-9740-401f-a38d-26ecf40f05a8,wallpapers/1a6cbcb4-9740-401f-a38d-26ecf40f05a8/full.png,4,Pattern,Pattern (99.85%) | Art (97.36%) | Modern Art (97.36%) | Person (83.55%)
1a3da916-13fc-40e2-9743-e3d4ac917e86,wallpapers/1a3da916-13fc-40e2-9743-e3d4ac917e86/full.jpg,13,City,City (100%) | Urban (99.98%) | Architecture (99.9%) | Building (99.9%) | Cityscape (99.9%) | Road (99.51%) | Street (99.51%) | Water (98.36%) | Outdoors (98.35%) | Nature (93.85%) | Canal (87.64%) | Flare (84.9%) | Light (84.9%)
190b5ae7-7353-4308-b895-c8ea94d88f9a,wallpapers/190b5ae7-7353-4308-b895-c8ea94d88f9a/full.png,5,Texture,Texture (98.27%) | Pattern (94.39%) | Person (87.2%) | Accessories (80.61%) | Art (71.66%)
1938e6a4-d8ae-4851-a5ba-a8cd094b63d2,wallpapers/1938e6a4-d8ae-4851-a5ba-a8cd094b63d2/full.png,5,Nature,Nature (99.99%) | Outdoors (99.99%) | Sky (99.99%) | Rainbow (99.33%) | Night (95.75%)
1ab22092-7c61-4dec-b06a-ef8301efe87d,wallpapers/1ab22092-7c61-4dec-b06a-ef8301efe87d/full.jpg,6,Architecture,Architecture (99.95%) | Building (99.95%) | Tower (99.95%) | Office Building (99.62%) | City (99.58%) | Urban (93.38%)
1b4ed7e6-e776-48f2-83b0-fb40b4a1a562,wallpapers/1b4ed7e6-e776-48f2-83b0-fb40b4a1a562/full.jpg,6,Nature,Nature (100%) | Night (100%) | Outdoors (100%) | Starry Sky (99.85%) | Light (98.9%) | Purple (95.57%)
1b3b6aff-3a6d-49f1-add6-52446cb9726b,wallpapers/1b3b6aff-3a6d-49f1-add6-52446cb9726b/full.jpg,12,Boat,Boat (99.99%) | Canoe (99.99%) | Canoeing (99.99%) | Leisure Activities (99.99%) | Person (99.99%) | Rowboat (99.99%) | Sport (99.99%) | Transportation (99.99%) | Vehicle (99.99%) | Water (99.99%) | Water Sports (99.99%) | Kayak (95.5%)
1b6169c4-7c09-4c11-b791-cdb52dbdd4db,wallpapers/1b6169c4-7c09-4c11-b791-cdb52dbdd4db/full.png,10,Nature,Nature (100%) | Outdoors (100%) | Sky (100%) | Night (100%) | Art (99.94%) | Graphics (99.94%) | Light (91.6%) | Pattern (91.44%) | Accessories (81.26%) | Aurora (74.46%)
1af56382-c586-4cc4-b2ba-9c3ab681b8cb,wallpapers/1af56382-c586-4cc4-b2ba-9c3ab681b8cb/full.jpg,15,Nature,Nature (100%) | Night (100%) | Outdoors (100%) | Plant (99.82%) | Tree (99.82%) | Moon (99.65%) | Silhouette (97.75%) | Person (96.26%) | Bicycle (93.38%) | Vehicle (93.38%) | Water (90.97%) | Machine (90.45%) | Wheel (90.45%) | Fishing (80.84%) | Bird (75.53%)
1b017204-2cb9-4107-b73e-024e541f0213,wallpapers/1b017204-2cb9-4107-b73e-024e541f0213/full.png,4,Texture,Texture (99.45%) | Nature (99.27%) | Outdoors (99.27%) | Sky (98.86%)
1a7107c0-37e8-4e18-b7d2-b09747e880ae,wallpapers/1a7107c0-37e8-4e18-b7d2-b09747e880ae/full.jpg,8,Nature,Nature (100%) | Outdoors (100%) | Sea (100%) | Water (100%) | Sea Waves (99.32%) | Coast (98.47%) | Shoreline (98.47%) | Person (78.84%)
1b76c72b-5794-4f40-8950-aa3305c88f82,wallpapers/1b76c72b-5794-4f40-8950-aa3305c88f82/full.jpg,15,Angel,Angel (98.74%) | Clothing (94.47%) | Hoodie (94.47%) | Knitwear (94.47%) | Sweater (94.47%) | Sweatshirt (94.47%) | Adult (93.98%) | Male (93.98%) | Man (93.98%) | Person (93.98%) | Photography (83.49%) | Glove (78.44%) | Coat (75.68%) | Jacket (75.68%) | Outdoors (71.93%)
1bfd566d-44dd-4c5b-bbbf-9719706f4b83,wallpapers/1bfd566d-44dd-4c5b-bbbf-9719706f4b83/full.jpeg,14,Nature,Nature (100%) | Outdoors (100%) | Sea (100%) | Water (100%) | Shoreline (99.85%) | Coast (99.84%) | Architecture (95.94%) | Building (95.94%) | Aerial View (95%) | Cityscape (93.49%) | Urban (93.49%) | Boat (85.27%) | Transportation (85.27%) | Vehicle (85.27%)
1c3dbd90-d34d-45c5-9cf0-ec30d3bbcb40,wallpapers/1c3dbd90-d34d-45c5-9cf0-ec30d3bbcb40/full.jpeg,9,Person,Person (97.96%) | Computer (87.63%) | Electronics (87.63%) | Pc (87.63%) | Computer Hardware (86.79%) | Hardware (86.79%) | Monitor (86.79%) | Screen (86.79%) | Head (72.7%)
1be35665-1217-4aaf-a507-e11c566e10fd,wallpapers/1be35665-1217-4aaf-a507-e11c566e10fd/full.png,7,Nature,Nature (99.93%) | Outdoors (99.93%) | Sky (99.93%) | Texture (99.69%) | Art (90.94%) | Person (87.59%) | Rainbow (80.92%)
1c94d6cf-7e82-48e9-8cb6-e8d7f6d5ca6f,wallpapers/1c94d6cf-7e82-48e9-8cb6-e8d7f6d5ca6f/full.jpg,14,City,City (100%) | Urban (100%) | Road (100%) | Street (100%) | Alley (98.66%) | Person (96.79%) | Metropolis (88.45%) | Architecture (83.64%) | Building (83.64%) | Post Apocalyptic (80.95%) | Ball (78.68%) | Basketball (78.68%) | Basketball (Ball) (78.68%) | Sport (78.68%)
1c8d11dc-b8bc-47f6-a324-d3debc68b6f4,wallpapers/1c8d11dc-b8bc-47f6-a324-d3debc68b6f4/full.jpg,8,Face,Face (100%) | Head (100%) | Person (100%) | Photography (100%) | Portrait (100%) | Adult (98.81%) | Female (98.81%) | Woman (98.81%)
1cab6d5f-ba13-42ec-8598-8bfb8e577a52,wallpapers/1cab6d5f-ba13-42ec-8598-8bfb8e577a52/full.png,7,Sphere,Sphere (99.98%) | Texture (99.23%) | Pattern (97.74%) | Nature (97.73%) | Outdoors (97.73%) | Sky (97.73%) | Art (84.14%)
1d0a2bec-582e-4f91-bae9-e9e2d32567a5,wallpapers/1d0a2bec-582e-4f91-bae9-e9e2d32567a5/full.jpg,7,Silhouette,Silhouette (99.54%) | Nature (97.46%) | Night (97.46%) | Outdoors (97.46%) | Lighting (97.44%) | Person (94.86%) | Light (86.38%)
1d24917c-fe74-4600-9270-ddd0c5b1a268,wallpapers/1d24917c-fe74-4600-9270-ddd0c5b1a268/full.jpeg,9,Accessories,Accessories (100%) | Strap (100%) | Camera (99.97%) | Electronics (99.97%) | Photography (99.94%) | Adult (92.04%) | Male (92.04%) | Man (92.04%) | Person (92.04%)
1d00ed1c-afc1-4bc9-93db-20f297012157,wallpapers/1d00ed1c-afc1-4bc9-93db-20f297012157/full.jpg,6,Leaf,Leaf (100%) | Plant (100%) | Green (99.51%) | Tree (97.74%) | Vegetation (94.85%) | Flower (77.8%)
1d3ccc80-f728-40de-bf52-92de63349fd7,wallpapers/1d3ccc80-f728-40de-bf52-92de63349fd7/full.jpg,2,Light,Light (99.97%) | Lighting (99.51%)
1d07b4ec-27f6-4269-bfe4-54a9faead861,wallpapers/1d07b4ec-27f6-4269-bfe4-54a9faead861/full.png,9,Art,Art (100%) | Graphics (100%) | Pattern (99.67%) | Accessories (91.9%) | Fractal (91.9%) | Ornament (91.9%) | Light (83.93%) | Modern Art (81.71%) | Texture (79.82%)
1ca01dd9-f2e1-4ac1-8652-4bb97c6887fc,wallpapers/1ca01dd9-f2e1-4ac1-8652-4bb97c6887fc/full.jpg,15,Nature,Nature (99.97%) | Outdoors (99.97%) | Promontory (99.95%) | Water (99.95%) | Sky (99.95%) | Night (99.86%) | Sea (99.74%) | Cliff (99.67%) | Rock (99.63%) | Land (99.55%) | Scenery (99.48%) | Coast (90.55%) | Shoreline (90.55%) | Horizon (87.84%) | Landscape (75.45%)
1d4afcc2-394d-402a-8ae7-4bbc75beffa6,wallpapers/1d4afcc2-394d-402a-8ae7-4bbc75beffa6/full.jpg,15,Outdoors,Outdoors (100%) | Shelter (100%) | Grass (100%) | Landscape (99.97%) | Nature (99.97%) | Vegetation (99.96%) | Tree (99.95%) | Scenery (99.95%) | Spire (99.63%) | Mountain Range (99.35%) | Peak (99.35%) | Grove (98.06%) | Housing (97.12%) | Fir (95.69%) | House (90.81%)
1d938d4d-b963-4d03-b1bd-6f76a5e7ad19,wallpapers/1d938d4d-b963-4d03-b1bd-6f76a5e7ad19/full.png,8,Pattern,Pattern (99.88%) | Texture (99.67%) | Chess (98.26%) | Game (98.26%) | Light (85.88%) | Art (79.9%) | Purple (77.18%) | Accessories (74.99%)
1daa48dc-40bc-43ac-934c-8e3e99c07a64,wallpapers/1daa48dc-40bc-43ac-934c-8e3e99c07a64/full.jpg,5,Nature,Nature (100%) | Night (100%) | Outdoors (100%) | Starry Sky (100%) | Sky (99.98%)
1dcbba10-5081-4dfd-91cc-5281a9f84532,wallpapers/1dcbba10-5081-4dfd-91cc-5281a9f84532/full.jpg,2,Pattern,Pattern (96.46%) | Texture (85.21%)
1e967e4f-2649-4eec-83f6-275c36301c53,wallpapers/1e967e4f-2649-4eec-83f6-275c36301c53/full.png,2,Art,Art (100%) | Graphics (100%)
1e9c384e-ad4a-48aa-b83d-9c4d4dc28e2e,wallpapers/1e9c384e-ad4a-48aa-b83d-9c4d4dc28e2e/full.png,3,Architecture,Architecture (94.85%) | Building (94.85%) | Black (80.1%)
1d371cce-ad20-41dd-905c-9dcc533b246c,wallpapers/1d371cce-ad20-41dd-905c-9dcc533b246c/full.png,6,Texture,Texture (97.87%) | Paper (97.34%) | Home Decor (91.95%) | Pattern (84.33%) | Nature (70.58%) | Outdoors (70.58%)
1d652205-4cee-4451-985a-62a664a82186,wallpapers/1d652205-4cee-4451-985a-62a664a82186/full.png,7,Nature,Nature (100%) | Outdoors (100%) | Sky (100%) | Sunset (100%) | Sunrise (99.86%) | Sunlight (99.81%) | Texture (95.47%)
1e8be177-6800-4e25-810f-b6e94b58312a,wallpapers/1e8be177-6800-4e25-810f-b6e94b58312a/full.png,14,City,City (100%) | Metropolis (100%) | Urban (100%) | Silhouette (99.99%) | Nature (99.96%) | Night (99.96%) | Outdoors (99.96%) | Architecture (99.87%) | Building (99.87%) | Spire (99.87%) | Tower (99.87%) | Cityscape (99.83%) | Sky (98.82%) | Lighting (87.75%)
1f9ffcf4-cd89-459c-a09f-934fb447a34d,wallpapers/1f9ffcf4-cd89-459c-a09f-934fb447a34d/full.jpg,7,Art,Art (84.07%) | Floral Design (84.07%) | Graphics (84.07%) | Pattern (84.07%) | Flower (82.71%) | Plant (82.71%) | Person (70.42%)
1f624651-4a5e-41c9-8ef2-4061d5ba522f,wallpapers/1f624651-4a5e-41c9-8ef2-4061d5ba522f/full.png,12,Art,Art (100%) | Graphics (100%) | Pattern (99.91%) | Lighting (99.86%) | Accessories (99.52%) | Fractal (99.52%) | Ornament (99.52%) | Nature (91.91%) | Outdoors (91.91%) | Sky (91.91%) | Modern Art (81.11%) | Night (73.09%)
1fa3e601-81bc-41aa-842c-96a0d23c2aa2,wallpapers/1fa3e601-81bc-41aa-842c-96a0d23c2aa2/full.png,10,Pattern,Pattern (96.78%) | Astronomy (95.76%) | Nebula (95.76%) | Outer Space (95.76%) | Accessories (92.07%) | Fractal (88.85%) | Ornament (88.85%) | Nature (80.85%) | Night (80.85%) | Outdoors (80.85%)
1f85dfe5-3482-4844-b604-6f1540507935,wallpapers/1f85dfe5-3482-4844-b604-6f1540507935/full.png,9,Maroon,Maroon (99.98%) | Art (99.97%) | Graphics (99.97%) | Lighting (97.71%) | Light (94.95%) | Machine (92.29%) | Wheel (92.29%) | Pattern (91.81%) | Texture (84.27%)
1e17d488-dc08-4bd9-92fe-c70e69de6c6e,wallpapers/1e17d488-dc08-4bd9-92fe-c70e69de6c6e/full.png,7,Mountain,Mountain (100%) | Nature (100%) | Outdoors (100%) | Person (86.82%) | Texture (84.54%) | Ice (81.18%) | Glacier (78.36%)
1f6ccc90-5549-414a-acbe-9e909dcd8c43,wallpapers/1f6ccc90-5549-414a-acbe-9e909dcd8c43/full.png,10,Herbal,Herbal (100%) | Herbs (100%) | Leaf (100%) | Plant (100%) | Green (100%) | Art (99.66%) | Graphics (99.66%) | Vegetation (93.03%) | Floral Design (81.35%) | Pattern (81.35%)
2030fe6d-d2db-4a09-b522-dcd6f09a809a,wallpapers/2030fe6d-d2db-4a09-b522-dcd6f09a809a/full.png,8,Nature,Nature (99.99%) | Outdoors (99.99%) | Sky (99.99%) | Mountain (99.55%) | Sunrise (96.3%) | Night (77.79%) | Astronomy (75.8%) | Moon (75.8%)
1f15f7e4-9f2e-45b5-af41-9ddccf135ede,wallpapers/1f15f7e4-9f2e-45b5-af41-9ddccf135ede/full.jpg,8,Land,Land (100%) | Nature (100%) | Outdoors (100%) | Plant (100%) | Tree (100%) | Vegetation (100%) | Woodland (100%) | Aerial View (99.61%)
1faea51c-3e7d-4ab4-9cdf-c3e3f66d591e,wallpapers/1faea51c-3e7d-4ab4-9cdf-c3e3f66d591e/full.jpg,15,Leaf,Leaf (100%) | Plant (100%) | Nature (100%) | Outdoors (100%) | Sky (100%) | Tree (99.97%) | Sunlight (99.85%) | Summer (99.48%) | Green (98.98%) | Scenery (97.85%) | Vegetation (95.45%) | Oak (85.2%) | Sycamore (85.2%) | Flare (84.74%) | Light (84.74%)
20fc6c43-5388-4604-8809-d5e88f4af3af,wallpapers/20fc6c43-5388-4604-8809-d5e88f4af3af/full.png,9,Art,Art (99.68%) | Graphics (99.68%) | Lighting (98.67%) | Purple (95.48%) | Light (80.6%) | Texture (77.16%) | Nature (76.71%) | Outdoors (76.71%) | Sky (76.71%)
2050249a-6a96-486b-809a-bae5ecfd38e6,wallpapers/2050249a-6a96-486b-809a-bae5ecfd38e6/full.jpg,10,Adult,Adult (99.32%) | Female (99.32%) | Person (99.32%) | Woman (99.32%) | Book (97.64%) | Comics (97.64%) | Publication (97.64%) | Face (93.53%) | Head (93.53%) | Cartoon (93.01%)
2105e827-570c-4b96-a1ce-2cb700218105,wallpapers/2105e827-570c-4b96-a1ce-2cb700218105/full.jpg,10,Lighting,Lighting (99.97%) | Flare (99.86%) | Light (99.86%) | Mountain (99.39%) | Nature (99.39%) | Outdoors (99.39%) | Pattern (75.85%) | Face (72.32%) | Head (72.32%) | Person (72.32%)
2000c748-53e3-47ec-97ff-8cc15fbc1b66,wallpapers/2000c748-53e3-47ec-97ff-8cc15fbc1b66/full.png,9,Green,Green (100%) | Grass (99.31%) | Plant (99.31%) | Leaf (99.15%) | Weed (99.09%) | Pattern (85.12%) | Art (79.39%) | Floral Design (79.39%) | Graphics (79.39%)
21311a7a-357e-407a-8ce1-0de98e1111fc,wallpapers/21311a7a-357e-407a-8ce1-0de98e1111fc/full.jpg,4,Purple,Purple (99.99%) | Art (86.98%) | Graphics (86.98%) | Texture (79.82%)
20484e0b-5f8b-49ae-bd18-8f2ac6a738a1,wallpapers/20484e0b-5f8b-49ae-bd18-8f2ac6a738a1/full.png,11,Nature,Nature (99.88%) | Outdoors (99.88%) | Sky (99.88%) | Mountain (95.77%) | Mountain Range (95.77%) | Peak (95.77%) | Art (82.81%) | Sea (78.64%) | Water (78.64%) | Person (77.83%) | Scenery (72.21%)
2166b40d-1398-4c62-ac59-d89b57ea64e5,wallpapers/2166b40d-1398-4c62-ac59-d89b57ea64e5/full.jpg,7,Machine,Machine (100%) | Motor (100%) | Engine (99.99%) | Outdoors (99.69%) | Windmill (99.69%) | Turbine (85.78%) | Wind Turbine (85.78%)
21a4ba7e-c1f0-4d8c-b739-303cb54f66f3,wallpapers/21a4ba7e-c1f0-4d8c-b739-303cb54f66f3/full.jpg,13,Art,Art (99.91%) | Graphics (99.91%) | Pattern (99.75%) | Light (96.93%) | Accessories (94.8%) | Fractal (94.8%) | Ornament (94.8%) | Nature (85.25%) | Night (85.25%) | Outdoors (85.25%) | Lighting (84.42%) | Architecture (72.12%) | Building (72.12%)
21725881-2e13-4c84-9b67-ca0cccaf622f,wallpapers/21725881-2e13-4c84-9b67-ca0cccaf622f/full.png,15,City,City (100%) | Road (100%) | Street (100%) | Urban (100%) | Metropolis (99.99%) | Tarmac (99.89%) | Car (93.94%) | Transportation (93.94%) | Vehicle (93.94%) | Freeway (92.61%) | Highway (92.61%) | Night (85.25%) | Outdoors (85.25%) | Lighting (82.92%) | Path (81.46%)
21c01603-dd6b-427c-95b7-c61752c4ccd7,wallpapers/21c01603-dd6b-427c-95b7-c61752c4ccd7/full.jpeg,3,Purple,Purple (100%) | Texture (99.74%) | Silk (74.4%)
22bbdb0a-a222-4418-8426-f4246b1e5b90,wallpapers/22bbdb0a-a222-4418-8426-f4246b1e5b90/full.png,8,Art,Art (99.97%) | Graphics (99.97%) | Nature (99.8%) | Outdoors (99.8%) | Sky (99.8%) | Texture (93.65%) | Light (92.71%) | Pattern (88.47%)
2324e026-799a-4d69-b55a-223a1f7a6dc3,wallpapers/2324e026-799a-4d69-b55a-223a1f7a6dc3/full.jpg,11,City,City (100%) | Urban (100%) | Metropolis (99.97%) | Architecture (98.68%) | Building (98.68%) | Cityscape (98.68%) | Tower (92.75%) | Nature (87.85%) | Night (87.85%) | Outdoors (87.85%) | Office Building (78.83%)
237ee531-c032-4fc1-b175-fba2d88e4ddb,wallpapers/237ee531-c032-4fc1-b175-fba2d88e4ddb/full.png,14,City,City (100%) | Metropolis (100%) | Urban (100%) | Architecture (99.66%) | Building (99.66%) | Cityscape (99.66%) | Nature (99.35%) | Outdoors (99.35%) | Weather (98.78%) | High Rise (97.97%) | Sky (96.24%) | Tower (92.7%) | Smoke (79.39%) | Sunset (77.04%)
2374bb9c-4575-4e12-8760-f6e4f07e9c5e,wallpapers/2374bb9c-4575-4e12-8760-f6e4f07e9c5e/full.jpg,4,Person,Person (92.57%) | Face (77.08%) | Head (77.08%) | Outdoors (73.24%)
21fb9f46-7eb7-43ee-94ce-4f225342e243,wallpapers/21fb9f46-7eb7-43ee-94ce-4f225342e243/full.png,5,Light,Light (99.91%) | Traffic Light (78.55%) | Nature (70.76%) | Night (70.76%) | Outdoors (70.76%)
2258b24b-bd8c-43af-9541-9738a7bd48cc,wallpapers/2258b24b-bd8c-43af-9541-9738a7bd48cc/full.png,9,Accessories,Accessories (97.14%) | Outdoors (95.57%) | Nature (95.46%) | Water (93.15%) | Pattern (92%) | Machine (91.02%) | Wheel (91.02%) | Ripple (89.34%) | Ornament (84.72%)
21d4a29c-349f-493b-a350-7fd86c481b5d,wallpapers/21d4a29c-349f-493b-a350-7fd86c481b5d/full.jpg,8,Leaf,Leaf (100%) | Plant (100%) | Vegetation (99.83%) | Fern (99.64%) | Tree (94.96%) | Jungle (76.46%) | Nature (76.46%) | Outdoors (76.46%)
22324022-80d9-4176-a1be-07d7914115d8,wallpapers/22324022-80d9-4176-a1be-07d7914115d8/full.png,11,Lighting,Lighting (100%) | Purple (100%) | Light (99.99%) | Art (98.85%) | Graphics (98.85%) | Pattern (96.93%) | Person (92.58%) | Neon (85.21%) | Accessories (84.8%) | Fractal (73.04%) | Ornament (73.04%)
230c6204-3b5d-408e-a247-ffdfd119fc3d,wallpapers/230c6204-3b5d-408e-a247-ffdfd119fc3d/full.png,7,Art,Art (89.35%) | Modern Art (89.35%) | Person (87.86%) | Alien (85.09%) | Outdoors (84.15%) | Painting (78.18%) | Nature (77.33%)
23b84402-8226-42ef-9713-bf8e8d7c7477,wallpapers/23b84402-8226-42ef-9713-bf8e8d7c7477/full.png,9,Architecture,Architecture (99.99%) | Bridge (99.99%) | Building (99.99%) | Viaduct (99.99%) | Railway (89.51%) | Train (89.51%) | Transportation (89.51%) | Vehicle (89.51%) | Arch (77.31%)
2362179d-d6a5-4df4-86d7-f76daef4ec8b,wallpapers/2362179d-d6a5-4df4-86d7-f76daef4ec8b/full.png,9,Nature,Nature (100%) | Outdoors (100%) | Sky (100%) | Sunlight (99.3%) | Scenery (93.56%) | Flare (92.05%) | Light (92.05%) | Sunrise (92.03%) | Night (77.79%)
23ee35f8-8d21-4810-8347-28c37610aeef,wallpapers/23ee35f8-8d21-4810-8347-28c37610aeef/full.jpg,2,Person,Person (88.96%) | Smoke (70.36%)
22c031a2-1959-49ab-b07c-e7c425635ef4,wallpapers/22c031a2-1959-49ab-b07c-e7c425635ef4/full.png,10,Pattern,Pattern (100%) | Architecture (99.86%) | Building (99.86%) | Light (98.49%) | Art (98.18%) | Graphics (98.18%) | Accessories (93.22%) | Fractal (93.22%) | Ornament (93.22%) | Lighting (81.49%)
24cea839-a606-416a-b9eb-3d8d06cdc2c1,wallpapers/24cea839-a606-416a-b9eb-3d8d06cdc2c1/full.jpg,10,Nature,Nature (100%) | Night (100%) | Outdoors (100%) | Sky (99.49%) | Scenery (99.32%) | Starry Sky (99.17%) | Purple (87.26%) | Astronomy (84.55%) | Nebula (84.55%) | Outer Space (84.55%)
24490844-7bd9-4565-9773-55e6d7f5f21a,wallpapers/24490844-7bd9-4565-9773-55e6d7f5f21a/full.png,1,Blue,Blue (80.95%)
2510cb47-5e16-4bb4-be53-a79b09a47c24,wallpapers/2510cb47-5e16-4bb4-be53-a79b09a47c24/full.png,10,Lighting,Lighting (99.97%) | Indoors (99.37%) | Interior Design (99.37%) | Texture (97.3%) | Stage (96.99%) | Curtain (92.9%) | Chandelier (83.55%) | Lamp (83.55%) | Architecture (82.38%) | Building (82.38%)
2593abcb-8e63-4410-b767-8cccf38a2c39,wallpapers/2593abcb-8e63-4410-b767-8cccf38a2c39/full.jpg,7,Person,Person (92.75%) | Tin (90.72%) | Clothing (88.74%) | Footwear (88.74%) | Shoe (88.74%) | Purple (85.87%) | Can (76.14%)
243a41f9-8255-495c-bc76-e1820e54a325,wallpapers/243a41f9-8255-495c-bc76-e1820e54a325/full.png,11,Pattern,Pattern (99.99%) | Art (99.9%) | Graphics (99.9%) | Accessories (98.06%) | Fractal (97.03%) | Ornament (97.03%) | Spiral (96.34%) | Light (91.49%) | Architecture (90.32%) | Building (90.32%) | Modern Art (83.6%)
25c9f456-8fad-405d-be64-9ca6555e1089,wallpapers/25c9f456-8fad-405d-be64-9ca6555e1089/full.png,3,Art,Art (97.51%) | Graphics (97.28%) | Modern Art (88.85%)
245d77cf-e0f0-4b18-90ac-c99bd1fa3212,wallpapers/245d77cf-e0f0-4b18-90ac-c99bd1fa3212/full.png,8,Nature,Nature (100%) | Night (100%) | Outdoors (100%) | Sky (100%) | Art (94.78%) | Graphics (94.78%) | Aurora (86.31%) | Texture (71.75%)
26190f62-9a90-441c-97ab-e078d3c08372,wallpapers/26190f62-9a90-441c-97ab-e078d3c08372/full.jpg,10,Lighting,Lighting (100%) | Adult (99.61%) | Female (99.61%) | Person (99.61%) | Woman (99.61%) | Light (99.59%) | Urban (97.65%) | Architecture (87.21%) | Building (87.21%) | City (71.46%)
250c4854-b7cb-453a-9f3c-6107d0a56632,wallpapers/250c4854-b7cb-453a-9f3c-6107d0a56632/full.png,12,City,City (99.98%) | Architecture (99.89%) | Building (99.89%) | Cityscape (99.89%) | Urban (99.89%) | Nature (98.07%) | Night (98.07%) | Outdoors (98.07%) | Sky (97.37%) | Metropolis (96.39%) | Purple (84.07%) | Smoke (72.87%)
2444c750-60d9-4e7e-8af7-1285dfe37f7b,wallpapers/2444c750-60d9-4e7e-8af7-1285dfe37f7b/full.jpg,8,Clothing,Clothing (99.99%) | Costume (99.99%) | Person (99.99%) | Adult (99.41%) | Female (99.41%) | Woman (99.41%) | Face (93.35%) | Head (93.35%)
263bdaf0-d28d-414c-b9ae-8067d927180d,wallpapers/263bdaf0-d28d-414c-b9ae-8067d927180d/full.jpg,4,Adult,Adult (88.29%) | Female (88.29%) | Person (88.29%) | Woman (88.29%)
25797385-5031-4101-9d05-6ca47095a221,wallpapers/25797385-5031-4101-9d05-6ca47095a221/full.jpg,8,Leaf,Leaf (100%) | Plant (100%) | Vegetation (99.8%) | Fern (99.64%) | Tree (94.44%) | Jungle (73.55%) | Nature (73.55%) | Outdoors (73.55%)
25bd090f-0227-42a6-8456-a4e6b42e9e9d,wallpapers/25bd090f-0227-42a6-8456-a4e6b42e9e9d/full.png,11,Mountain,Mountain (100%) | Nature (100%) | Outdoors (100%) | Glacier (99.99%) | Ice (99.99%) | Mountain Range (99.98%) | Peak (99.98%) | Slope (87.31%) | Scenery (80.21%) | Animal (73.26%) | Bird (73.26%)
2698055b-5266-4f0c-8a0f-a7efffed0c89,wallpapers/2698055b-5266-4f0c-8a0f-a7efffed0c89/full.jpg,1,Black,Black (85.72%)
2629c2ce-ffc2-43b2-87d8-279c0f9d250d,wallpapers/2629c2ce-ffc2-43b2-87d8-279c0f9d250d/full.jpeg,5,Nature,Nature (99.87%) | Night (99.87%) | Outdoors (99.87%) | Pattern (98%) | Person (71.89%)
270095ec-c590-4a45-b723-d008c4709cc5,wallpapers/270095ec-c590-4a45-b723-d008c4709cc5/full.jpg,5,Nature,Nature (86.77%) | Outdoors (86.77%) | Person (85.53%) | Night (72.76%) | Animal (70.64%)
270110b0-de79-4558-86a6-0393d0b8773c,wallpapers/270110b0-de79-4558-86a6-0393d0b8773c/full.jpeg,6,Green,Green (99.99%) | Nature (99.98%) | Outdoors (99.98%) | Sky (99.98%) | Night (85.75%) | Purple (72.99%)
26beeb62-5000-4dfb-951c-3301401d8e4f,wallpapers/26beeb62-5000-4dfb-951c-3301401d8e4f/full.jpg,12,Light,Light (99.71%) | Helmet (99.45%) | Nature (98.96%) | Night (98.96%) | Outdoors (98.96%) | Adult (98.88%) | Male (98.88%) | Man (98.88%) | Person (98.88%) | Clothing (98.64%) | Glove (98.64%) | Astronomy (70.79%)
26f26471-80b1-4240-b016-4b780fa27926,wallpapers/26f26471-80b1-4240-b016-4b780fa27926/full.jpeg,8,City,City (100%) | Road (100%) | Street (100%) | Urban (100%) | Architecture (99.45%) | Building (99.45%) | Alley (98.87%) | Home Damage (83.62%)
268abdba-c0e8-41de-8c4d-6929990a9e52,wallpapers/268abdba-c0e8-41de-8c4d-6929990a9e52/full.jpg,14,Art,Art (99.99%) | Graphics (99.99%) | Painting (98.49%) | Astronomy (97.44%) | Moon (97.44%) | Nature (97.44%) | Night (97.44%) | Outdoors (97.44%) | Modern Art (93.07%) | Boat (81.78%) | Sailboat (81.78%) | Transportation (81.78%) | Vehicle (81.78%) | Sky (74.45%)
2738128a-971b-4ca4-a751-344021c08a11,wallpapers/2738128a-971b-4ca4-a751-344021c08a11/full.jpg,11,Nature,Nature (100%) | Outdoors (100%) | Sea (100%) | Water (100%) | Shoreline (100%) | Coast (100%) | Aerial View (99.28%) | Bridge (87.2%) | Motorcycle (77.13%) | Transportation (77.13%) | Vehicle (77.13%)
274cd707-2684-4aff-b0a8-0e153bc2b78a,wallpapers/274cd707-2684-4aff-b0a8-0e153bc2b78a/full.png,13,Art,Art (100%) | Graphics (100%) | Nature (98.89%) | Outdoors (98.89%) | Sky (98.89%) | Purple (95.31%) | Light (92.42%) | Pattern (85.2%) | Modern Art (80.7%) | Animal (70.15%) | Fish (70.15%) | Sea Life (70.15%) | Shark (70.15%)
271cb04e-f18e-4dcf-80d3-e543d21d2e1b,wallpapers/271cb04e-f18e-4dcf-80d3-e543d21d2e1b/full.png,4,Spiral,Spiral (99.89%) | Pattern (90.43%) | Coil (81.31%) | Water (73.16%)
270518ad-2838-46ac-b2f3-129f876d094b,wallpapers/270518ad-2838-46ac-b2f3-129f876d094b/full.jpg,13,Adventure,Adventure (100%) | Hiking (100%) | Leisure Activities (100%) | Nature (100%) | Outdoors (100%) | Person (100%) | Silhouette (97.94%) | Slope (97.71%) | Rock (88.61%) | Mountain (81.1%) | Mountain Range (81.1%) | Peak (81.1%) | Bag (78.17%)
287510ab-b7f6-43f1-b985-030fb268ba8c,wallpapers/287510ab-b7f6-43f1-b985-030fb268ba8c/full.png,7,Flower,Flower (88.05%) | Petal (88.05%) | Plant (88.05%) | Texture (72.18%) | Nature (72.05%) | Outdoors (72.05%) | Sky (72.05%)
289654d4-67b1-48f7-ace7-db5901ee2ff6,wallpapers/289654d4-67b1-48f7-ace7-db5901ee2ff6/full.jpg,10,Photography,Photography (100%) | Adult (98.13%) | Male (98.13%) | Man (98.13%) | Person (98.13%) | Light (97.74%) | Camera (87.03%) | Electronics (87.03%) | Urban (82.09%) | VR Headset (74.27%)
2839e41a-3da0-4b05-bc8a-931d57a76884,wallpapers/2839e41a-3da0-4b05-bc8a-931d57a76884/full.jpg,10,Outdoors,Outdoors (99.99%) | Water (99.48%) | Nature (97.2%) | Aerial View (84.82%) | River (84.54%) | Animal (70.68%) | Canine (70.68%) | Dog (70.68%) | Mammal (70.68%) | Pet (70.68%)
291a9a96-f105-4c0d-9280-c8bd3b61b583,wallpapers/291a9a96-f105-4c0d-9280-c8bd3b61b583/full.jpg,13,City,City (100%) | Urban (100%) | Architecture (99.98%) | Building (99.98%) | Cityscape (99.98%) | Nature (99.54%) | Night (99.54%) | Outdoors (99.54%) | Person (97.59%) | High Rise (97.26%) | Astronomy (87.9%) | Moon (87.9%) | Sky (84.93%)
292f9012-e91a-45fa-94ff-0111a94a89aa,wallpapers/292f9012-e91a-45fa-94ff-0111a94a89aa/full.jpeg,2,Light,Light (100%) | Neon (99.05%)
279f9f5b-3449-438d-ac22-905db6043acb,wallpapers/279f9f5b-3449-438d-ac22-905db6043acb/full.png,3,Architecture,Architecture (94.79%) | Building (94.79%) | Black (94.34%)
290e2aba-4fbb-4e8c-b477-d82aa1e61bdc,wallpapers/290e2aba-4fbb-4e8c-b477-d82aa1e61bdc/full.png,7,Pattern,Pattern (99.95%) | Accessories (97.61%) | Fractal (97.61%) | Ornament (97.61%) | Art (93.83%) | Modern Art (88.04%) | Person (86.44%)
2998c11a-3bec-4e34-84b0-49614ee5a650,wallpapers/2998c11a-3bec-4e34-84b0-49614ee5a650/full.jpg,8,Nature,Nature (100%) | Outdoors (100%) | Sea (100%) | Water (100%) | Coast (99.99%) | Shoreline (99.99%) | Aerial View (97.34%) | Person (73.14%)
2a6167d9-cea7-4cfd-8a99-812377f1bca5,wallpapers/2a6167d9-cea7-4cfd-8a99-812377f1bca5/full.jpeg,0,,
29615240-ac8f-4abf-935b-cb4fb364f121,wallpapers/29615240-ac8f-4abf-935b-cb4fb364f121/full.jpg,8,Lighting,Lighting (99.99%) | Concert (99.97%) | Crowd (99.97%) | Person (99.97%) | Stage (99.93%) | Urban (85.89%) | Light (77.5%) | Club (74.14%)
2ad17ae1-99da-43c9-91b1-b6ca1688c1eb,wallpapers/2ad17ae1-99da-43c9-91b1-b6ca1688c1eb/full.jpg,3,Pattern,Pattern (99.91%) | Machine (77.45%) | Wheel (77.45%)
279dc24f-a1a6-4bd2-96b3-73c9e5a264e6,wallpapers/279dc24f-a1a6-4bd2-96b3-73c9e5a264e6/full.jpg,4,Advertisement,Advertisement (100%) | Poster (99.99%) | Book (97.92%) | Publication (97.92%)
2a436f52-55bc-49aa-a8d6-4f945624657c,wallpapers/2a436f52-55bc-49aa-a8d6-4f945624657c/full.png,12,Pattern,Pattern (99.79%) | Nature (99.49%) | Outdoors (99.49%) | Sea (99.47%) | Water (99.47%) | Person (88.17%) | Sea Waves (83.76%) | Accessories (80.83%) | Mountain (78.92%) | Fractal (76.54%) | Ornament (76.54%) | Art (72.87%)
2ae89da7-319b-474b-a5c8-95ba9e296c9a,wallpapers/2ae89da7-319b-474b-a5c8-95ba9e296c9a/full.png,6,Clothing,Clothing (98.44%) | Hood (98.44%) | Advertisement (97.82%) | Poster (97.82%) | Person (88.78%) | Outdoors (78.56%)
2af2a6ab-26f0-48c6-a9b1-174c482a505f,wallpapers/2af2a6ab-26f0-48c6-a9b1-174c482a505f/full.png,7,Nature,Nature (99.98%) | Night (99.98%) | Outdoors (99.98%) | Sky (98.93%) | Astronomy (94.1%) | Outer Space (94.1%) | Starry Sky (75.42%)
2aa5ee03-fe8e-41b3-a549-b25839ded44b,wallpapers/2aa5ee03-fe8e-41b3-a549-b25839ded44b/full.jpg,7,Nature,Nature (99.78%) | Outdoors (99.78%) | Sea (99.78%) | Water (99.78%) | Art (83.9%) | Shoreline (75.6%) | Coast (74.73%)
2a618c18-f293-41a6-afb9-4f788556c218,wallpapers/2a618c18-f293-41a6-afb9-4f788556c218/full.jpg,13,Art,Art (100%) | Graphics (100%) | Nature (99.96%) | Outdoors (99.96%) | Sea (99.96%) | Water (99.96%) | Night (99.74%) | Sky (88.39%) | Coast (82.79%) | Shoreline (82.79%) | Light (82.58%) | Person (73.57%) | Land (70.35%)
29b62b84-ad24-4dec-ae2d-eb0bf3fb715b,wallpapers/29b62b84-ad24-4dec-ae2d-eb0bf3fb715b/full.png,9,Art,Art (93.1%) | Graphics (93.1%) | Fire (89.01%) | Flame (89.01%) | Smoke Pipe (80.57%) | Light (78.22%) | Nature (72.05%) | Outdoors (72.05%) | Sky (72.05%)
2b0b0bfa-4f74-4b55-a461-02e50beade9d,wallpapers/2b0b0bfa-4f74-4b55-a461-02e50beade9d/full.jpg,5,Light,Light (99.79%) | Nature (97.12%) | Night (97.12%) | Outdoors (97.12%) | Sky (70.98%)
2af858ff-b0c0-4ef0-805d-856908ee6593,wallpapers/2af858ff-b0c0-4ef0-805d-856908ee6593/full.jpg,8,Plant,Plant (100%) | Vegetation (100%) | Land (99.99%) | Nature (99.99%) | Outdoors (99.99%) | Tree (99.99%) | Woodland (99.99%) | Black (74.67%)
2af8c486-efea-4c5f-92b1-79cc2bc6de62,wallpapers/2af8c486-efea-4c5f-92b1-79cc2bc6de62/full.png,10,Pattern,Pattern (100%) | Accessories (99.99%) | Ornament (99.98%) | Fractal (99.96%) | Purple (88.54%) | Outdoors (88.33%) | Nature (79.74%) | Car (71.42%) | Transportation (71.42%) | Vehicle (71.42%)
2ba5dbad-77cd-4bf5-9a00-d154c5ccf91c,wallpapers/2ba5dbad-77cd-4bf5-9a00-d154c5ccf91c/full.jpg,1,Blue,Blue (71.35%)
2c0fd33b-f10b-4373-b753-dac1761c061a,wallpapers/2c0fd33b-f10b-4373-b753-dac1761c061a/full.jpeg,7,Texture,Texture (99.87%) | Nature (99.76%) | Outdoors (99.76%) | Sky (99.76%) | Night (98.38%) | Green (95.64%) | Water (91.88%)
2bdfe783-3111-4bd3-85a9-c8b3ffd9db6b,wallpapers/2bdfe783-3111-4bd3-85a9-c8b3ffd9db6b/full.jpg,14,Accessories,Accessories (99.7%) | Sunglasses (99.7%) | Person (96.26%) | Adult (95.35%) | Male (95.35%) | Man (95.35%) | Clothing (83.24%) | Costume (83.24%) | Gun (82.14%) | Weapon (82.14%) | Jeans (81.38%) | Pants (81.38%) | Face (78.5%) | Head (78.5%)
2b8efa75-c60c-47fd-ad77-38c8b56897ed,wallpapers/2b8efa75-c60c-47fd-ad77-38c8b56897ed/full.png,14,Nature,Nature (99.56%) | Night (99.56%) | Outdoors (99.56%) | Art (99.48%) | Graphics (99.48%) | Sky (98.8%) | Texture (95.2%) | Sea (94.91%) | Water (94.91%) | Ice (91.6%) | Accessories (83.9%) | Fractal (83.9%) | Ornament (83.9%) | Pattern (83.9%)
2bbc2ee7-eca0-4e12-bd55-0cfd7a2759cd,wallpapers/2bbc2ee7-eca0-4e12-bd55-0cfd7a2759cd/full.jpeg,5,Baby,Baby (97.26%) | Person (97.26%) | Black (94.01%) | Face (84.46%) | Head (84.46%)
2b7fca69-835c-48f7-b3b5-4c1dc551c26b,wallpapers/2b7fca69-835c-48f7-b3b5-4c1dc551c26b/full.png,1,Blue,Blue (89.1%)
2c6abb81-c5cd-4050-bff7-fe44866a9fdb,wallpapers/2c6abb81-c5cd-4050-bff7-fe44866a9fdb/full.png,6,Art,Art (99.93%) | Graphics (99.93%) | Outdoors (97.54%) | Nature (97.31%) | Painting (97.15%) | Sky (93.36%)
2c72ab78-ed54-489b-829b-728c478a941f,wallpapers/2c72ab78-ed54-489b-829b-728c478a941f/full.png,6,Sphere,Sphere (99.98%) | Pattern (84.89%) | Balloon (78.9%) | Nature (78.52%) | Outdoors (78.52%) | Sky (78.52%)
2c3a0ddd-3438-4412-8576-6dab4a1d7a8a,wallpapers/2c3a0ddd-3438-4412-8576-6dab4a1d7a8a/full.png,8,Art,Art (99.97%) | Graphics (99.97%) | Silk (99.28%) | Pattern (99.1%) | Accessories (96.28%) | Fractal (96.28%) | Ornament (96.28%) | Person (81.57%)
2cd4cbe8-af9a-43eb-81a2-c73a5720df31,wallpapers/2cd4cbe8-af9a-43eb-81a2-c73a5720df31/full.jpeg,7,Nature,Nature (100%) | Outdoors (100%) | Sky (100%) | Lighting (99.71%) | Night (99.54%) | Light (97.29%) | Aurora (70.61%)
2b7ec878-4d20-4008-a7e9-31bef5f6b98b,wallpapers/2b7ec878-4d20-4008-a7e9-31bef5f6b98b/full.jpg,8,Clothing,Clothing (99.78%) | Hardhat (99.78%) | Helmet (99.78%) | Person (96.02%) | Electronics (90.59%) | Hardware (90.59%) | Animal (70.21%) | Mammal (70.21%)
2cc8194d-a5ef-4c1a-94d4-1aceca678016,wallpapers/2cc8194d-a5ef-4c1a-94d4-1aceca678016/full.png,10,Plant,Plant (100%) | Tree (100%) | Fir (100%) | Pine (99.59%) | Conifer (99.03%) | Nature (98.85%) | Outdoors (98.85%) | Sky (98.85%) | Scenery (94.57%) | Vegetation (88.67%)
2ceae037-4f0b-47be-9b7d-53f0b789060e,wallpapers/2ceae037-4f0b-47be-9b7d-53f0b789060e/full.jpg,4,Car,Car (98.85%) | Transportation (98.85%) | Vehicle (98.85%) | Headlight (94.25%)
2d6c979a-47b7-4977-a86f-a5adf5de070d,wallpapers/2d6c979a-47b7-4977-a86f-a5adf5de070d/full.jpg,12,Nature,Nature (99.81%) | Outdoors (99.81%) | Architecture (99.44%) | Building (99.44%) | Cityscape (99.44%) | Urban (99.44%) | City (97.95%) | Weather (89.37%) | Water (88.33%) | Storm (76.22%) | Lightning (74.99%) | Thunderstorm (74.99%)
2c7a6861-93c7-4781-9d50-d68253fcb235,wallpapers/2c7a6861-93c7-4781-9d50-d68253fcb235/full.png,7,Nature,Nature (99.99%) | Outdoors (99.99%) | Desert (99.95%) | Sky (99.87%) | Night (98.03%) | Astronomy (76.38%) | Moon (76.38%)
2d7b0679-9699-4b64-b039-f2f3af22e801,wallpapers/2d7b0679-9699-4b64-b039-f2f3af22e801/full.jpg,9,Purple,Purple (100%) | Pattern (99.74%) | Disk (98.11%) | Lighting (93.7%) | Art (90.94%) | Accessories (83.69%) | Ornament (74.71%) | Dye (71.11%) | Fractal (71.07%)
2eb3bffc-2b2a-415c-915d-6465776e7eb7,wallpapers/2eb3bffc-2b2a-415c-915d-6465776e7eb7/full.jpg,1,Text,Text (79.18%)
2e56c67e-d766-41e5-9ce3-d11d6e6fc113,wallpapers/2e56c67e-d766-41e5-9ce3-d11d6e6fc113/full.png,9,Lighting,Lighting (100%) | Nature (99.91%) | Outdoors (99.91%) | Sky (99.91%) | Night (99.9%) | Art (99.3%) | Graphics (99.3%) | Light (98.06%) | Texture (74.46%)
2e897ce4-94fa-4af3-ae56-cf2c3cd555b2,wallpapers/2e897ce4-94fa-4af3-ae56-cf2c3cd555b2/full.jpg,15,Accessories,Accessories (99.89%) | Sunglasses (99.89%) | Purple (99.81%) | Person (99.15%) | Art (94.43%) | Face (94.04%) | Head (94.04%) | Photography (91.3%) | Portrait (91.3%) | Book (85.79%) | Publication (85.79%) | Envelope (81.79%) | Greeting Card (81.79%) | Mail (81.79%) | Comics (78.57%)
2dce99e3-8c7c-4d72-8f7d-4451f9b62cff,wallpapers/2dce99e3-8c7c-4d72-8f7d-4451f9b62cff/full.jpg,7,Nature,Nature (100%) | Outdoors (100%) | Sky (100%) | Night (98.73%) | Horizon (96.83%) | Sunset (89.49%) | Cloud (85.99%)
2d6e6219-979f-4851-b1f3-2656574f0b2d,wallpapers/2d6e6219-979f-4851-b1f3-2656574f0b2d/full.jpg,15,Boat,Boat (100%) | Sailboat (100%) | Vehicle (100%) | Cityscape (99.77%) | Urban (99.77%) | Watercraft (99.62%) | Person (97.9%) | Water (96.35%) | Boating (95.87%) | Water Sports (95.87%) | Outdoors (91.53%) | Sky (91.53%) | Construction Crane (83.01%) | Office Building (79.27%) | Horizon (71.02%)
2f7bf3e1-a1d7-4969-a16f-afdc23d0945b,wallpapers/2f7bf3e1-a1d7-4969-a16f-afdc23d0945b/full.jpg,2,Can,Can (87.23%) | Tin (87.23%)
2fca0d5b-879c-48e1-9932-3c8d2c4cad3b,wallpapers/2fca0d5b-879c-48e1-9932-3c8d2c4cad3b/full.png,1,Blue,Blue (80.8%)
2fdb2ecc-4d5a-4244-b40f-3ca669c4d2ae,wallpapers/2fdb2ecc-4d5a-4244-b40f-3ca669c4d2ae/full.png,2,Blackboard,Blackboard (83.92%) | Black (74.42%)
2c64fa2b-c1ef-4871-9dd8-3cc3f43ca462,wallpapers/2c64fa2b-c1ef-4871-9dd8-3cc3f43ca462/full.jpg,10,Adult,Adult (98.87%) | Male (98.87%) | Man (98.87%) | Person (98.87%) | Nature (96.42%) | Outdoors (96.42%) | Water (77.57%) | Face (77.1%) | Head (77.1%) | Green (72.51%)
2ff60936-4e21-489d-be56-fc4fc46b92cd,wallpapers/2ff60936-4e21-489d-be56-fc4fc46b92cd/full.png,10,Pattern,Pattern (98.72%) | Outdoors (97.83%) | Nature (97.65%) | Art (96.47%) | Graphics (96.47%) | Night (83.89%) | Accessories (83.43%) | Person (75.83%) | Fractal (72.61%) | Ornament (72.61%)
30f0706a-fa39-431f-a11f-83105dd9b1e7,wallpapers/30f0706a-fa39-431f-a11f-83105dd9b1e7/full.jpg,8,Nature,Nature (100%) | Outdoors (100%) | Sky (100%) | Silhouette (99.98%) | Sunset (99.45%) | Night (97.3%) | Scenery (83.01%) | Horizon (82.78%)
304e6a00-f44e-4e2f-ac42-0757352ad66e,wallpapers/304e6a00-f44e-4e2f-ac42-0757352ad66e/full.jpg,4,Nature,Nature (99.96%) | Outdoors (99.96%) | Ripple (99.89%) | Water (99.89%)
3026c223-491c-43b9-871c-a5b11d1bbe90,wallpapers/3026c223-491c-43b9-871c-a5b11d1bbe90/full.jpg,13,Nature,Nature (99.99%) | Outdoors (99.99%) | Scenery (99.99%) | Sky (99.91%) | Landscape (99.22%) | Lake (99.09%) | Water (99.09%) | Mountain (98.89%) | Mountain Range (98.89%) | Peak (93.73%) | Horizon (93.28%) | Land (93.1%) | Azure Sky (83.05%)
30fde9ab-db62-4865-b71b-7c7080cb1819,wallpapers/30fde9ab-db62-4865-b71b-7c7080cb1819/full.png,3,Lighting,Lighting (100%) | Light (99.98%) | Pattern (76.73%)
30e5581b-7dc3-4e19-bc13-c5dcf57179a5,wallpapers/30e5581b-7dc3-4e19-bc13-c5dcf57179a5/full.png,14,Art,Art (99.24%) | Graphics (99.24%) | Nature (98.98%) | Outdoors (98.98%) | Sky (98.98%) | Texture (98.69%) | Pattern (98.23%) | Night (97.83%) | Lighting (96.24%) | Painting (89.03%) | Astronomy (76.79%) | Moon (76.79%) | Flare (72.54%) | Light (72.54%)
320d4405-0dfb-4b12-8ca8-a77470935b0b,wallpapers/320d4405-0dfb-4b12-8ca8-a77470935b0b/full.jpg,12,Machine,Machine (100%) | Spoke (100%) | Alloy Wheel (99.91%) | Car (99.91%) | Car Wheel (99.91%) | Tire (99.91%) | Transportation (99.91%) | Vehicle (99.91%) | Wheel (99.91%) | Coupe (99.78%) | Sports Car (99.78%) | Smoke (78.6%)
3233494b-7553-4bd3-a7cb-993fbda63dbd,wallpapers/3233494b-7553-4bd3-a7cb-993fbda63dbd/full.jpg,6,Silhouette,Silhouette (100%) | Person (97.5%) | Fence (96.88%) | Outdoors (88.48%) | Road (88.23%) | Nature (86.85%)
33983a3e-c837-4185-b254-a96902d32392,wallpapers/33983a3e-c837-4185-b254-a96902d32392/full.png,9,Nature,Nature (100%) | Outdoors (100%) | Sea (100%) | Water (100%) | Beach (99.53%) | Coast (99.53%) | Shoreline (99.53%) | Sea Waves (96.66%) | Aerial View (87.51%)
322b06a1-0255-4d66-8598-8028ea9ba5a6,wallpapers/322b06a1-0255-4d66-8598-8028ea9ba5a6/full.jpg,2,Silhouette,Silhouette (93.23%) | Person (89.75%)
333c7c29-a813-4a31-bf04-bf87d4ac2b82,wallpapers/333c7c29-a813-4a31-bf04-bf87d4ac2b82/full.jpeg,4,Plant,Plant (97.95%) | Purple (92%) | Art (84.83%) | Text (79.24%)
3104d1b0-f6b8-4aa8-b57f-93a407072a3f,wallpapers/3104d1b0-f6b8-4aa8-b57f-93a407072a3f/full.jpg,12,Nature,Nature (99.99%) | Outdoors (99.99%) | Sea (99.98%) | Water (99.98%) | Sky (99.95%) | Promontory (99.39%) | Horizon (98.84%) | Scenery (98.72%) | Beach (97.74%) | Coast (97.74%) | Shoreline (97.74%) | Rock (92.99%)
33b1e0b4-a798-40ca-b754-aba17b50486a,wallpapers/33b1e0b4-a798-40ca-b754-aba17b50486a/full.png,2,Art,Art (99.67%) | Graphics (99.67%)
327240ca-31de-4f54-9564-907003cdc3bd,wallpapers/327240ca-31de-4f54-9564-907003cdc3bd/full.jpeg,9,Cushion,Cushion (100%) | Home Decor (100%) | Accessories (97.95%) | Glasses (97.95%) | Book (96.17%) | Publication (96.17%) | Couch (96.02%) | Furniture (96.02%) | Pillow (79.79%)
30b1cdf7-6a63-4e73-ab67-785cf29eabe6,wallpapers/30b1cdf7-6a63-4e73-ab67-785cf29eabe6/full.jpg,15,Nature,Nature (99.99%) | Night (99.99%) | Outdoors (99.99%) | Scenery (98.79%) | Moon (98.54%) | Landscape (98.53%) | Ice (98.41%) | Plant (95%) | Tree (95%) | Vegetation (92.12%) | Starry Sky (90.81%) | Land (88.24%) | Mountain (75.13%) | Mountain Range (75.13%) | Peak (75.13%)
33d7cd34-a6ed-457a-8651-d081c4d740ee,wallpapers/33d7cd34-a6ed-457a-8651-d081c4d740ee/full.jpeg,12,Urban,Urban (99.99%) | Architecture (99.83%) | Building (99.83%) | Cityscape (99.83%) | City (99.22%) | Adult (89.21%) | Male (89.21%) | Man (89.21%) | Person (89.21%) | Face (82.31%) | Head (82.31%) | Selfie (82.31%)
322335e4-a716-428f-9d07-b60ae08ccfe4,wallpapers/322335e4-a716-428f-9d07-b60ae08ccfe4/full.jpg,5,Art,Art (99.06%) | Painting (93.04%) | Baby (84.58%) | Person (84.58%) | Pattern (82.56%)
32a4aa2d-3b29-4e8d-a39c-efe8fc7da8aa,wallpapers/32a4aa2d-3b29-4e8d-a39c-efe8fc7da8aa/full.jpg,15,Pattern,Pattern (99.22%) | Texture (97.11%) | Berry (92.85%) | Food (92.85%) | Fruit (92.85%) | Plant (92.85%) | Produce (92.85%) | Accessories (89.48%) | Nature (81.1%) | Outdoors (81.1%) | Reef (81.1%) | Water (81.1%) | Vegetation (80.65%) | Raspberry (79.89%) | Ornament (73.17%)
34740446-f98b-4fef-812d-f3a3412d4a09,wallpapers/34740446-f98b-4fef-812d-f3a3412d4a09/full.jpeg,0,,
34657fc7-5ce7-4e0e-95ea-56d6c556d0a4,wallpapers/34657fc7-5ce7-4e0e-95ea-56d6c556d0a4/full.png,0,,
33c5d770-d854-45c9-91c6-ee1ec9bb9cdb,wallpapers/33c5d770-d854-45c9-91c6-ee1ec9bb9cdb/full.png,3,Light,Light (99.85%) | Art (92.74%) | Graphics (92.74%)
34ddfe9b-2b34-4355-b8a8-ed8e193aff0b,wallpapers/34ddfe9b-2b34-4355-b8a8-ed8e193aff0b/full.jpeg,1,Blue,Blue (82.55%)
34fe8aec-ae0f-4215-8e42-67f6e19e69f8,wallpapers/34fe8aec-ae0f-4215-8e42-67f6e19e69f8/full.jpg,7,Nature,Nature (100%) | Outdoors (100%) | Sky (100%) | Sunset (99.91%) | Night (95.69%) | Person (87.27%) | Sunlight (85.99%)
34c7749a-2832-448c-a013-d7aff6f0e687,wallpapers/34c7749a-2832-448c-a013-d7aff6f0e687/full.jpg,10,Urban,Urban (99.96%) | City (99.72%) | Clothing (97.72%) | Hoodie (97.72%) | Knitwear (97.72%) | Sweater (97.72%) | Sweatshirt (97.72%) | Angel (94.55%) | Person (86.67%) | Lighting (83.43%)
352e12dc-6ee2-4fc7-bb6d-1f2bc3be1c66,wallpapers/352e12dc-6ee2-4fc7-bb6d-1f2bc3be1c66/full.jpg,1,Triangle,Triangle (100%)
3651685c-db0d-47c2-99c9-b6faf365e1bd,wallpapers/3651685c-db0d-47c2-99c9-b6faf365e1bd/full.jpg,10,Advertisement,Advertisement (98.43%) | Body Part (97.99%) | Hand (97.99%) | Person (97.99%) | Poster (86.67%) | Astronomy (77.58%) | Moon (77.58%) | Nature (77.58%) | Night (77.58%) | Outdoors (77.58%)
357654de-c2e6-4a15-9973-82902a1ad424,wallpapers/357654de-c2e6-4a15-9973-82902a1ad424/full.jpg,8,Adult,Adult (97.36%) | Female (97.36%) | Person (97.36%) | Woman (97.36%) | Performer (96.38%) | Solo Performance (96.38%) | Silhouette (95.69%) | Lighting (74.08%)
351acfc4-c38b-4e60-8cd5-994d45b503f0,wallpapers/351acfc4-c38b-4e60-8cd5-994d45b503f0/full.png,4,Pattern,Pattern (95.72%) | Accessories (92.34%) | Astronomy (74.12%) | Outer Space (74.12%)
350ee35a-4ff2-4c25-a284-7d4dd5ed4d8b,wallpapers/350ee35a-4ff2-4c25-a284-7d4dd5ed4d8b/full.png,7,Grass,Grass (90.86%) | Plant (90.86%) | Robot (86.91%) | Device (72.89%) | Lawn (72.89%) | Lawn Mower (72.89%) | Tool (72.89%)
359b3903-6b53-4a07-9754-c4bc7ce1186a,wallpapers/359b3903-6b53-4a07-9754-c4bc7ce1186a/full.png,3,Green,Green (100%) | Balloon (93.02%) | Cartoon (89.97%)
36770822-9a6f-494e-9001-d98b4b1a7dcf,wallpapers/36770822-9a6f-494e-9001-d98b4b1a7dcf/full.jpg,5,Photography,Photography (99.6%) | Person (95.46%) | Flower (75.25%) | Plant (75.25%) | Head (71.35%)
37002b5e-7689-4adf-8d3e-32cff6f7426c,wallpapers/37002b5e-7689-4adf-8d3e-32cff6f7426c/full.jpg,15,Body Part,Body Part (99.99%) | Finger (99.99%) | Hand (99.99%) | Person (99.99%) | Head (99.65%) | Photography (99.65%) | Portrait (99.65%) | Lighting (96.4%) | Adult (95.71%) | Male (95.71%) | Man (95.71%) | Nature (87.33%) | Night (87.33%) | Outdoors (87.33%) | Light (79.03%)
352e3ae6-f36e-4d5f-8d93-1737cdd972f3,wallpapers/352e3ae6-f36e-4d5f-8d93-1737cdd972f3/full.jpg,9,Leaf,Leaf (100%) | Plant (100%) | Green (99.99%) | Art (98.83%) | Floral Design (98.83%) | Graphics (98.83%) | Pattern (98.83%) | Flower (89.77%) | Lupin (82.69%)
376639b4-c931-4ee8-9dc1-2edacc2a1d8e,wallpapers/376639b4-c931-4ee8-9dc1-2edacc2a1d8e/full.png,8,Pattern,Pattern (99.97%) | Accessories (99.9%) | Fractal (99.88%) | Ornament (99.88%) | Art (95.41%) | Graphics (95.41%) | Outdoors (76.47%) | Water (76.03%)
36eda4dc-2408-43c1-9605-8bf8b3d986f4,wallpapers/36eda4dc-2408-43c1-9605-8bf8b3d986f4/full.png,11,City,City (100%) | Metropolis (100%) | Urban (100%) | Nature (100%) | Night (100%) | Outdoors (100%) | Architecture (93.2%) | Building (93.2%) | Office Building (93.2%) | High Rise (91.1%) | Cityscape (87.19%)
3735c7e8-dd4c-4303-8b3d-86eac90069ca,wallpapers/3735c7e8-dd4c-4303-8b3d-86eac90069ca/full.png,11,Art,Art (99.76%) | Graphics (99.76%) | Pattern (99.03%) | Accessories (96.52%) | Fractal (92.5%) | Ornament (92.5%) | Purple (91.39%) | Light (77.01%) | Nature (75.6%) | Outdoors (75.6%) | Sky (75.6%)
36b1eeb5-adb4-46ce-9196-c7dd36df32f0,wallpapers/36b1eeb5-adb4-46ce-9196-c7dd36df32f0/full.jpg,9,Land,Land (100%) | Nature (100%) | Outdoors (100%) | Plant (100%) | Tree (100%) | Vegetation (100%) | Woodland (100%) | Aerial View (99.81%) | Road (99.5%)
381d3bb8-906d-4d72-b00c-b6ee72e80c29,wallpapers/381d3bb8-906d-4d72-b00c-b6ee72e80c29/full.jpg,5,Animal,Animal (93.34%) | Mammal (93.34%) | Monkey (93.34%) | Wildlife (93.34%) | Silhouette (76.93%)
382d799f-f564-445d-bb18-a23405b3e114,wallpapers/382d799f-f564-445d-bb18-a23405b3e114/full.png,5,Art,Art (98.72%) | Graphics (98.72%) | Pattern (98.62%) | Guitar (90.83%) | Musical Instrument (90.83%)
383a5a48-9e54-48da-9e70-418b0d770502,wallpapers/383a5a48-9e54-48da-9e70-418b0d770502/full.jpg,9,Astronomy,Astronomy (99.89%) | Outer Space (99.89%) | Planet (99.89%) | Globe (96.55%) | Moon (90.99%) | Nature (90.99%) | Night (90.99%) | Outdoors (90.99%) | Earth (79.59%)
378e8ae6-69e0-4ec7-82b5-100d30773cac,wallpapers/378e8ae6-69e0-4ec7-82b5-100d30773cac/full.png,8,Lighting,Lighting (100%) | Purple (100%) | Light (99.81%) | Art (96.98%) | Graphics (96.98%) | Nature (88.83%) | Night (88.83%) | Outdoors (88.83%)
388b681e-a471-4f1b-b351-4e4454276b0d,wallpapers/388b681e-a471-4f1b-b351-4e4454276b0d/full.jpg,6,Sword,Sword (99.98%) | Weapon (99.98%) | Adult (97.83%) | Male (97.83%) | Man (97.83%) | Person (97.83%)
38bb5246-2c32-4d23-b8f4-604c65b7163e,wallpapers/38bb5246-2c32-4d23-b8f4-604c65b7163e/full.png,13,Nature,Nature (99.99%) | Outdoors (99.99%) | Sky (99.99%) | Mountain (99.77%) | Mountain Range (99.77%) | Peak (94.56%) | Scenery (89.78%) | Sunrise (81.99%) | Architecture (73.8%) | Building (73.8%) | Cityscape (73.8%) | Urban (73.8%) | Sunset (70.11%)
39088f89-a1c9-49e1-a299-432b1d8b577d,wallpapers/39088f89-a1c9-49e1-a299-432b1d8b577d/full.jpg,11,Rock,Rock (99.98%) | Nature (99.97%) | Outdoors (99.97%) | Sea (99.95%) | Water (99.95%) | Lagoon (98.75%) | Lake (98.75%) | Coast (96.93%) | Shoreline (96.93%) | Scenery (86.14%) | Land (77.5%)
38997516-71c7-4a45-b176-df1e3ff7e5fd,wallpapers/38997516-71c7-4a45-b176-df1e3ff7e5fd/full.jpg,4,Nature,Nature (93.03%) | Outdoors (93.03%) | Sky (93.03%) | Blue (71.93%)
36566496-a785-4c6a-b1ee-59ad5bc285ab,wallpapers/36566496-a785-4c6a-b1ee-59ad5bc285ab/full.png,14,Plant,Plant (99.71%) | Tree (99.71%) | Fir (99.4%) | Nature (98.25%) | Outdoors (98.25%) | Scenery (98.25%) | Night (95.15%) | Landscape (91.51%) | Architecture (83.77%) | Beacon (83.77%) | Building (83.77%) | Lighthouse (83.77%) | Tower (83.77%) | Sky (77.02%)
3738af95-1bdb-4c7f-8e72-c1d681e16823,wallpapers/3738af95-1bdb-4c7f-8e72-c1d681e16823/full.jpg,3,Pattern,Pattern (99.99%) | Leaf (87.36%) | Plant (87.36%)
396151a4-f4c3-46ba-bf2f-69fbf3ed7eb8,wallpapers/396151a4-f4c3-46ba-bf2f-69fbf3ed7eb8/full.jpg,9,Nature,Nature (100%) | Night (100%) | Outdoors (100%) | Sky (100%) | Horizon (99.99%) | Scenery (99.92%) | Starry Sky (99.67%) | Lake (83.02%) | Water (83.02%)
38f81463-c803-4ad8-96cd-0aba85355fed,wallpapers/38f81463-c803-4ad8-96cd-0aba85355fed/full.jpg,7,Ice,Ice (99.96%) | Nature (98.87%) | Outdoors (98.87%) | Mountain (96.06%) | Boat (92.78%) | Transportation (92.78%) | Vehicle (92.78%)
38d0fe94-210a-412a-9844-a3f727504fae,wallpapers/38d0fe94-210a-412a-9844-a3f727504fae/full.png,4,Leaf,Leaf (99.86%) | Plant (99.86%) | Droplet (99.7%) | Person (82.56%)
39a7a24d-c598-4863-9c41-339ebb08d1de,wallpapers/39a7a24d-c598-4863-9c41-339ebb08d1de/full.png,6,Road,Road (100%) | Freeway (99.93%) | Outdoors (99.33%) | Tarmac (99.21%) | Highway (99.14%) | Nature (95.55%)
3a0cd5fb-91fb-45ef-b541-a8665ea01d84,wallpapers/3a0cd5fb-91fb-45ef-b541-a8665ea01d84/full.jpg,3,Flower,Flower (100%) | Plant (100%) | Lilac (96.05%)
387a40b3-3c4d-46a3-b53d-7318ed14a41d,wallpapers/387a40b3-3c4d-46a3-b53d-7318ed14a41d/full.jpg,3,Face,Face (80.89%) | Head (80.89%) | Person (80.89%)
39f4b91f-cb0c-45a8-a001-e3b1f620a0e8,wallpapers/39f4b91f-cb0c-45a8-a001-e3b1f620a0e8/full.png,9,Pattern,Pattern (99.78%) | Art (99.32%) | Graphics (99.32%) | Accessories (93.34%) | Mountain (83.39%) | Nature (83.39%) | Outdoors (83.39%) | Person (79.65%) | Ornament (78.84%)
3a286110-dc0f-4261-9f1b-a453f6abd449,wallpapers/3a286110-dc0f-4261-9f1b-a453f6abd449/full.jpg,3,Droplet,Droplet (95.44%) | Water (82.83%) | Outdoors (79.95%)
3a52dd85-1f9d-40a3-84ce-f94a82cfa987,wallpapers/3a52dd85-1f9d-40a3-84ce-f94a82cfa987/full.png,8,Nature,Nature (100%) | Outdoors (100%) | Sky (100%) | Light (96.76%) | Mountain (93.89%) | Astronomy (76.03%) | Moon (76.03%) | Night (76.03%)
3abc7b27-198a-44ec-866f-66c60515db1c,wallpapers/3abc7b27-198a-44ec-866f-66c60515db1c/full.png,8,Lighting,Lighting (100%) | Light (99.93%) | Art (99.02%) | Graphics (99.02%) | Nature (97.8%) | Night (97.8%) | Outdoors (97.8%) | Sky (91.33%)
3aebd868-e259-439a-99c1-5a9f9e0518e2,wallpapers/3aebd868-e259-439a-99c1-5a9f9e0518e2/full.jpg,2,Triangle,Triangle (99.14%) | Symbol (86.36%)
3ae75fed-8e13-4bc2-8311-2efd43d6feac,wallpapers/3ae75fed-8e13-4bc2-8311-2efd43d6feac/full.png,7,Flower,Flower (99.92%) | Plant (99.92%) | Petal (99.6%) | Leaf (99.27%) | Cherry Blossom (92.42%) | Outdoors (82.35%) | Nature (72.72%)
3b97d574-0cfe-4355-8fe1-dbac787406a9,wallpapers/3b97d574-0cfe-4355-8fe1-dbac787406a9/full.jpg,9,Cream,Cream (98.14%) | Dessert (98.14%) | Food (98.14%) | Ice Cream (98.14%) | Purple (97.74%) | Person (92.36%) | Face (79.01%) | Head (79.01%) | Sweets (70.52%)
3c41dd7e-a921-45a9-a7eb-ab8b7eb8deb1,wallpapers/3c41dd7e-a921-45a9-a7eb-ab8b7eb8deb1/full.jpg,15,Nature,Nature (99.99%) | Outdoors (99.99%) | Sky (99.81%) | Water (99.2%) | Photography (98.62%) | Adult (97.76%) | Male (97.76%) | Man (97.76%) | Person (97.76%) | Face (97.69%) | Head (97.69%) | Portrait (97.69%) | Scenery (94.78%) | Waterfall (93.98%) | Rainbow (73.23%)
3b38aab2-a851-450a-9643-9e8bce7c9a55,wallpapers/3b38aab2-a851-450a-9643-9e8bce7c9a55/full.png,2,Plant,Plant (98.17%) | Blue (88.55%)
3cb233e5-c2ed-4fcc-9692-0989d22042c8,wallpapers/3cb233e5-c2ed-4fcc-9692-0989d22042c8/full.jpg,9,Urban,Urban (100%) | City (99.89%) | Architecture (99.73%) | Building (99.73%) | Cityscape (99.73%) | Person (97.2%) | Night Life (77.23%) | Face (77.17%) | Head (77.17%)
3c7fb247-4b48-4456-8f7b-505e4ba2cada,wallpapers/3c7fb247-4b48-4456-8f7b-505e4ba2cada/full.jpg,13,Face,Face (98.5%) | Head (98.5%) | Person (98.5%) | Photography (98.5%) | Portrait (98.5%) | Body Part (97.91%) | Finger (97.91%) | Hand (97.91%) | Outdoors (74.89%) | Animal (73.4%) | Butterfly (73.4%) | Insect (73.4%) | Invertebrate (73.4%)
3c7968b6-4712-4ec1-aeab-8276e86a7b62,wallpapers/3c7968b6-4712-4ec1-aeab-8276e86a7b62/full.png,8,Lighting,Lighting (99.84%) | Outdoors (93.2%) | Nature (89.06%) | Animal (71.56%) | Fish (71.56%) | Sea Life (71.56%) | Shark (71.56%) | Water (70.64%)
3c7bad5a-a79c-43d7-ab67-092659cd376c,wallpapers/3c7bad5a-a79c-43d7-ab67-092659cd376c/full.png,1,Texture,Texture (92.09%)
3d278319-1243-4bcd-af0f-416cae214168,wallpapers/3d278319-1243-4bcd-af0f-416cae214168/full.png,6,Pattern,Pattern (100%) | Art (99.98%) | Graphics (99.98%) | Accessories (99.84%) | Fractal (99.73%) | Ornament (99.73%)
3cbac317-4149-45d9-8955-9088f3b61ee9,wallpapers/3cbac317-4149-45d9-8955-9088f3b61ee9/full.png,5,Oil Spill,Oil Spill (96.15%) | Pattern (90.43%) | Accessories (83.94%) | Art (78.9%) | Person (74.07%)
3d1c6cf0-c8dd-476e-a57e-88dfe0df04fb,wallpapers/3d1c6cf0-c8dd-476e-a57e-88dfe0df04fb/full.jpg,6,Lighting,Lighting (100%) | Light (99.94%) | Pattern (99.33%) | Accessories (95.92%) | Ornament (95.24%) | Fractal (92.58%)
3d6cac53-fdba-41e1-84ac-96e087e95a27,wallpapers/3d6cac53-fdba-41e1-84ac-96e087e95a27/full.jpg,7,Lighting,Lighting (99.99%) | Flare (99.51%) | Light (99.51%) | Person (86.95%) | Face (84.85%) | Head (84.85%) | Logo (71.51%)
3db28abf-bfee-4f0e-8318-229d44c9fddf,wallpapers/3db28abf-bfee-4f0e-8318-229d44c9fddf/full.jpg,13,Window,Window (99.11%) | Architecture (98.75%) | Building (98.75%) | Skylight (98.75%) | Adult (98.1%) | Male (98.1%) | Man (98.1%) | Person (98.1%) | Machine (94.53%) | Wheel (94.53%) | Silhouette (94.32%) | Head (75.17%) | Face (71.95%)
3e8be517-7f67-45fd-afc3-2a53665aa425,wallpapers/3e8be517-7f67-45fd-afc3-2a53665aa425/full.jpg,8,Lighting,Lighting (100%) | Person (99.27%) | Car (81.92%) | Transportation (81.92%) | Vehicle (81.92%) | Face (76.95%) | Head (76.95%) | Light (70.3%)
3eb634ad-1914-4a5d-8520-606905560b4d,wallpapers/3eb634ad-1914-4a5d-8520-606905560b4d/full.jpg,8,Electrical Device,Electrical Device (99.88%) | Solar Panels (99.88%) | Outdoors (98.05%) | Light (76.64%) | Nature (75.59%) | Night (75.59%) | Machine (70%) | Wheel (70%)
3e7488fa-76c5-49e4-a88c-a52dd2bae4b4,wallpapers/3e7488fa-76c5-49e4-a88c-a52dd2bae4b4/full.jpeg,10,Purple,Purple (100%) | Nature (99.84%) | Outdoors (99.84%) | Sky (99.84%) | Rainbow (94.34%) | Night (93.82%) | Flower (89.16%) | Petal (89.16%) | Plant (89.16%) | Lighting (86.53%)
3ee0d2b7-1c1e-4a43-9223-f6cd6879c9ee,wallpapers/3ee0d2b7-1c1e-4a43-9223-f6cd6879c9ee/full.jpg,9,Lighting,Lighting (100%) | Purple (99.98%) | Flare (99.43%) | Light (99.43%) | Nature (98.19%) | Night (98.19%) | Outdoors (98.19%) | Sky (88.3%) | Pattern (70.43%)
3d340f0f-f106-4379-bd23-1c81437d0355,wallpapers/3d340f0f-f106-4379-bd23-1c81437d0355/full.png,3,Pattern,Pattern (99.95%) | Architecture (78.28%) | Building (78.28%)
3cde9461-e574-428f-abff-6a31850e170c,wallpapers/3cde9461-e574-428f-abff-6a31850e170c/full.jpg,3,Black,Black (79.04%) | Outdoors (74.95%) | Nature (72.59%)
3d9061a8-1227-4081-83cf-4f3952df3a95,wallpapers/3d9061a8-1227-4081-83cf-4f3952df3a95/full.png,9,Art,Art (99.95%) | Graphics (99.95%) | Pattern (99.94%) | Lighting (99.48%) | Texture (99.09%) | Nature (98.68%) | Night (98.68%) | Outdoors (98.68%) | Purple (90.75%)
3e2caf75-20e5-4f1e-b7ce-1b6eb71950a1,wallpapers/3e2caf75-20e5-4f1e-b7ce-1b6eb71950a1/full.jpg,2,Paint Container,Paint Container (98.87%) | Palette (87.45%)
3d8bd9e1-ebcb-452c-9d88-af6263c23480,wallpapers/3d8bd9e1-ebcb-452c-9d88-af6263c23480/full.png,5,Spiral,Spiral (100%) | Coil (100%) | Outdoors (77.76%) | Nature (77.33%) | Sphere (76.53%)
3f8b6ea6-c687-47d6-a2ff-d194455604da,wallpapers/3f8b6ea6-c687-47d6-a2ff-d194455604da/full.png,7,Lighting,Lighting (100%) | Nature (99.93%) | Outdoors (99.93%) | Sky (99.93%) | Rainbow (79.43%) | Astronomy (74.78%) | Outer Space (74.78%)
3f5b1d67-9f68-4509-9506-9dfe808f8416,wallpapers/3f5b1d67-9f68-4509-9506-9dfe808f8416/full.png,3,Text,Text (94.25%) | Number (76.7%) | Symbol (76.7%)
3fc63d2c-c007-4682-8b85-69955ec6c7d2,wallpapers/3fc63d2c-c007-4682-8b85-69955ec6c7d2/full.png,2,Pattern,Pattern (99.95%) | Texture (93.71%)
401476b0-6f0a-4eb7-b7f9-d2fa44668529,wallpapers/401476b0-6f0a-4eb7-b7f9-d2fa44668529/full.jpg,4,Flower,Flower (100%) | Plant (100%) | Lily (99.96%) | Pond Lily (98.53%)
401d8a16-61af-40ca-9885-f9f70487cb91,wallpapers/401d8a16-61af-40ca-9885-f9f70487cb91/full.jpg,6,Pattern,Pattern (99.65%) | Art (98.25%) | Person (94.92%) | Modern Art (91.6%) | Accessories (87.98%) | Graphics (72.78%)
40c67487-d782-4e6f-96ca-f3b131cb60c3,wallpapers/40c67487-d782-4e6f-96ca-f3b131cb60c3/full.png,3,Nature,Nature (79.25%) | Outdoors (79.25%) | Sky (79.25%)
40a32b83-914d-4a17-a90b-bc98343b92bd,wallpapers/40a32b83-914d-4a17-a90b-bc98343b92bd/full.png,8,Lighting,Lighting (100%) | Purple (99.9%) | Nature (93.96%) | Outdoors (93.96%) | Sky (93.96%) | Rainbow (89.35%) | Art (80.73%) | Light (79.03%)
40901529-6ad9-4971-987d-64833ffde1ea,wallpapers/40901529-6ad9-4971-987d-64833ffde1ea/full.jpg,8,Mountain,Mountain (100%) | Nature (100%) | Outdoors (100%) | Crater (99.97%) | Volcano (99.97%) | Person (78.76%) | Face (71.34%) | Head (71.34%)
404ddef1-e799-41ea-bd30-7478776cf559,wallpapers/404ddef1-e799-41ea-bd30-7478776cf559/full.png,1,Stain,Stain (86.16%)
40697ec6-4d02-4243-852e-a0e62627b8b6,wallpapers/40697ec6-4d02-4243-852e-a0e62627b8b6/full.png,6,Lighting,Lighting (100%) | Light (99.84%) | Flare (98.07%) | Purple (97.22%) | Art (85.82%) | Pattern (71.7%)
3fa545cc-c288-4a18-b387-3fd024482e27,wallpapers/3fa545cc-c288-4a18-b387-3fd024482e27/full.jpg,8,Cliff,Cliff (100%) | Nature (100%) | Outdoors (100%) | Plateau (99.98%) | Mountain (97.97%) | Mountain Range (97.97%) | Rock (97.53%) | Peak (97.26%)
4183ea9b-f8e4-44e1-8827-5310b9603c47,wallpapers/4183ea9b-f8e4-44e1-8827-5310b9603c47/full.jpg,9,People,People (99.96%) | Person (99.96%) | Art (98.16%) | Graduation (93.79%) | Graphics (91.14%) | Purple (88.74%) | Business Card (71.13%) | Paper (71.13%) | Text (71.13%)
41c3c0e1-a1ef-4436-b29c-98056dd5fdaa,wallpapers/41c3c0e1-a1ef-4436-b29c-98056dd5fdaa/full.jpg,12,Adult,Adult (98.15%) | Male (98.15%) | Man (98.15%) | Person (98.15%) | Armor (97.78%) | Clothing (97.05%) | Pants (97.05%) | Captain (92.21%) | Officer (92.21%) | Outdoors (79.23%) | Windmill (79.23%) | Shield (78.57%)
41f46af5-5fec-48a1-9873-3ef1a17d9b9c,wallpapers/41f46af5-5fec-48a1-9873-3ef1a17d9b9c/full.png,7,Festival,Festival (98.79%) | Adult (98.59%) | Male (98.59%) | Man (98.59%) | Person (98.59%) | Halloween (94.78%) | Jack-o-lantern (93.16%)
41418e9a-a193-44ae-9eae-ac71dcc98b29,wallpapers/41418e9a-a193-44ae-9eae-ac71dcc98b29/full.png,5,Pattern,Pattern (99.91%) | Accessories (99.29%) | Fractal (98.04%) | Ornament (98.04%) | Lighting (79.36%)
422f3edc-040f-4b44-b54e-fda4d775309e,wallpapers/422f3edc-040f-4b44-b54e-fda4d775309e/full.jpeg,8,Art,Art (99.95%) | Graphics (99.95%) | Purple (99.87%) | Nature (98.74%) | Outdoors (98.74%) | Painting (92.41%) | Desert (86.23%) | Night (70.24%)
420406be-53de-460a-ac31-70db75da9f94,wallpapers/420406be-53de-460a-ac31-70db75da9f94/full.png,6,Silk,Silk (99.81%) | Pattern (97.92%) | Person (97.6%) | Accessories (84.68%) | Fractal (79.39%) | Ornament (79.39%)
42c585a6-7a9b-4ee5-bfb4-a6b370f068fd,wallpapers/42c585a6-7a9b-4ee5-bfb4-a6b370f068fd/full.jpg,11,Land,Land (100%) | Nature (100%) | Outdoors (100%) | Sea (99.98%) | Water (99.98%) | Shoreline (96.48%) | Coast (95.8%) | Scenery (91.92%) | Sky (91.12%) | Ice (80.65%) | Azure Sky (72.34%)
42cc89ec-be41-4164-a276-4fb9b0484dc5,wallpapers/42cc89ec-be41-4164-a276-4fb9b0484dc5/full.png,3,Pattern,Pattern (91.24%) | Lighting (82.22%) | Triangle (78.74%)
4343855d-8eed-4264-bc9d-ca24fd8ababc,wallpapers/4343855d-8eed-4264-bc9d-ca24fd8ababc/full.jpg,7,Nature,Nature (99.98%) | Outdoors (99.98%) | Sky (99.98%) | Lighting (99.97%) | Light (99.2%) | Purple (98.89%) | Night (94.34%)
42c7b943-4d49-4456-96b1-78a1cab5164a,wallpapers/42c7b943-4d49-4456-96b1-78a1cab5164a/full.png,3,Triangle,Triangle (99.97%) | Lighting (99.91%) | Light (99.36%)
42278cbd-ee2f-44d2-821f-223124f7d87a,wallpapers/42278cbd-ee2f-44d2-821f-223124f7d87a/full.jpg,5,Nature,Nature (99.99%) | Outdoors (99.99%) | Dune (99.74%) | Sand (99.74%) | Night (98.97%)
44330cb5-0e9e-4a78-b944-aa43210cfe2b,wallpapers/44330cb5-0e9e-4a78-b944-aa43210cfe2b/full.png,8,Nature,Nature (100%) | Outdoors (100%) | Sky (100%) | Sunset (99.93%) | Horizon (93.99%) | Desert (92.15%) | Scenery (87.74%) | Silhouette (84.53%)
44075359-7648-4d02-ad5a-ba03f7626bb3,wallpapers/44075359-7648-4d02-ad5a-ba03f7626bb3/full.png,4,Pattern,Pattern (98.36%) | Texture (98.11%) | Home Decor (87.35%) | Blackboard (80.68%)
432916fb-5150-403a-81af-59ab175129fd,wallpapers/432916fb-5150-403a-81af-59ab175129fd/full.jpg,10,Silhouette,Silhouette (100%) | Nature (100%) | Night (100%) | Outdoors (100%) | Lighting (99.96%) | Astronomy (99.72%) | Moon (99.72%) | Cross (85.19%) | Symbol (85.19%) | Person (72.41%)
4443fb60-d22e-41e4-a3e4-219291a8a4af,wallpapers/4443fb60-d22e-41e4-a3e4-219291a8a4af/full.png,4,Art,Art (96.62%) | Animal (74.08%) | Plant (73.52%) | Graphics (72.78%)
421fd5d6-b037-4dfd-9716-f00cdaf7c3ef,wallpapers/421fd5d6-b037-4dfd-9716-f00cdaf7c3ef/full.png,7,Mountain,Mountain (100%) | Mountain Range (100%) | Nature (100%) | Outdoors (100%) | Peak (100%) | Scenery (98.23%) | Person (73.2%)
42d9aad7-411d-4e12-8400-511b9dc57cf5,wallpapers/42d9aad7-411d-4e12-8400-511b9dc57cf5/full.png,3,Flower,Flower (100%) | Plant (100%) | Dandelion (98.03%)
451e25c1-00e0-4cce-bc96-95f959f0d79d,wallpapers/451e25c1-00e0-4cce-bc96-95f959f0d79d/full.jpg,15,Petal,Petal (100%) | Plant (100%) | Footwear (100%) | Shoe (100%) | Leaf (99.77%) | Aquatic (95.04%) | Water (95.04%) | Sneaker (94.51%) | Person (86.44%) | Rock (80.51%) | Outdoors (77.92%) | Animal (77.03%) | Sea Life (77.03%) | Fish (73.19%) | Koi (73.19%)
446f0f95-4532-454f-9e44-ed1a2e81b39d,wallpapers/446f0f95-4532-454f-9e44-ed1a2e81b39d/full.png,6,Art,Art (100%) | Modern Art (100%) | Graphics (99.97%) | Pattern (97.51%) | Dynamite (93.77%) | Weapon (93.77%)
4558ac36-5d51-43d3-9887-caa61237ff7e,wallpapers/4558ac36-5d51-43d3-9887-caa61237ff7e/full.jpg,7,Mountain,Mountain (99.99%) | Mountain Range (99.99%) | Nature (99.99%) | Outdoors (99.99%) | Peak (99.99%) | Weather (99.42%) | Night (89.74%)
44a0f86b-58d4-4e29-a639-d1be708afacf,wallpapers/44a0f86b-58d4-4e29-a639-d1be708afacf/full.png,15,Summer,Summer (100%) | Land (99.99%) | Nature (99.99%) | Outdoors (99.99%) | Sea (99.84%) | Water (99.84%) | Shoreline (89.45%) | Coast (88.72%) | Scenery (85.88%) | Plant (78.3%) | Tree (74.86%) | Countryside (74.85%) | Hut (74.85%) | Rural (74.85%) | Aerial View (74.46%)
4505de73-8810-4430-8ea7-56a5745411be,wallpapers/4505de73-8810-4430-8ea7-56a5745411be/full.png,11,Outdoors,Outdoors (100%) | Nature (100%) | Land (100%) | Lake (99.97%) | Water (99.97%) | Sea (99.07%) | Plant (93.26%) | Vegetation (93.26%) | Aerial View (86.38%) | Coast (81.64%) | Shoreline (81.64%)
460bb1ba-4527-48f7-b2e3-09c181935ef2,wallpapers/460bb1ba-4527-48f7-b2e3-09c181935ef2/full.jpg,6,Nature,Nature (99.92%) | Night (99.92%) | Outdoors (99.92%) | Astronomy (89.45%) | Outer Space (89.45%) | Starry Sky (82.73%)
457c0c99-abb4-40a9-9566-187b4ddc9fe7,wallpapers/457c0c99-abb4-40a9-9566-187b4ddc9fe7/full.png,10,Cloud,Cloud (100%) | Cumulus (100%) | Nature (100%) | Outdoors (100%) | Sky (100%) | Weather (100%) | Night (99.96%) | Astronomy (99.53%) | Moon (99.53%) | Person (92.27%)
44beaa14-e4d0-4c06-9132-295abd721211,wallpapers/44beaa14-e4d0-4c06-9132-295abd721211/full.png,1,Light,Light (79.38%)
4729774f-fd8b-4c05-90ca-1db8d138d79c,wallpapers/4729774f-fd8b-4c05-90ca-1db8d138d79c/full.jpg,1,Blue,Blue (79.13%)
46afd8c5-e1ac-4ecf-bb12-f73179aab219,wallpapers/46afd8c5-e1ac-4ecf-bb12-f73179aab219/full.jpg,12,Person,Person (97.69%) | Clothing (92.4%) | Coat (92.4%) | Weapon (84.53%) | Adult (80.91%) | Male (80.91%) | Man (80.91%) | Head (79.2%) | Blade (75.37%) | Dagger (75.37%) | Knife (75.37%) | Bow (72.38%)
46f3d12d-7679-4fd0-9a5a-204c20950507,wallpapers/46f3d12d-7679-4fd0-9a5a-204c20950507/full.jpg,9,Outdoors,Outdoors (96.46%) | Nature (91.58%) | Person (90.31%) | Sword (86.06%) | Weapon (86.06%) | Art (82.56%) | Clothing (78.18%) | Footwear (78.18%) | Shoe (78.18%)
45f8bc04-3bd6-482d-88c3-f079a3104b51,wallpapers/45f8bc04-3bd6-482d-88c3-f079a3104b51/full.png,10,Nature,Nature (99.99%) | Outdoors (99.99%) | Sky (99.99%) | Mountain (98.37%) | Mountain Range (98.37%) | Scenery (98.23%) | Purple (96.71%) | Night (96.09%) | Peak (91.63%) | Art (73.56%)
478a1f68-8b51-44da-a697-e251bd4ca98a,wallpapers/478a1f68-8b51-44da-a697-e251bd4ca98a/full.jpg,5,Face,Face (100%) | Head (100%) | Person (100%) | Photography (100%) | Portrait (100%)
472f5b85-3f2e-4e58-a8a8-040bc7de1849,wallpapers/472f5b85-3f2e-4e58-a8a8-040bc7de1849/full.png,9,Nature,Nature (99.95%) | Night (99.95%) | Outdoors (99.95%) | Mountain (99.93%) | Mountain Range (99.93%) | Peak (99.1%) | Scenery (97.34%) | Astronomy (79.73%) | Moon (79.73%)
46f8d970-cfa1-4d2e-9cfb-fa352e76eadf,wallpapers/46f8d970-cfa1-4d2e-9cfb-fa352e76eadf/full.png,9,Mountain,Mountain (99.99%) | Mountain Range (99.99%) | Nature (99.99%) | Outdoors (99.99%) | Peak (99.99%) | Purple (99.99%) | Scenery (99.57%) | Sky (96.5%) | Art (80.59%)
4586b6d5-5eb8-4989-bea5-8de5182ac007,wallpapers/4586b6d5-5eb8-4989-bea5-8de5182ac007/full.png,10,Art,Art (99.9%) | Graphics (99.9%) | Pattern (99.21%) | Modern Art (97.23%) | Lighting (97.06%) | Collage (97.04%) | Person (93.58%) | Accessories (90.58%) | Fractal (76.34%) | Ornament (76.34%)
47421689-6772-4c49-be0c-e6b91ffe692d,wallpapers/47421689-6772-4c49-be0c-e6b91ffe692d/full.png,11,Clothing,Clothing (100%) | Hoodie (100%) | Knitwear (100%) | Sweater (100%) | Sweatshirt (100%) | Hood (99.91%) | Photography (98.43%) | Adult (94.82%) | Male (94.82%) | Man (94.82%) | Person (94.82%)
4628afd4-b0d0-40a1-b490-c7ed22988b2f,wallpapers/4628afd4-b0d0-40a1-b490-c7ed22988b2f/full.jpg,13,Purple,Purple (99.97%) | Art (99.82%) | Graphics (99.82%) | Pattern (99.53%) | Modern Art (99.31%) | Car (92.54%) | Transportation (92.54%) | Vehicle (92.54%) | Accessories (80.69%) | Maroon (73.13%) | Texture (71.1%) | Fractal (70.62%) | Ornament (70.62%)
45f3c014-e8eb-4718-908b-33dfd1fcd0c6,wallpapers/45f3c014-e8eb-4718-908b-33dfd1fcd0c6/full.jpg,8,Land,Land (100%) | Nature (100%) | Outdoors (100%) | Plant (100%) | Tree (100%) | Vegetation (100%) | Woodland (100%) | Aerial View (99.87%)
47ff1d65-0131-4e99-9355-830433b11f53,wallpapers/47ff1d65-0131-4e99-9355-830433b11f53/full.jpg,8,Purple,Purple (100%) | Lighting (99.99%) | Art (98.45%) | Graphics (98.45%) | Light (98.21%) | Flare (92.31%) | Green (75.39%) | Pattern (74.36%)
47fe94d2-fd08-4825-8782-f824f44949b4,wallpapers/47fe94d2-fd08-4825-8782-f824f44949b4/full.jpg,8,Nature,Nature (100%) | Night (100%) | Outdoors (100%) | Astronomy (98.36%) | Moon (98.36%) | Starry Sky (89.44%) | Outer Space (85.4%) | Person (72.51%)
481a4432-8a7d-4416-ba40-3b94a157e43c,wallpapers/481a4432-8a7d-4416-ba40-3b94a157e43c/full.jpg,7,Art,Art (100%) | Graphics (100%) | Pattern (99.92%) | Accessories (99.79%) | Fractal (99.79%) | Ornament (99.79%) | Sphere (79.83%)
482457b2-e926-42c1-a98a-dc77dc18b763,wallpapers/482457b2-e926-42c1-a98a-dc77dc18b763/full.jpg,5,Animal,Animal (99.99%) | Bird (99.99%) | Flying (99.99%) | Blackbird (98.76%) | Vulture (95.85%)
48cdc731-df87-4ca9-817a-66123bc959d4,wallpapers/48cdc731-df87-4ca9-817a-66123bc959d4/full.png,4,Nature,Nature (100%) | Outdoors (100%) | Sky (100%) | Horizon (99.89%)
4896c0b0-ade7-47d6-a9ee-a1aa0887e412,wallpapers/4896c0b0-ade7-47d6-a9ee-a1aa0887e412/full.jpg,15,Plant,Plant (99.96%) | Tree (99.96%) | Nature (99.89%) | Outdoors (99.89%) | Scenery (99.89%) | Fir (99.49%) | Landscape (99.39%) | Wilderness (76.05%) | Vegetation (75.04%) | Beacon (75.03%) | Building (75.03%) | Lighthouse (75.03%) | Tower (75.03%) | Sky (72.58%) | Pine (72.19%)
48ec63fe-0bf9-43d4-b741-f9bd1f7ffaea,wallpapers/48ec63fe-0bf9-43d4-b741-f9bd1f7ffaea/full.jpg,15,Nature,Nature (100%) | Outdoors (100%) | Sky (100%) | Horizon (100%) | Rock (99.99%) | Sea (99.63%) | Water (99.63%) | Scenery (99.41%) | Beach (98.33%) | Landscape (97.21%) | Night (95.94%) | Promontory (95.73%) | Sunset (90.15%) | Cliff (89.36%) | Sunrise (88.04%)
47ebfaea-5ba3-483f-b95a-726fe4dac7fa,wallpapers/47ebfaea-5ba3-483f-b95a-726fe4dac7fa/full.jpg,2,Disk,Disk (94.04%) | Dvd (87.87%)
48db40dc-4104-4d39-81b5-3c25e186fcb1,wallpapers/48db40dc-4104-4d39-81b5-3c25e186fcb1/full.jpg,8,Mountain,Mountain (100%) | Nature (100%) | Outdoors (100%) | Night (99.69%) | Sky (96.18%) | Person (94.68%) | Light (81.76%) | Volcano (79.8%)
4963320f-533f-4dcb-b5e7-1f4d054e8923,wallpapers/4963320f-533f-4dcb-b5e7-1f4d054e8923/full.jpeg,13,Nature,Nature (99.17%) | Night (99.17%) | Outdoors (99.17%) | Lighting (97.19%) | Astronomy (90.55%) | Moon (90.55%) | Light (89.85%) | Sky (86%) | Flare (83.44%) | Architecture (72.25%) | Building (72.25%) | Tower (72.25%) | Balloon (71.28%)
499ccd55-9b29-4ad6-9aec-bf7f1c40359a,wallpapers/499ccd55-9b29-4ad6-9aec-bf7f1c40359a/full.png,2,Art,Art (99.85%) | Graphics (99.85%)
496e4553-5dd0-40c9-a248-878cc798ed60,wallpapers/496e4553-5dd0-40c9-a248-878cc798ed60/full.png,5,Art,Art (100%) | Graphics (100%) | Maroon (99.91%) | Light (76.64%) | Texture (72.81%)
4965c777-2be9-4d12-9299-cdddc3ce09b5,wallpapers/4965c777-2be9-4d12-9299-cdddc3ce09b5/full.png,7,Aircraft,Aircraft (98.01%) | Hot Air Balloon (98.01%) | Transportation (98.01%) | Vehicle (98.01%) | Balloon (93.95%) | Electrical Device (88.36%) | Microphone (88.36%)
49a30146-c0fc-4281-a7c7-d56c42ff613f,wallpapers/49a30146-c0fc-4281-a7c7-d56c42ff613f/full.png,5,Gray,Gray (99.71%) | Firearm (94.51%) | Gun (94.51%) | Rifle (94.51%) | Weapon (94.51%)
49c7ef55-a087-49ca-8091-dfd7be41c83b,wallpapers/49c7ef55-a087-49ca-8091-dfd7be41c83b/full.png,13,Art,Art (99.97%) | Graphics (99.97%) | Nature (97.37%) | Outdoors (97.37%) | Sea (97.37%) | Water (97.37%) | Pattern (78.02%) | Animal (74.4%) | Bird (74.4%) | Penguin (74.4%) | Fish (71.19%) | Sea Life (71.19%) | Shark (71.19%)
484aa11d-6781-47b1-a394-2ce6f3cd5124,wallpapers/484aa11d-6781-47b1-a394-2ce6f3cd5124/full.png,3,Texture,Texture (99.99%) | Architecture (82.65%) | Building (82.65%)
4a98ff75-8c0d-4ca5-a60c-1157a881d1d9,wallpapers/4a98ff75-8c0d-4ca5-a60c-1157a881d1d9/full.jpg,7,Adult,Adult (97.91%) | Female (97.91%) | Person (97.91%) | Woman (97.91%) | Anime (90.38%) | Face (76.47%) | Head (76.47%)
4a0c7462-4b37-407c-a4f9-0a702b5ea690,wallpapers/4a0c7462-4b37-407c-a4f9-0a702b5ea690/full.png,5,Logo,Logo (99.09%) | Art (93.1%) | Graphics (93.1%) | Person (81.93%) | Symbol (72.76%)
4a0058b0-4c28-4750-83fe-42f725fee2bc,wallpapers/4a0058b0-4c28-4750-83fe-42f725fee2bc/full.png,5,Art,Art (99.99%) | Graphics (99.99%) | Triangle (93.03%) | Outdoors (76.99%) | Nature (76.92%)
4a35f0b3-c08b-4858-8f97-dc90e2976178,wallpapers/4a35f0b3-c08b-4858-8f97-dc90e2976178/full.png,7,Lighting,Lighting (100%) | Nature (99.75%) | Outdoors (99.75%) | Sky (99.75%) | Light (98.97%) | Night (94.74%) | Purple (90.41%)
4bd2a3ea-7d3d-4527-8817-9f5fba032a91,wallpapers/4bd2a3ea-7d3d-4527-8817-9f5fba032a91/full.png,4,Pattern,Pattern (99.96%) | Can (79.09%) | Tin (79.09%) | Home Decor (77.26%)
4a6a7e03-335b-4b24-8624-d58c50dd89a1,wallpapers/4a6a7e03-335b-4b24-8624-d58c50dd89a1/full.png,5,Sphere,Sphere (100%) | Lighting (99.97%) | Balloon (99.12%) | Light (91.71%) | Person (70.52%)
4be006a5-c93e-4854-84fc-013a365d7c6b,wallpapers/4be006a5-c93e-4854-84fc-013a365d7c6b/full.jpg,1,Comb,Comb (92.56%)
4bffe69d-e3b3-4d62-a0b5-f64b55729afd,wallpapers/4bffe69d-e3b3-4d62-a0b5-f64b55729afd/full.jpeg,15,Mountain Range,Mountain Range (99.99%) | Nature (99.99%) | Outdoors (99.99%) | Peak (99.97%) | Grass (99.97%) | Fir (99.88%) | Tree (99.88%) | Wilderness (99.84%) | Scenery (99.77%) | Grassland (99.59%) | Slope (99.58%) | Sky (99.56%) | Cloud (99.24%) | Plateau (99.19%) | Landscape (99.09%)
4aa6ab63-8e96-426f-bf47-0484327d1819,wallpapers/4aa6ab63-8e96-426f-bf47-0484327d1819/full.png,9,Summer,Summer (100%) | Palm Tree (100%) | Plant (100%) | Tree (100%) | Nature (99.36%) | Outdoors (99.36%) | Tropical (99.36%) | Sky (99.25%) | Silhouette (90.92%)
4aeec5d8-06ed-4975-ad7f-e24f99e603b3,wallpapers/4aeec5d8-06ed-4975-ad7f-e24f99e603b3/full.png,7,Coil,Coil (99.49%) | Spiral (99.49%) | Art (99.12%) | Graphics (99.12%) | Outdoors (98.16%) | Nature (97.3%) | Desert (86.91%)
4d03512c-626d-4c57-8138-82e787b40351,wallpapers/4d03512c-626d-4c57-8138-82e787b40351/full.jpg,1,Gray,Gray (99.99%)
4ce658d6-6388-49fb-90d4-4f30f4f73c66,wallpapers/4ce658d6-6388-49fb-90d4-4f30f4f73c66/full.jpg,10,Mountain,Mountain (100%) | Mountain Range (100%) | Nature (100%) | Outdoors (100%) | Peak (100%) | Sky (99.56%) | Scenery (98.04%) | Night (95.56%) | Cloud (83.81%) | Wilderness (71.99%)
4b641dbf-8701-459c-a917-ce5be2078afc,wallpapers/4b641dbf-8701-459c-a917-ce5be2078afc/full.png,4,Lighting,Lighting (100%) | Spotlight (99.97%) | Light (99.02%) | Flare (98.56%)
4bb48a6d-850c-4da6-a8b1-5de3b033094a,wallpapers/4bb48a6d-850c-4da6-a8b1-5de3b033094a/full.png,6,Pattern,Pattern (99.94%) | Military (93.07%) | Military Uniform (93.07%) | Texture (90%) | Home Decor (89.54%) | Camouflage (77.46%)
4c7e6a0f-bf9c-471a-b73b-07dded8a4acb,wallpapers/4c7e6a0f-bf9c-471a-b73b-07dded8a4acb/full.png,5,Person,Person (90.45%) | Accessories (85.51%) | Light (76.14%) | Face (75.02%) | Head (75.02%)
4d3694a8-e309-4124-ba06-e762a28b51c1,wallpapers/4d3694a8-e309-4124-ba06-e762a28b51c1/full.png,4,Texture,Texture (99.45%) | Pattern (98.87%) | Scoreboard (87.7%) | Text (77.24%)
4c292cd3-d289-481b-acba-54f850f2d21d,wallpapers/4c292cd3-d289-481b-acba-54f850f2d21d/full.png,6,Lighting,Lighting (100%) | Light (99.84%) | Flare (98.07%) | Purple (97.22%) | Art (85.82%) | Pattern (71.7%)
4d5226df-6666-4806-a2cf-5aa82f3dc429,wallpapers/4d5226df-6666-4806-a2cf-5aa82f3dc429/full.jpg,1,Tape,Tape (95.67%)
4d785d39-d07b-4169-82a4-97876f229453,wallpapers/4d785d39-d07b-4169-82a4-97876f229453/full.jpg,10,Nature,Nature (100%) | Outdoors (100%) | Scenery (100%) | Night (99.95%) | Mountain (99.37%) | Mountain Range (99.37%) | Sky (99.17%) | Landscape (99.05%) | Peak (98.54%) | Water (71.28%)
4e93b55f-d133-41b6-8757-6c7a5a1230f1,wallpapers/4e93b55f-d133-41b6-8757-6c7a5a1230f1/full.jpg,10,Nature,Nature (100%) | Outdoors (100%) | Weather (100%) | Fog (99.75%) | Plant (99.68%) | Vegetation (99.68%) | Land (98.8%) | Tree (98.8%) | Woodland (98.8%) | Mist (97.99%)
4ee47991-b127-4d91-b511-6629624f8e86,wallpapers/4ee47991-b127-4d91-b511-6629624f8e86/full.jpg,9,Nature,Nature (100%) | Outdoors (100%) | Sea (100%) | Water (100%) | Shoreline (98.75%) | Coast (98.67%) | Land (87.56%) | Sea Waves (80.84%) | Aerial View (77.33%)
4e9d19d1-7984-4869-b405-6a47c257a9a3,wallpapers/4e9d19d1-7984-4869-b405-6a47c257a9a3/full.jpg,5,Cutlery,Cutlery (98.73%) | Fork (98.73%) | Racket (86.26%) | Key (74.67%) | Device (72.96%)
4d46e815-9157-41af-ba61-d7dc9306f167,wallpapers/4d46e815-9157-41af-ba61-d7dc9306f167/full.jpg,7,Pattern,Pattern (99.99%) | Accessories (99.98%) | Fractal (99.36%) | Ornament (99.36%) | Car (80.48%) | Transportation (80.48%) | Vehicle (80.48%)
4f16cf30-069c-4876-9ec2-47d974413bbd,wallpapers/4f16cf30-069c-4876-9ec2-47d974413bbd/full.jpg,1,Outdoors,Outdoors (71.57%)
4f490dac-a945-4818-8ec8-4bc3d8219a7a,wallpapers/4f490dac-a945-4818-8ec8-4bc3d8219a7a/full.jpg,3,Light,Light (99.43%) | Person (96.19%) | Lighting (93.56%)
4d89f409-8392-42ca-820d-6e99265b3cd8,wallpapers/4d89f409-8392-42ca-820d-6e99265b3cd8/full.jpg,10,Plant,Plant (100%) | Tree (100%) | Vegetation (100%) | Land (100%) | Nature (100%) | Outdoors (100%) | Woodland (100%) | Fir (99.95%) | Conifer (95.2%) | Aerial View (70.13%)
4fb1bbb7-5da5-44fd-bdd5-68048bdc4d02,wallpapers/4fb1bbb7-5da5-44fd-bdd5-68048bdc4d02/full.jpg,10,Car,Car (99.51%) | Coupe (99.51%) | Sports Car (99.51%) | Transportation (99.51%) | Vehicle (99.51%) | Headlight (94.47%) | License Plate (90.16%) | Light (87.33%) | Animal (84.25%) | Bird (84.25%)
50faf490-90f0-46e3-b82a-7e56f96e5fc6,wallpapers/50faf490-90f0-46e3-b82a-7e56f96e5fc6/full.jpg,2,Paint Container,Paint Container (99.34%) | Palette (91.84%)
4fd29250-19ac-4077-b674-c3f4ad4b18ce,wallpapers/4fd29250-19ac-4077-b674-c3f4ad4b18ce/full.png,7,Architecture,Architecture (100%) | Building (100%) | Office Building (100%) | Corner (99.92%) | City (97.25%) | Urban (91.86%) | Tower (87.7%)
51155f0c-cd97-4046-9971-48c3ad2c8308,wallpapers/51155f0c-cd97-4046-9971-48c3ad2c8308/full.png,0,,
51f4f0fe-d05f-479b-a0fa-deea455a6671,wallpapers/51f4f0fe-d05f-479b-a0fa-deea455a6671/full.jpg,2,Pattern,Pattern (99.97%) | Art (96.62%)
5095e61f-4421-4627-9287-5d9186b7183f,wallpapers/5095e61f-4421-4627-9287-5d9186b7183f/full.png,10,Art,Art (99.64%) | Graphics (99.64%) | Pattern (98.6%) | Nature (97.96%) | Outdoors (97.96%) | Sky (97.96%) | Disk (96.15%) | Accessories (80.98%) | Fractal (80.98%) | Ornament (80.98%)
5221eca0-74fb-4c64-b7fe-95475748f8c9,wallpapers/5221eca0-74fb-4c64-b7fe-95475748f8c9/full.jpg,13,Road,Road (100%) | Freeway (100%) | Highway (100%) | Plant (99.92%) | Tree (99.92%) | Tarmac (99.83%) | Nature (99.46%) | Outdoors (99.46%) | Sky (99.46%) | Fir (95.1%) | City (93.01%) | Street (93.01%) | Urban (93.01%)
5111ad06-5661-49ce-9322-d618f122f144,wallpapers/5111ad06-5661-49ce-9322-d618f122f144/full.jpg,6,Nature,Nature (100%) | Outdoors (100%) | Sky (100%) | Cloud (100%) | Cumulus (100%) | Weather (100%)
5209ceab-60bc-4ae5-bc97-e22f6529ce1c,wallpapers/5209ceab-60bc-4ae5-bc97-e22f6529ce1c/full.png,5,Light,Light (99.99%) | Neon (99.49%) | Pattern (94.64%) | Lighting (82.57%) | Accessories (77.85%)
5266c27d-dd8d-4cfd-a63c-074dc5fdffe2,wallpapers/5266c27d-dd8d-4cfd-a63c-074dc5fdffe2/full.jpg,6,Cloud,Cloud (100%) | Nature (100%) | Outdoors (100%) | Sky (100%) | Cumulus (100%) | Weather (100%)
51903129-f9f3-4e89-a021-ceb8f7eacc97,wallpapers/51903129-f9f3-4e89-a021-ceb8f7eacc97/full.png,10,Pattern,Pattern (100%) | Accessories (100%) | Fractal (99.99%) | Ornament (99.99%) | Person (90.25%) | Food (70.59%) | Fruit (70.59%) | Pear (70.59%) | Plant (70.59%) | Produce (70.59%)
52c48119-3337-4604-8e5a-736c3ef4d292,wallpapers/52c48119-3337-4604-8e5a-736c3ef4d292/full.png,7,Art,Art (100%) | Graphics (100%) | Accessories (89.91%) | Pattern (87.7%) | Modern Art (81.9%) | Fractal (71.29%) | Ornament (71.29%)
53479278-24e4-4e77-a8f0-a9e877a6d9e0,wallpapers/53479278-24e4-4e77-a8f0-a9e877a6d9e0/full.png,10,Crowd,Crowd (99.94%) | Person (99.94%) | Audience (97.37%) | Speech (94.78%) | Fashion (90.22%) | Architecture (73.37%) | Beacon (73.37%) | Building (73.37%) | Lighthouse (73.37%) | Tower (73.37%)
53565323-39c3-4fa2-a80a-2b8e014b1ea5,wallpapers/53565323-39c3-4fa2-a80a-2b8e014b1ea5/full.jpg,5,Nature,Nature (100%) | Night (100%) | Outdoors (100%) | Sky (99.97%) | Starry Sky (92.57%)
53ff15a9-5650-401d-b248-2a9d8e1bc325,wallpapers/53ff15a9-5650-401d-b248-2a9d8e1bc325/full.png,3,Art,Art (99.76%) | Graphics (99.76%) | Pattern (82.38%)
53a0962e-f1e0-49b3-8c07-cb5b0604d2cc,wallpapers/53a0962e-f1e0-49b3-8c07-cb5b0604d2cc/full.jpg,8,Nature,Nature (100%) | Night (100%) | Outdoors (100%) | Astronomy (98.2%) | Nebula (98.2%) | Outer Space (98.2%) | Milky Way (94.36%) | Scenery (79.14%)
53ddfd4a-fbba-46fd-b735-69f78c7fdb80,wallpapers/53ddfd4a-fbba-46fd-b735-69f78c7fdb80/full.jpg,2,Balloon,Balloon (99.88%) | Lighting (95.07%)
53f82e03-a386-482e-b2ae-bbd1d6e2a296,wallpapers/53f82e03-a386-482e-b2ae-bbd1d6e2a296/full.png,7,Art,Art (100%) | Graphics (100%) | Nature (99.83%) | Outdoors (99.83%) | Sky (99.83%) | Pattern (98.46%) | Accessories (78.72%)
541d7aaf-4ea4-4090-a861-8f275ac5acc1,wallpapers/541d7aaf-4ea4-4090-a861-8f275ac5acc1/full.jpg,11,Art,Art (99.61%) | Nature (94.66%) | Outdoors (94.66%) | Sea (86.39%) | Water (86.39%) | Painting (82.93%) | Graphics (81.68%) | Animal (73.08%) | Fish (73.08%) | Sea Life (73.08%) | Shark (73.08%)
54b3d4cf-46db-49b0-9469-058c7a1ed3f8,wallpapers/54b3d4cf-46db-49b0-9469-058c7a1ed3f8/full.png,3,Lighting,Lighting (99.99%) | Person (98.79%) | Silhouette (97.39%)
54ae2306-28a8-4735-b213-34ff70a23342,wallpapers/54ae2306-28a8-4735-b213-34ff70a23342/full.png,2,Diagram,Diagram (84.6%) | Blackboard (84.58%)
55869a61-cd74-402d-a358-316f8f020d31,wallpapers/55869a61-cd74-402d-a358-316f8f020d31/full.jpg,5,Nature,Nature (100%) | Night (100%) | Outdoors (100%) | Sky (100%) | Aurora (94.76%)
53f7a9aa-59bb-4928-aaf1-a35df75a8bc7,wallpapers/53f7a9aa-59bb-4928-aaf1-a35df75a8bc7/full.png,1,Balloon,Balloon (99.98%)
554f9717-2ce3-4344-956c-af90804a15bb,wallpapers/554f9717-2ce3-4344-956c-af90804a15bb/full.jpg,9,City,City (100%) | Urban (99.99%) | Metropolis (99.98%) | Architecture (87.71%) | Building (87.71%) | Tower (87.71%) | Nature (87.06%) | Night (87.06%) | Outdoors (87.06%)
551eb566-87d5-4d8b-94cb-df32191e79be,wallpapers/551eb566-87d5-4d8b-94cb-df32191e79be/full.png,10,Nature,Nature (100%) | Outdoors (100%) | Sky (100%) | Plant (99.92%) | Tree (99.92%) | Scenery (96.68%) | Vegetation (85.66%) | Fir (82.14%) | Landscape (76.42%) | Sunset (73.95%)
55cd21f1-d009-4b44-a48f-993d5096eac4,wallpapers/55cd21f1-d009-4b44-a48f-993d5096eac4/full.jpg,15,Clothing,Clothing (99.9%) | Hood (99.9%) | Cityscape (99.51%) | Urban (99.51%) | Hoodie (98.15%) | Knitwear (98.15%) | Sweater (98.15%) | Sweatshirt (98.15%) | Adult (96.48%) | Female (96.48%) | Person (96.48%) | Woman (96.48%) | Photography (96.12%) | Night (70.58%) | Outdoors (70.58%)
52c048ab-d4e1-4bd9-81db-6c3d101de6ed,wallpapers/52c048ab-d4e1-4bd9-81db-6c3d101de6ed/full.jpg,2,Person,Person (92.45%) | Samurai (87.68%)
54c504b6-a29f-4de1-bb47-73cb441f6d91,wallpapers/54c504b6-a29f-4de1-bb47-73cb441f6d91/full.png,1,Texture,Texture (98.2%)
54cb04a0-7fc9-478d-910e-d9ca435ed03a,wallpapers/54cb04a0-7fc9-478d-910e-d9ca435ed03a/full.png,6,Lighting,Lighting (100%) | Purple (100%) | Light (95.64%) | Anemone (89.15%) | Flower (89.15%) | Plant (89.15%)
56ccf4b8-b358-446f-8724-27fa5f610e08,wallpapers/56ccf4b8-b358-446f-8724-27fa5f610e08/full.png,11,Architecture,Architecture (100%) | Building (100%) | City (100%) | Office Building (100%) | Condo (100%) | Housing (100%) | Urban (100%) | Apartment Building (100%) | High Rise (100%) | Metropolis (99.98%) | Wall (75.52%)
55e87517-ba7e-4832-8708-9f5c57e26883,wallpapers/55e87517-ba7e-4832-8708-9f5c57e26883/full.png,10,Art,Art (99.94%) | Graphics (99.94%) | Purple (99.94%) | Pattern (99.25%) | Texture (92.74%) | Nature (84.6%) | Outdoors (84.6%) | Sky (84.6%) | Modern Art (83.95%) | Accessories (77.2%)
56e877a2-50f2-452e-bbe4-61c55f03c7f8,wallpapers/56e877a2-50f2-452e-bbe4-61c55f03c7f8/full.jpg,8,Person,Person (98.73%) | Adventure (84.2%) | Leisure Activities (84.2%) | Skydiving (78.9%) | Dancing (71.88%) | Urban (71.26%) | City (71.19%) | Outdoors (70.27%)
57008989-719f-4087-af10-763b6bf96b65,wallpapers/57008989-719f-4087-af10-763b6bf96b65/full.png,8,Art,Art (99.94%) | Graphics (99.94%) | Light (97.77%) | Lighting (90.64%) | Nature (89.17%) | Outdoors (89.17%) | Rainbow (89.17%) | Sky (89.17%)
5780b73b-a582-4762-b435-1c90c616ba0b,wallpapers/5780b73b-a582-4762-b435-1c90c616ba0b/full.jpeg,4,Person,Person (98.62%) | Logo (98.34%) | Face (80.99%) | Head (80.99%)
5718cb44-3aaa-4f27-a05f-9a94835e2af5,wallpapers/5718cb44-3aaa-4f27-a05f-9a94835e2af5/full.png,5,Person,Person (89.94%) | Pattern (87.43%) | Art (81.68%) | Graphics (81.68%) | Texture (72.18%)
570170ed-3d68-4bb9-8fa1-092707de2995,wallpapers/570170ed-3d68-4bb9-8fa1-092707de2995/full.png,7,Art,Art (100%) | Graphics (100%) | Pattern (99.45%) | Light (93.34%) | Accessories (87.68%) | Ornament (82.09%) | Fractal (81.99%)
57854b6f-3d43-4bf2-a27b-e6b4cbfad44e,wallpapers/57854b6f-3d43-4bf2-a27b-e6b4cbfad44e/full.jpg,5,Nature,Nature (99.94%) | Outdoors (99.94%) | Sea (99.94%) | Water (99.94%) | Sea Waves (92.78%)
571a63ee-654e-4595-a91b-b67649420c8e,wallpapers/571a63ee-654e-4595-a91b-b67649420c8e/full.jpg,11,Art,Art (98.32%) | Graphics (98.32%) | Person (97.8%) | Modern Art (97.73%) | Canvas (97%) | Pattern (96.78%) | Painting (96.26%) | Accessories (90.58%) | Ornament (81.41%) | Outdoors (80.96%) | Nature (79.48%)
57534bb9-8d8b-4ad0-a9d0-cf0fc404acc4,wallpapers/57534bb9-8d8b-4ad0-a9d0-cf0fc404acc4/full.png,1,Light,Light (93.16%)
57c3c736-06c3-4a1c-b563-c122edc7d426,wallpapers/57c3c736-06c3-4a1c-b563-c122edc7d426/full.jpg,10,Purple,Purple (100%) | Lighting (100%) | Light (100%) | Architecture (99.94%) | Building (99.94%) | House (99.94%) | Housing (99.94%) | Staircase (99.94%) | Neon (96.85%) | Home Decor (78.75%)
5965fa4e-ef31-4ea5-90de-a2777f4ba7d1,wallpapers/5965fa4e-ef31-4ea5-90de-a2777f4ba7d1/full.png,8,Body Part,Body Part (96.63%) | Face (96.63%) | Head (96.63%) | Neck (96.63%) | Person (96.63%) | Mouth (89.19%) | Nature (76.86%) | Outdoors (76.86%)
594c3ab8-4e1f-4845-9a2d-b71dcf434aa9,wallpapers/594c3ab8-4e1f-4845-9a2d-b71dcf434aa9/full.jpg,11,Nature,Nature (100%) | Outdoors (100%) | Sea (100%) | Water (100%) | Shoreline (99.98%) | Coast (99.98%) | Plant (99.81%) | Vegetation (99.81%) | Land (98.1%) | Beach (94.48%) | Aerial View (88.1%)
57b86af0-5017-4d2f-a27f-e210e64a0665,wallpapers/57b86af0-5017-4d2f-a27f-e210e64a0665/full.jpg,14,Pattern,Pattern (99.97%) | Accessories (98.87%) | Purple (96.83%) | Bonfire (95.34%) | Fire (95.34%) | Flame (95.34%) | Fractal (90.77%) | Ornament (90.77%) | Adult (90.36%) | Female (90.36%) | Person (90.36%) | Woman (90.36%) | Nature (72.46%) | Outdoors (72.46%)
5820d39f-0496-40d3-b70a-540d8401d846,wallpapers/5820d39f-0496-40d3-b70a-540d8401d846/full.png,4,Art,Art (98.94%) | Graphics (98.94%) | Accessories (79.87%) | Gold (76.44%)
58812fad-9da2-4707-a0f8-7abb04f97d1e,wallpapers/58812fad-9da2-4707-a0f8-7abb04f97d1e/full.png,8,Nature,Nature (99.2%) | Night (99.2%) | Outdoors (99.2%) | Sky (95.89%) | Person (93.47%) | Lighting (88.14%) | Pattern (86.6%) | Art (85.28%)
5967f1f5-4e10-40ae-b40d-897b90408cc3,wallpapers/5967f1f5-4e10-40ae-b40d-897b90408cc3/full.jpg,15,Outdoors,Outdoors (99.95%) | Shelter (99.95%) | Vegetation (99.9%) | Countryside (99.57%) | Hut (99.57%) | Nature (99.57%) | Scenery (99.37%) | Housing (97.32%) | Jungle (97.07%) | Land (96.58%) | House (91.12%) | Tree (90.62%) | Woodland (89.56%) | Pond (80.29%) | Cabin (78.24%)
5a4e8a64-c4fe-416f-9db5-0376a18f64fe,wallpapers/5a4e8a64-c4fe-416f-9db5-0376a18f64fe/full.png,6,Mountain,Mountain (100%) | Nature (100%) | Outdoors (100%) | Eruption (89.31%) | Volcano (89.31%) | Texture (80.65%)
580d316d-faf6-4c96-9915-247bedb5ce79,wallpapers/580d316d-faf6-4c96-9915-247bedb5ce79/full.png,11,Art,Art (100%) | Modern Art (100%) | Graphics (99.9%) | Purple (99.86%) | Collage (99.54%) | Adult (93.45%) | Male (93.45%) | Man (93.45%) | Person (93.45%) | Face (80.09%) | Head (80.09%)
5a5e3e78-0d6b-46df-a699-4ab25c628adc,wallpapers/5a5e3e78-0d6b-46df-a699-4ab25c628adc/full.jpg,2,Helmet,Helmet (83.81%) | Logo (73.74%)
5a3de5a7-50fb-4e10-8c8b-d356cae5c2af,wallpapers/5a3de5a7-50fb-4e10-8c8b-d356cae5c2af/full.jpg,13,Lighting,Lighting (100%) | Urban (99.95%) | Concert (99.88%) | Crowd (99.88%) | Person (99.88%) | Light (99.63%) | Club (98.25%) | Stage (91.53%) | Flare (88%) | Night Life (74.1%) | Car (72.38%) | Transportation (72.38%) | Vehicle (72.38%)
59fe363d-1d20-4e8d-af49-211a1754ce0b,wallpapers/59fe363d-1d20-4e8d-af49-211a1754ce0b/full.jpeg,2,Pattern,Pattern (99.98%) | Text (72.25%)
59380389-75b9-44b7-8953-20798e4af06d,wallpapers/59380389-75b9-44b7-8953-20798e4af06d/full.png,2,Person,Person (97.98%) | Black (94.34%)
5a9ac3bc-7d0a-4eb9-88fd-c32e11ae9898,wallpapers/5a9ac3bc-7d0a-4eb9-88fd-c32e11ae9898/full.png,2,Person,Person (87.42%) | Blue (81.88%)
5a416ba1-75db-417d-9618-7be58b809e77,wallpapers/5a416ba1-75db-417d-9618-7be58b809e77/full.png,6,Art,Art (100%) | Floral Design (100%) | Graphics (100%) | Pattern (100%) | Plant (99.46%) | Flower (70.17%)
5b78857a-fd19-41c1-8836-c7858ba7b04e,wallpapers/5b78857a-fd19-41c1-8836-c7858ba7b04e/full.jpg,1,Gray,Gray (90.94%)
5b49d6e0-67e4-42cb-afec-fab7f00e4d7e,wallpapers/5b49d6e0-67e4-42cb-afec-fab7f00e4d7e/full.jpg,11,Art,Art (99.98%) | Graphics (99.98%) | Nature (99.06%) | Outdoors (99.06%) | Pattern (98.66%) | Modern Art (96.11%) | Mountain (95.45%) | Person (92.16%) | Accessories (89.03%) | Painting (75.4%) | Ornament (71.4%)
5acc1322-fcb8-4cdf-89eb-b863d66cbc80,wallpapers/5acc1322-fcb8-4cdf-89eb-b863d66cbc80/full.png,8,Art,Art (100%) | Floral Design (100%) | Graphics (100%) | Pattern (100%) | Flower (99.43%) | Plant (99.43%) | Anther (97.05%) | Person (82.92%)
5be90797-af78-4206-9780-be6e4df1d4e6,wallpapers/5be90797-af78-4206-9780-be6e4df1d4e6/full.png,4,Pattern,Pattern (99.99%) | Home Decor (98.6%) | Texture (98.51%) | Green (86.54%)
5bc2c3e1-cf75-4beb-9eb4-6bdeb5d5a8dc,wallpapers/5bc2c3e1-cf75-4beb-9eb4-6bdeb5d5a8dc/full.png,5,Pattern,Pattern (99.43%) | Art (99.22%) | Graphics (99.22%) | Purple (99.12%) | Modern Art (98.65%)
5cced966-3ef9-492c-9052-b295adbee2a0,wallpapers/5cced966-3ef9-492c-9052-b295adbee2a0/full.png,3,Architecture,Architecture (91.01%) | Building (91.01%) | Blue (87.58%)
5c06bc31-b61c-47e7-8e0c-977b136c7aa0,wallpapers/5c06bc31-b61c-47e7-8e0c-977b136c7aa0/full.png,5,Art,Art (100%) | Graphics (100%) | Modern Art (99.8%) | Purple (99.58%) | Pattern (99.31%)
5bac4160-a520-4838-8daf-d9237aba3881,wallpapers/5bac4160-a520-4838-8daf-d9237aba3881/full.jpg,6,Acanthaceae,Acanthaceae (99.99%) | Flower (99.99%) | Plant (99.99%) | Leaf (99.96%) | Geranium (99.93%) | Petal (99.63%)
5c3363ac-4029-4c65-ad36-c1a987063a6e,wallpapers/5c3363ac-4029-4c65-ad36-c1a987063a6e/full.png,7,Mountain,Mountain (100%) | Mountain Range (100%) | Nature (100%) | Outdoors (100%) | Peak (100%) | Ice (79.55%) | Scenery (77.25%)
5cd87f1b-2ec1-45ab-87fc-b9f3ae86cc5c,wallpapers/5cd87f1b-2ec1-45ab-87fc-b9f3ae86cc5c/full.png,9,Outdoors,Outdoors (99.79%) | Nature (99.04%) | Water (95.42%) | Person (93.97%) | Land (89.81%) | Sea (86.65%) | Oil Spill (78.5%) | Aerial View (74.67%) | River (74.64%)
5cf0ba73-6666-48a4-a6d1-4d7fce0c7ec9,wallpapers/5cf0ba73-6666-48a4-a6d1-4d7fce0c7ec9/full.png,4,Art,Art (99.41%) | Doodle (99.04%) | Drawing (99.04%) | Pattern (82.11%)
5d1b98db-c9fa-4fc8-accb-47e855e14dfb,wallpapers/5d1b98db-c9fa-4fc8-accb-47e855e14dfb/full.png,4,Pattern,Pattern (96.37%) | Purple (90.75%) | Accessories (78.17%) | Texture (71.97%)
5defdd94-7948-4c54-9b30-ce9b360562a4,wallpapers/5defdd94-7948-4c54-9b30-ce9b360562a4/full.jpg,2,Page,Page (87.7%) | Text (87.7%)
5dcab71d-7dca-4102-b869-77232d198ab1,wallpapers/5dcab71d-7dca-4102-b869-77232d198ab1/full.png,5,Sphere,Sphere (100%) | Lighting (99.3%) | Balloon (97.76%) | Light (97.61%) | Purple (82.09%)
5d790c70-a4b9-4230-a15c-c56bccfa4eb2,wallpapers/5d790c70-a4b9-4230-a15c-c56bccfa4eb2/full.png,11,Pattern,Pattern (99.53%) | Logo (98.33%) | Art (95.17%) | Graphics (95.17%) | Nature (86.7%) | Night (86.7%) | Outdoors (86.7%) | Person (77.72%) | Accessories (74.93%) | Fractal (74.93%) | Ornament (74.93%)
5e5d94c3-8e03-444a-b4f5-484f5f1a0670,wallpapers/5e5d94c3-8e03-444a-b4f5-484f5f1a0670/full.jpg,4,Paper,Paper (100%) | Confetti (99.58%) | Pattern (94.95%) | Scoreboard (79.95%)
5e3ceeb0-9571-4736-ac2d-47260ccea853,wallpapers/5e3ceeb0-9571-4736-ac2d-47260ccea853/full.jpg,13,Purple,Purple (99.99%) | Nature (99.61%) | Night (99.61%) | Outdoors (99.61%) | Clothing (99.05%) | Coat (99.05%) | Lighting (98.25%) | Adult (96.39%) | Male (96.39%) | Man (96.39%) | Person (96.39%) | Jacket (96.28%) | Cassette (93.07%)
5dbee48a-9d9a-49e0-9efa-de325fc342bd,wallpapers/5dbee48a-9d9a-49e0-9efa-de325fc342bd/full.png,6,Art,Art (94.85%) | Graphics (84.69%) | Animal (75.18%) | Fish (75.18%) | Sea Life (75.18%) | Shark (75.18%)
5e12ab85-cdbd-4412-bcbe-03c9af9f6298,wallpapers/5e12ab85-cdbd-4412-bcbe-03c9af9f6298/full.png,3,Business Card,Business Card (75.82%) | Paper (75.82%) | Text (75.82%)
5e756a6d-0dcd-4e0f-9c92-0bd49a4acdeb,wallpapers/5e756a6d-0dcd-4e0f-9c92-0bd49a4acdeb/full.png,3,Wood,Wood (98.08%) | Floor (72.25%) | Flooring (72.25%)
5eb15120-8a9b-4be3-9148-110569038b15,wallpapers/5eb15120-8a9b-4be3-9148-110569038b15/full.jpg,6,Body Part,Body Part (99.93%) | Finger (99.93%) | Hand (99.93%) | Person (99.93%) | Light (99.68%) | Urban (96.91%)
5e0b511e-dc59-482c-bf80-928021aba5b5,wallpapers/5e0b511e-dc59-482c-bf80-928021aba5b5/full.png,9,Pattern,Pattern (99.98%) | Accessories (99.79%) | Ornament (99.28%) | Light (99.2%) | Fractal (98.93%) | Nature (90.17%) | Night (90.17%) | Outdoors (90.17%) | Sky (81.96%)
5ebd6252-4f9c-4d21-80e5-81fa094fa655,wallpapers/5ebd6252-4f9c-4d21-80e5-81fa094fa655/full.png,7,Art,Art (99.95%) | Graphics (99.95%) | Pattern (99.95%) | Disk (93.87%) | Accessories (91.99%) | Fractal (91.99%) | Ornament (91.99%)
5e7b9293-24fb-47f0-821b-f9bb27f54fb4,wallpapers/5e7b9293-24fb-47f0-821b-f9bb27f54fb4/full.jpg,13,Nature,Nature (100%) | Outdoors (100%) | Sky (100%) | Palm Tree (99.99%) | Plant (99.99%) | Tree (99.99%) | Sunset (99.98%) | Silhouette (99.95%) | Summer (99.62%) | Sunlight (99.36%) | Tropical (73.27%) | Animal (72.84%) | Bird (72.84%)
5f3aa4d4-ebe6-481d-a6f5-4c41d3b18314,wallpapers/5f3aa4d4-ebe6-481d-a6f5-4c41d3b18314/full.jpg,4,Silhouette,Silhouette (98.96%) | Outdoors (88.48%) | Nature (85.1%) | Sky (71.7%)
5ebfadee-cca4-424a-979a-67e3b36e0e93,wallpapers/5ebfadee-cca4-424a-979a-67e3b36e0e93/full.png,2,Grille,Grille (99.99%) | Texture (83.42%)
5f8613d2-a7ae-4c2c-a6bf-a82d69a7460a,wallpapers/5f8613d2-a7ae-4c2c-a6bf-a82d69a7460a/full.png,3,Spiral,Spiral (99.49%) | Pattern (97.18%) | Water (77.86%)
60d2ac5a-185d-4646-a2d6-cf911875d5b0,wallpapers/60d2ac5a-185d-4646-a2d6-cf911875d5b0/full.jpeg,2,Black,Black (83.48%) | Person (81.98%)
60737aed-af1d-4a44-9df5-d90e49ebff04,wallpapers/60737aed-af1d-4a44-9df5-d90e49ebff04/full.jpg,2,Light,Light (100%) | Neon (100%)
5f01009b-84bb-47b0-b81d-e1aa1e16c08f,wallpapers/5f01009b-84bb-47b0-b81d-e1aa1e16c08f/full.png,2,Robot,Robot (89.06%) | Cartoon (71.27%)
604e956f-1e6d-4e7e-82d4-3f8b89a0f6e9,wallpapers/604e956f-1e6d-4e7e-82d4-3f8b89a0f6e9/full.png,9,Nature,Nature (99.99%) | Outdoors (99.99%) | Mountain (99.99%) | Mountain Range (99.99%) | Peak (99.95%) | Plateau (98.49%) | Night (93.63%) | Sky (85.79%) | Scenery (81.57%)
5f8adde8-0e07-41ff-bd5d-3f88823f4ce4,wallpapers/5f8adde8-0e07-41ff-bd5d-3f88823f4ce4/full.png,10,Art,Art (100%) | Modern Art (100%) | Pattern (99.74%) | Person (93.64%) | Graphics (93.44%) | Purple (91.08%) | Accessories (89.57%) | Painting (81.09%) | Fractal (70.17%) | Ornament (70.17%)
6117032c-b481-4572-a73f-a0b258e8a8b5,wallpapers/6117032c-b481-4572-a73f-a0b258e8a8b5/full.jpg,12,Nature,Nature (100%) | Outdoors (100%) | Sky (100%) | Sunset (99.96%) | Scenery (93.5%) | Sun (92.75%) | Sunlight (89.73%) | Horizon (89.22%) | Sunrise (85.87%) | Face (75.37%) | Head (75.37%) | Person (75.37%)
61448350-5665-4d1b-b6f4-f730d8f96198,wallpapers/61448350-5665-4d1b-b6f4-f730d8f96198/full.jpg,15,Costume,Costume (100%) | Person (100%) | Book (97.36%) | Comics (97.36%) | Publication (97.36%) | Adult (96.03%) | Female (96.03%) | Woman (96.03%) | Face (91.75%) | Head (91.75%) | Jewelry (86.58%) | Necklace (86.58%) | Painting (83.15%) | Figurine (77.07%) | Gun (74.98%)
5f5de0ab-b69e-4ca0-9e4d-92fc35c7d2fb,wallpapers/5f5de0ab-b69e-4ca0-9e4d-92fc35c7d2fb/full.jpg,7,Handrail,Handrail (100%) | Architecture (100%) | Building (100%) | House (100%) | Housing (100%) | Staircase (100%) | Railing (99.99%)
616ece41-fd07-46ee-be91-4510757f6db4,wallpapers/616ece41-fd07-46ee-be91-4510757f6db4/full.jpg,2,Art,Art (99.84%) | Pattern (88.84%)
62476bad-afc4-4af3-9448-6360c59320c1,wallpapers/62476bad-afc4-4af3-9448-6360c59320c1/full.jpg,3,Light,Light (99.97%) | Neon (97%) | Person (71.71%)
6200cbc7-34ce-4c97-8d88-d4b362498e40,wallpapers/6200cbc7-34ce-4c97-8d88-d4b362498e40/full.jpg,15,Nature,Nature (100%) | Outdoors (100%) | Sky (100%) | Sunset (99.98%) | Silhouette (99.89%) | Plant (99.31%) | Tree (99.31%) | Fir (98.96%) | Sunrise (98.93%) | Sunlight (98.11%) | Scenery (97.79%) | Lion (91.2%) | Night (85.55%) | Vegetation (78.19%) | Sun (76.04%)
61eb934d-644f-45e6-b7e5-aafeb661a435,wallpapers/61eb934d-644f-45e6-b7e5-aafeb661a435/full.png,8,Art,Art (100%) | Graphics (100%) | Purple (99.63%) | Pattern (99.62%) | Lighting (94.37%) | Texture (90.8%) | Modern Art (88.58%) | Sphere (87.93%)
6223a8c3-1de5-49cb-aaa0-f1fa472ec10a,wallpapers/6223a8c3-1de5-49cb-aaa0-f1fa472ec10a/full.jpg,7,Nature,Nature (100%) | Outdoors (100%) | Sky (100%) | Horizon (100%) | Road (99.98%) | Freeway (99.04%) | Highway (99.04%)
617e062e-ac27-4877-ab44-859bbca8d280,wallpapers/617e062e-ac27-4877-ab44-859bbca8d280/full.jpg,5,Purple,Purple (99.99%) | Disk (95.12%) | Lighting (93.98%) | Electronics (92.19%) | Sphere (73.16%)
61839606-b76b-47ae-ae76-8cce5f93ebdb,wallpapers/61839606-b76b-47ae-ae76-8cce5f93ebdb/full.png,1,Black,Black (96.12%)
6185c56c-27cf-43c8-bfab-ae6c29c29461,wallpapers/6185c56c-27cf-43c8-bfab-ae6c29c29461/full.png,6,Astronomy,Astronomy (77.5%) | Moon (77.5%) | Nature (77.5%) | Night (77.5%) | Outdoors (77.5%) | Blue (77.33%)
61ef84c4-5648-4f49-9ba9-04822cffd203,wallpapers/61ef84c4-5648-4f49-9ba9-04822cffd203/full.jpg,10,Nature,Nature (100%) | Outdoors (100%) | Sea (100%) | Water (100%) | Shoreline (98.36%) | Coast (98.31%) | Beach (95.08%) | Aerial View (81.05%) | Sea Waves (79.49%) | Foam (70.41%)
6293d6f9-3eee-411c-b455-674db3e8a064,wallpapers/6293d6f9-3eee-411c-b455-674db3e8a064/full.png,10,Nature,Nature (100%) | Outdoors (100%) | Promontory (100%) | Water (100%) | Beach (99.99%) | Coast (99.99%) | Sea (99.99%) | Shoreline (99.99%) | Cliff (96.6%) | Land (76.14%)
62efc8cc-1296-4f28-a703-6c9bfe021e05,wallpapers/62efc8cc-1296-4f28-a703-6c9bfe021e05/full.png,14,Nature,Nature (99.57%) | Outdoors (99.57%) | Sky (99.57%) | Silhouette (98.41%) | Night (97.99%) | Urban (81.43%) | Architecture (79.81%) | Building (79.81%) | Factory (79.81%) | Art (75.21%) | Sunset (73.49%) | Bonfire (72.75%) | Fire (72.75%) | Flame (72.75%)
643d780b-f1e5-4ed0-8998-e7484ad10d17,wallpapers/643d780b-f1e5-4ed0-8998-e7484ad10d17/full.jpg,4,Ball,Ball (77.64%) | Baseball (77.64%) | Baseball (Ball) (77.64%) | Sport (77.64%)
648ea643-5c2b-42c7-b688-394920500043,wallpapers/648ea643-5c2b-42c7-b688-394920500043/full.jpg,15,Nature,Nature (100%) | Outdoors (100%) | Sky (100%) | Night (99.98%) | Sunset (99.3%) | Car (98.42%) | Vehicle (98.42%) | Horizon (96.58%) | Moon (91.46%) | Palm Tree (91.11%) | Plant (91.11%) | Tree (91.11%) | Machine (90.53%) | Wheel (90.53%) | Summer (71.3%)
63673bc5-e2eb-43de-a6cc-84147e35b84d,wallpapers/63673bc5-e2eb-43de-a6cc-84147e35b84d/full.jpg,14,Helmet,Helmet (99.69%) | Urban (99.64%) | Adult (96.66%) | Male (96.66%) | Man (96.66%) | Person (96.66%) | Clothing (93.45%) | Glove (93.45%) | Motorcycle (88.62%) | Transportation (88.62%) | Vehicle (88.62%) | Headlight (83.55%) | Machine (80.95%) | Wheel (80.95%)
64780103-d8c1-4f1b-a26b-bc6fd2fca691,wallpapers/64780103-d8c1-4f1b-a26b-bc6fd2fca691/full.png,3,Art,Art (100%) | Graphics (100%) | Modern Art (99.57%)
6475d08d-d6d0-433a-9cca-92b15e29acfe,wallpapers/6475d08d-d6d0-433a-9cca-92b15e29acfe/full.png,6,Balloon,Balloon (94.42%) | Food (90.48%) | Sweets (90.48%) | Guitar (86.96%) | Musical Instrument (86.96%) | Plectrum (79.16%)
648742b3-bf93-4fdc-994b-7a6f1ed2b679,wallpapers/648742b3-bf93-4fdc-994b-7a6f1ed2b679/full.jpeg,2,Lighting,Lighting (99.22%) | Person (97.48%)
648d9f75-21ff-4086-af9c-fbc72d19c848,wallpapers/648d9f75-21ff-4086-af9c-fbc72d19c848/full.png,9,Nature,Nature (100%) | Night (100%) | Outdoors (100%) | Starry Sky (99.98%) | Sky (98.38%) | Mountain (98.23%) | Mountain Range (98.23%) | Peak (95.08%) | Scenery (90.82%)
6309e5b0-2242-4ce4-b26f-fc9a831b98e6,wallpapers/6309e5b0-2242-4ce4-b26f-fc9a831b98e6/full.png,5,Light,Light (100%) | Neon (99.26%) | Car (75%) | Transportation (75%) | Vehicle (75%)
648825f5-6610-409a-987b-1ebb50db76f5,wallpapers/648825f5-6610-409a-987b-1ebb50db76f5/full.jpg,6,Art,Art (98.92%) | Nature (98.62%) | Outdoors (98.62%) | Sea (98.62%) | Water (98.62%) | Painting (97.02%)
64999537-11c8-4419-a69f-a7f08a06fd69,wallpapers/64999537-11c8-4419-a69f-a7f08a06fd69/full.png,6,Green,Green (95.99%) | Nature (95.11%) | Outdoors (95.11%) | Night (83.67%) | Light (80.71%) | Mountain (75.58%)
63442248-15d5-4d12-955a-7412f202e81e,wallpapers/63442248-15d5-4d12-955a-7412f202e81e/full.jpg,7,Droplet,Droplet (97.22%) | Outdoors (83.09%) | Face (74.17%) | Head (74.17%) | Person (74.17%) | Water (72.93%) | Nature (72.79%)
653668ba-1a70-4fa0-bfdf-91901c47695d,wallpapers/653668ba-1a70-4fa0-bfdf-91901c47695d/full.png,10,Nature,Nature (99.49%) | Outdoors (99.49%) | Flower (99.14%) | Plant (99.14%) | Rose (99.14%) | Art (99.05%) | Graphics (97.62%) | Modern Art (95.71%) | Sky (84.37%) | Painting (81.44%)
6573d3e7-3a65-45c0-8d6b-8d71bce4db26,wallpapers/6573d3e7-3a65-45c0-8d6b-8d71bce4db26/full.png,14,Ice,Ice (99.93%) | Nature (99.8%) | Outdoors (99.8%) | Advertisement (98.68%) | Poster (97.85%) | Adult (93.23%) | Bride (93.23%) | Female (93.23%) | Person (93.23%) | Wedding (93.23%) | Woman (93.23%) | Face (79.64%) | Head (79.64%) | Snow (72.29%)
65f598d2-baef-44e2-a084-5fb32d78c42e,wallpapers/65f598d2-baef-44e2-a084-5fb32d78c42e/full.jpg,2,Sticker,Sticker (95.47%) | Art (79.04%)
66a789c8-7021-43b4-abf3-56f0a06fcb79,wallpapers/66a789c8-7021-43b4-abf3-56f0a06fcb79/full.jpeg,6,Nature,Nature (99.43%) | Outdoors (99.43%) | Water (96.97%) | Sea (95.5%) | Underwater (87.46%) | Ocean Floor (80.33%)
663b408e-feae-44a1-9434-6c233a5374a5,wallpapers/663b408e-feae-44a1-9434-6c233a5374a5/full.jpg,6,Architecture,Architecture (99.61%) | Building (99.61%) | Cityscape (99.61%) | Urban (99.61%) | Bridge (95.56%) | Outdoors (71.75%)
661554ac-d18a-4c0d-b6ae-074bd14520a7,wallpapers/661554ac-d18a-4c0d-b6ae-074bd14520a7/full.png,1,Balloon,Balloon (79.78%)
65f8bd5c-9e84-48fe-abef-97eedd0bb044,wallpapers/65f8bd5c-9e84-48fe-abef-97eedd0bb044/full.png,7,Art,Art (99.87%) | Graphics (99.87%) | Nature (94.03%) | Outdoors (94.03%) | Pattern (86.6%) | Person (84.42%) | Ice (81.71%)
6553ff43-35fa-4910-9897-2845743b9d13,wallpapers/6553ff43-35fa-4910-9897-2845743b9d13/full.png,8,Art,Art (97.62%) | Graphics (97.62%) | Nature (91.85%) | Outdoors (91.85%) | Sky (91.85%) | Light (87.02%) | Texture (83.57%) | Purple (72.99%)
66c07456-12d7-49fb-beed-54fcc81dc4a3,wallpapers/66c07456-12d7-49fb-beed-54fcc81dc4a3/full.jpg,1,Black,Black (84.25%)
678ff660-8a5b-4683-80e5-4a2d39bb2f21,wallpapers/678ff660-8a5b-4683-80e5-4a2d39bb2f21/full.png,1,Gray,Gray (99.93%)
662b8807-a125-48cf-a120-4f2f8a6e0237,wallpapers/662b8807-a125-48cf-a120-4f2f8a6e0237/full.jpg,4,Stencil,Stencil (98%) | People (89.72%) | Person (89.72%) | Logo (83.52%)
67ac1428-beea-4787-8277-c984546bba28,wallpapers/67ac1428-beea-4787-8277-c984546bba28/full.png,3,Pattern,Pattern (99.98%) | Texture (99.74%) | Door (92.12%)
67de31dc-9015-45f5-8c3e-46acb549e526,wallpapers/67de31dc-9015-45f5-8c3e-46acb549e526/full.png,2,Text,Text (89.95%) | Electronics (76.47%)
6969287c-bb58-41ae-b1b5-27c2a63d5d3f,wallpapers/6969287c-bb58-41ae-b1b5-27c2a63d5d3f/full.jpg,9,Clothing,Clothing (100%) | Hood (100%) | Hoodie (98.6%) | Knitwear (98.6%) | Sweater (98.6%) | Sweatshirt (98.6%) | Person (98.15%) | Animal (78.32%) | Bird (78.32%)
68c56281-be6f-496d-96a5-25cbe79af861,wallpapers/68c56281-be6f-496d-96a5-25cbe79af861/full.jpeg,1,Light,Light (72.57%)
68be61c0-5d9c-4829-93b9-c83b4d6afa23,wallpapers/68be61c0-5d9c-4829-93b9-c83b4d6afa23/full.jpg,14,Summer,Summer (100%) | Nature (99.97%) | Outdoors (99.97%) | Sea (99.97%) | Water (99.97%) | Tropical (99.96%) | Palm Tree (97.77%) | Plant (97.77%) | Tree (97.77%) | Person (94.18%) | Shoreline (93.53%) | Coast (93.26%) | Aerial View (84.54%) | Land (81.4%)
662327a1-d759-465e-9c1f-081846c647ef,wallpapers/662327a1-d759-465e-9c1f-081846c647ef/full.png,12,Art,Art (100%) | Graphics (100%) | Pattern (99.81%) | Accessories (98.48%) | Fractal (98.48%) | Ornament (98.48%) | Car (98.28%) | Transportation (98.28%) | Vehicle (98.28%) | Nature (96.14%) | Night (96.14%) | Outdoors (96.14%)
69932a5d-d694-4c3d-86c4-ad4c51f79142,wallpapers/69932a5d-d694-4c3d-86c4-ad4c51f79142/full.jpg,2,Texture,Texture (99.19%) | White Board (83.08%)
69faf544-868d-4d73-a7ae-61b9a861b330,wallpapers/69faf544-868d-4d73-a7ae-61b9a861b330/full.jpg,4,Nature,Nature (100%) | Night (100%) | Outdoors (100%) | Sky (100%)
698867ce-0c1f-4424-b5e8-fa9f551fd573,wallpapers/698867ce-0c1f-4424-b5e8-fa9f551fd573/full.png,5,Lighting,Lighting (100%) | Light (95.58%) | Nature (84.71%) | Outdoors (84.71%) | Sky (84.71%)
69d534fe-43a4-4ce6-bebd-f16daad7840d,wallpapers/69d534fe-43a4-4ce6-bebd-f16daad7840d/full.png,1,Fashion,Fashion (99.8%)
6a29d5be-f6d7-4070-b519-8a0a25b837e1,wallpapers/6a29d5be-f6d7-4070-b519-8a0a25b837e1/full.jpg,4,Fire,Fire (99.13%) | Flame (99.13%) | Flower (98.39%) | Plant (98.39%)
6915b4b7-dd8a-4dcf-a8cd-07b98fc3e489,wallpapers/6915b4b7-dd8a-4dcf-a8cd-07b98fc3e489/full.png,3,Architecture,Architecture (99.35%) | Building (99.35%) | Texture (98.22%)
6a2d8c24-35ea-4bc9-8047-d7c0f07ccdff,wallpapers/6a2d8c24-35ea-4bc9-8047-d7c0f07ccdff/full.png,5,Sphere,Sphere (100%) | Pattern (99.93%) | Texture (92.6%) | Art (78.23%) | Graphics (78.23%)
6a472999-81ba-4369-9b44-d1054ea498be,wallpapers/6a472999-81ba-4369-9b44-d1054ea498be/full.png,5,Art,Art (99.98%) | Modern Art (99.98%) | Graphics (99.76%) | Texture (97.03%) | Pattern (86.75%)
6a88976d-7fca-4b7d-abdd-dc9d79e4df9e,wallpapers/6a88976d-7fca-4b7d-abdd-dc9d79e4df9e/full.jpg,11,Nature,Nature (100%) | Outdoors (100%) | Sky (100%) | Sunset (100%) | Sunrise (99.48%) | Scenery (95.56%) | Person (90.94%) | Mountain (88.93%) | Plant (87.95%) | Tree (87.95%) | Sunlight (77.1%)
6b85e00a-9992-4b6e-aa94-47c760293ee2,wallpapers/6b85e00a-9992-4b6e-aa94-47c760293ee2/full.jpg,9,Nature,Nature (99.99%) | Outdoors (99.99%) | Scenery (99.99%) | Mountain (99.89%) | Mountain Range (99.82%) | Peak (99.82%) | Person (89.72%) | Night (87.85%) | Landscape (81.04%)
6b678897-3035-4938-8290-9dac71c0c0ad,wallpapers/6b678897-3035-4938-8290-9dac71c0c0ad/full.png,8,Sphere,Sphere (99.3%) | Lighting (98.04%) | Purple (81.79%) | Astronomy (70.83%) | Moon (70.83%) | Nature (70.83%) | Night (70.83%) | Outdoors (70.83%)
6bfb90ff-c239-48d2-ad56-8bc6f7a9bc8b,wallpapers/6bfb90ff-c239-48d2-ad56-8bc6f7a9bc8b/full.jpg,8,Lighting,Lighting (99.95%) | Architecture (99.72%) | Building (99.72%) | Nature (99.71%) | Night (99.71%) | Outdoors (99.71%) | Light (98.78%) | Pattern (95.12%)
6b3d7172-fb50-4151-a793-e226f34e8bb7,wallpapers/6b3d7172-fb50-4151-a793-e226f34e8bb7/full.png,5,Lighting,Lighting (99.99%) | Pattern (96.74%) | Purple (95.89%) | Paper (89.79%) | Balloon (70.33%)
68f77793-3dd7-4866-913f-afa891efe13c,wallpapers/68f77793-3dd7-4866-913f-afa891efe13c/full.jpg,15,Nature,Nature (99.53%) | Outdoors (99.53%) | Sky (99.53%) | Adult (99.27%) | Male (99.27%) | Man (99.27%) | Person (99.27%) | Silhouette (97.72%) | Bird (97.46%) | Shoe (97.31%) | Photography (96.71%) | Night (92.36%) | City (81.03%) | Tree (74.52%) | Toy (71.8%)
6ac1fc67-8b9d-45df-8e63-eafc96fb9b94,wallpapers/6ac1fc67-8b9d-45df-8e63-eafc96fb9b94/full.png,2,Purple,Purple (100%) | Light (87.79%)
6b8c27fb-5242-458a-ab4a-6e39fb2c67af,wallpapers/6b8c27fb-5242-458a-ab4a-6e39fb2c67af/full.png,6,Pattern,Pattern (99.94%) | Accessories (99.11%) | Fractal (93.59%) | Ornament (93.59%) | Architecture (70.42%) | Building (70.42%)
6ac82e1d-9478-4094-bfc2-9bb800f882e6,wallpapers/6ac82e1d-9478-4094-bfc2-9bb800f882e6/full.png,6,Food,Food (90.36%) | Meal (90.36%) | Nature (88.03%) | Outdoors (88.03%) | Sky (88.03%) | Rainbow (72.7%)
6d8d1854-1b28-4c5e-84a6-e3cc7a847f7b,wallpapers/6d8d1854-1b28-4c5e-84a6-e3cc7a847f7b/full.jpg,4,Animal,Animal (99.67%) | Mammal (99.67%) | Panther (99.67%) | Wildlife (99.67%)
6d42978d-a2c1-4804-bb18-d8c8f63109df,wallpapers/6d42978d-a2c1-4804-bb18-d8c8f63109df/full.jpg,14,Lighting,Lighting (100%) | City (99.98%) | Road (99.97%) | Street (99.97%) | Urban (99.97%) | Adult (99.76%) | Female (99.76%) | Person (99.76%) | Woman (99.76%) | Art (99.4%) | Modern Art (99.4%) | Architecture (98.44%) | Building (98.44%) | Light (81.66%)
6c6d47eb-6712-498d-a969-dda6a5ec928f,wallpapers/6c6d47eb-6712-498d-a969-dda6a5ec928f/full.png,6,Triangle,Triangle (99.79%) | Astronomy (87.37%) | Moon (87.37%) | Nature (87.37%) | Night (87.37%) | Outdoors (87.37%)
6de64103-de0c-4293-ba56-d02550dd5a49,wallpapers/6de64103-de0c-4293-ba56-d02550dd5a49/full.png,3,Art,Art (87.58%) | Graphics (87.58%) | Person (86.98%)
6c107822-e1a9-4ecd-81e9-c64e6938a57c,wallpapers/6c107822-e1a9-4ecd-81e9-c64e6938a57c/full.png,14,Animal,Animal (96.53%) | Clam (96.53%) | Food (96.53%) | Invertebrate (96.53%) | Sea Life (96.53%) | Seafood (96.53%) | Seashell (96.53%) | Astronomy (93.59%) | Outer Space (93.59%) | Moon (90.08%) | Nature (90.08%) | Night (90.08%) | Outdoors (90.08%) | Planet (87.7%)
6eab8d62-f7c7-44aa-a1d5-933b00d1e80c,wallpapers/6eab8d62-f7c7-44aa-a1d5-933b00d1e80c/full.jpg,11,Art,Art (99.88%) | Modern Art (99.88%) | Pattern (99.77%) | Flower (97.16%) | Plant (97.16%) | Rose (97.16%) | Accessories (92.47%) | Ornament (85.76%) | Fractal (83.75%) | Painting (79.49%) | Outdoors (76.94%)
6e2cd59b-7ef2-4266-a7af-e3fe97febc72,wallpapers/6e2cd59b-7ef2-4266-a7af-e3fe97febc72/full.png,7,Purple,Purple (100%) | Nature (99.95%) | Outdoors (99.95%) | Sky (99.95%) | Art (98.53%) | Graphics (98.53%) | Texture (97.65%)
6ccc7235-d521-4f13-b316-ee8737b3106b,wallpapers/6ccc7235-d521-4f13-b316-ee8737b3106b/full.jpg,3,Silhouette,Silhouette (91.31%) | Person (86.86%) | Outdoors (76.57%)
6f053472-a335-4fc5-99b0-913b1d9bbc4c,wallpapers/6f053472-a335-4fc5-99b0-913b1d9bbc4c/full.png,10,Nature,Nature (100%) | Night (100%) | Outdoors (100%) | Sky (99.4%) | Lighting (96.24%) | Water (87.93%) | Animal (77.2%) | Antelope (77.2%) | Mammal (77.2%) | Wildlife (77.2%)
6f3064eb-cfcf-48c4-ad90-25f652245126,wallpapers/6f3064eb-cfcf-48c4-ad90-25f652245126/full.jpg,2,Logo,Logo (86.87%) | Text (81.82%)
6baf8336-94d0-48aa-8e2d-3c1dfc4c8a84,wallpapers/6baf8336-94d0-48aa-8e2d-3c1dfc4c8a84/full.png,6,Art,Art (100%) | Modern Art (100%) | Painting (99.55%) | Graphics (98.72%) | Pattern (97.97%) | Person (70.18%)
6ef60e97-7e34-455f-931a-a36ecc6ae9ea,wallpapers/6ef60e97-7e34-455f-931a-a36ecc6ae9ea/full.png,4,Car,Car (88.34%) | Transportation (88.34%) | Vehicle (88.34%) | Blue (83.07%)
6fafc1cd-c08a-4a5a-bb28-6fadb06ba1e9,wallpapers/6fafc1cd-c08a-4a5a-bb28-6fadb06ba1e9/full.jpg,3,Art,Art (98.13%) | Drawing (97.39%) | Cartoon (94.48%)
6d9f96c0-09cc-4b7e-a889-148c743b87be,wallpapers/6d9f96c0-09cc-4b7e-a889-148c743b87be/full.jpg,2,Light,Light (100%) | Lightbulb (95.79%)
6f79e441-7ad7-4eb9-ba9f-6da7755ca6cb,wallpapers/6f79e441-7ad7-4eb9-ba9f-6da7755ca6cb/full.jpeg,3,Post Apocalyptic,Post Apocalyptic (95.33%) | Clothing (89.37%) | Glove (89.37%)
6f70f201-9a1a-4e50-83b3-b148c8b1e179,wallpapers/6f70f201-9a1a-4e50-83b3-b148c8b1e179/full.jpg,13,Nature,Nature (100%) | Outdoors (100%) | Sea (100%) | Water (100%) | Land (99.99%) | Coast (99.9%) | Shoreline (99.9%) | Plant (99.9%) | Vegetation (99.9%) | Tree (96.2%) | Woodland (96.2%) | Aerial View (93.42%) | Person (73.68%)
70080f38-da12-47a4-9002-92597891e66b,wallpapers/70080f38-da12-47a4-9002-92597891e66b/full.jpg,8,Advertisement,Advertisement (99.88%) | Poster (99.88%) | Book (99.5%) | Publication (99.5%) | Adult (95.69%) | Male (95.69%) | Man (95.69%) | Person (95.69%)
6f7e4b2c-bb3d-425e-bba2-b042796e4f3d,wallpapers/6f7e4b2c-bb3d-425e-bba2-b042796e4f3d/full.png,7,Nature,Nature (100%) | Night (100%) | Outdoors (100%) | Starry Sky (99.59%) | Sky (99.32%) | Scenery (97%) | Horizon (72.65%)
6fadd9c8-9e3d-4eb5-8df8-89be4fd554db,wallpapers/6fadd9c8-9e3d-4eb5-8df8-89be4fd554db/full.png,7,Countryside,Countryside (100%) | Hill (100%) | Nature (100%) | Outdoors (100%) | Scenery (93.69%) | Plateau (92.64%) | Field (87.84%)
703d8e59-a619-41b0-a3f3-a445602307e9,wallpapers/703d8e59-a619-41b0-a3f3-a445602307e9/full.jpg,5,Lighting,Lighting (100%) | Light (98.06%) | Texture (75.45%) | Outdoors (72.53%) | Nature (70.09%)
701deda7-2422-439d-9c81-3be6faff61cb,wallpapers/701deda7-2422-439d-9c81-3be6faff61cb/full.png,5,Purple,Purple (100%) | Sphere (100%) | Balloon (98.69%) | Lighting (97.95%) | Light (90.22%)
6ff09ed5-7a07-4894-8e00-1037af366d91,wallpapers/6ff09ed5-7a07-4894-8e00-1037af366d91/full.png,8,Lighting,Lighting (100%) | Purple (100%) | Nature (99.7%) | Outdoors (99.7%) | Sky (99.7%) | Light (99.55%) | Night (96.58%) | Art (75.53%)
7044dcce-9c4b-48d5-8da9-c99d7cbf4bae,wallpapers/7044dcce-9c4b-48d5-8da9-c99d7cbf4bae/full.png,4,Floor,Floor (99.89%) | Flooring (99.72%) | Person (96.78%) | Tar (76.09%)
702b7946-abf2-4f96-9f0e-edb333b28c9d,wallpapers/702b7946-abf2-4f96-9f0e-edb333b28c9d/full.png,6,Mountain,Mountain (100%) | Nature (100%) | Outdoors (100%) | Volcano (99.55%) | Eruption (99.35%) | Lava (87.24%)
70ca8cc3-fc4d-41f6-8de6-157f19d8f90f,wallpapers/70ca8cc3-fc4d-41f6-8de6-157f19d8f90f/full.jpg,8,Nature,Nature (100%) | Outdoors (100%) | Sky (100%) | Art (99.79%) | Painting (99.79%) | Night (97.09%) | Sunset (96.82%) | Blackboard (76.04%)
7053c295-27be-465b-92fa-d157de11482d,wallpapers/7053c295-27be-465b-92fa-d157de11482d/full.jpg,12,Nature,Nature (100%) | Outdoors (100%) | Promontory (100%) | Water (100%) | Cliff (99.86%) | Sea (99.86%) | Land (99.85%) | Sea Waves (89.36%) | Scenery (88.53%) | Coast (84.99%) | Shoreline (84.99%) | Sky (83.08%)
71309c9f-2bcc-486a-b1ad-338d005701a1,wallpapers/71309c9f-2bcc-486a-b1ad-338d005701a1/full.jpg,9,Nature,Nature (99.99%) | Outdoors (99.99%) | Sky (99.99%) | Art (99%) | Graphics (99%) | Purple (96.89%) | Sunset (91.35%) | Night (85.45%) | Horizon (78.28%)
701a6b76-fa89-4d4e-ba51-c26c4b95d6df,wallpapers/701a6b76-fa89-4d4e-ba51-c26c4b95d6df/full.png,14,Art,Art (99.99%) | Graphics (99.99%) | Lighting (99.89%) | Light (99.67%) | Nature (99.65%) | Outdoors (99.65%) | Sky (99.65%) | Night (98.47%) | Pattern (98.14%) | Accessories (92.16%) | Fractal (92.16%) | Ornament (92.16%) | Flare (90%) | Disk (78.11%)
7071f9ad-d7a9-4ddd-80c2-f1e1b342c83b,wallpapers/7071f9ad-d7a9-4ddd-80c2-f1e1b342c83b/full.png,3,Fern,Fern (99.98%) | Plant (99.98%) | Green (98.27%)
70be1e6b-d604-47bc-8daf-497dc2bd3904,wallpapers/70be1e6b-d604-47bc-8daf-497dc2bd3904/full.png,3,Text,Text (96.87%) | Symbol (90.78%) | Number (88.01%)
710d31c5-2199-4f8c-803d-75d658124e67,wallpapers/710d31c5-2199-4f8c-803d-75d658124e67/full.png,12,Person,Person (97.76%) | Body Part (94.72%) | Face (94.72%) | Head (94.72%) | Neck (94.72%) | Outdoors (94.12%) | Nature (92.92%) | Art (85.41%) | Painting (85.41%) | Modern Art (81.31%) | Accessories (78.09%) | Pattern (74.36%)
707f650b-3bb0-4ac7-819d-4ee05fd8b3a8,wallpapers/707f650b-3bb0-4ac7-819d-4ee05fd8b3a8/full.jpg,3,Texture,Texture (99.78%) | Pattern (99.47%) | Person (82.95%)
7191bed6-e897-473e-ba50-055708dee957,wallpapers/7191bed6-e897-473e-ba50-055708dee957/full.jpeg,11,Nature,Nature (100%) | Outdoors (100%) | Sky (100%) | Sun (99.5%) | Sunrise (97.33%) | Sunset (94.71%) | Face (90.89%) | Head (90.89%) | Person (90.89%) | Sea (87.53%) | Water (87.53%)
7192b785-0298-4429-b613-f1fd5a790c7b,wallpapers/7192b785-0298-4429-b613-f1fd5a790c7b/full.png,8,Pattern,Pattern (99.79%) | Accessories (98.25%) | Ornament (98.25%) | Silk (95.69%) | Car (93.1%) | Transportation (93.1%) | Vehicle (93.1%) | Fractal (88.26%)
709f7004-b806-4291-b42a-dc19b39cac5b,wallpapers/709f7004-b806-4291-b42a-dc19b39cac5b/full.jpg,5,Person,Person (95.68%) | Antelope Canyon (89.59%) | Landmark (89.59%) | Outdoors (79.53%) | Nature (77.61%)
71570005-fb8e-465f-9d38-7e1d9305aa27,wallpapers/71570005-fb8e-465f-9d38-7e1d9305aa27/full.jpg,9,Silhouette,Silhouette (100%) | Plant (100%) | Tree (100%) | Tree Trunk (99.98%) | Nature (98.68%) | Outdoors (98.68%) | Sky (98.68%) | Sunset (96.89%) | Person (96.4%)
721ea3b2-e0de-450a-b32b-38d267470877,wallpapers/721ea3b2-e0de-450a-b32b-38d267470877/full.png,0,,
72264da8-822d-4e28-a3b4-e8ced2882e23,wallpapers/72264da8-822d-4e28-a3b4-e8ced2882e23/full.png,5,Pattern,Pattern (99.99%) | Spiral (99.94%) | Art (91.7%) | Modern Art (91.7%) | Coil (75%)
71c5efe8-625c-4497-8106-47a0ddab422f,wallpapers/71c5efe8-625c-4497-8106-47a0ddab422f/full.png,5,Nature,Nature (96.29%) | Night (96.29%) | Outdoors (96.29%) | Sky (87.29%) | Art (76.8%)
721837dc-0f62-4392-ad98-32b0660082af,wallpapers/721837dc-0f62-4392-ad98-32b0660082af/full.jpg,10,Plant,Plant (100%) | Tree (100%) | Conifer (100%) | Vegetation (100%) | Land (100%) | Nature (100%) | Outdoors (100%) | Woodland (100%) | Larch (99.89%) | Fir (97.92%)
726b6151-ffcf-42bb-8476-64fe9c31c985,wallpapers/726b6151-ffcf-42bb-8476-64fe9c31c985/full.png,7,Nature,Nature (99.97%) | Night (99.97%) | Outdoors (99.97%) | Astronomy (89.56%) | Outer Space (89.56%) | Nebula (85.27%) | Moon (72.82%)
73eb1801-2e1a-444a-9637-cc7af271a13a,wallpapers/73eb1801-2e1a-444a-9637-cc7af271a13a/full.png,5,Nature,Nature (100%) | Outdoors (100%) | Desert (99.96%) | Dune (99.95%) | Sand (99.95%)
7488f199-e796-4e57-9868-9af1a44c6475,wallpapers/7488f199-e796-4e57-9868-9af1a44c6475/full.jpg,12,Lighting,Lighting (100%) | City (99.96%) | Nature (99.53%) | Night (99.53%) | Outdoors (99.53%) | Urban (98.54%) | Purple (91.08%) | Light (85.2%) | Person (78.36%) | Metropolis (74.85%) | Astronomy (71.9%) | Moon (71.9%)
73d52c10-f54e-4e0f-b395-c370d580e08c,wallpapers/73d52c10-f54e-4e0f-b395-c370d580e08c/full.jpg,9,Nature,Nature (100%) | Outdoors (100%) | Sea (100%) | Water (100%) | Shoreline (99.79%) | Coast (99.78%) | Beach (88.14%) | Sea Waves (87.75%) | Aerial View (84.66%)
749427b1-80b6-43c1-beed-956c4cf0c882,wallpapers/749427b1-80b6-43c1-beed-956c4cf0c882/full.jpg,8,Helmet,Helmet (98.85%) | Person (98.36%) | Ninja (91.08%) | Face (77.21%) | Head (77.21%) | Clothing (77.18%) | Hood (77.18%) | Paintball (75.62%)
73a57bd2-28e4-4e10-99c6-0ef5973683c9,wallpapers/73a57bd2-28e4-4e10-99c6-0ef5973683c9/full.png,6,Nature,Nature (99.99%) | Outdoors (99.99%) | Sky (99.99%) | Weather (99.96%) | Fog (82.83%) | Texture (72.6%)
74ca81fb-8013-4a82-881d-2537ee4a8233,wallpapers/74ca81fb-8013-4a82-881d-2537ee4a8233/full.jpg,6,Flower,Flower (100%) | Plant (100%) | Dandelion (97.12%) | Face (82.33%) | Head (82.33%) | Person (82.33%)
74df1fcc-09c7-4548-95bf-52d135b88e0a,wallpapers/74df1fcc-09c7-4548-95bf-52d135b88e0a/full.jpeg,15,Silhouette,Silhouette (100%) | Animal (99.98%) | Bird (99.98%) | Flying (99.98%) | Nature (99.96%) | Outdoors (99.96%) | Sky (99.96%) | Sunset (99.01%) | Person (98.24%) | Aircraft (97.8%) | Airplane (97.8%) | Transportation (97.8%) | Vehicle (97.8%) | Landing (94.86%) | Sunrise (83.37%)
74effc5b-058d-4f74-a488-7d04ff7e214d,wallpapers/74effc5b-058d-4f74-a488-7d04ff7e214d/full.jpg,7,Purple,Purple (99.99%) | Lighting (99.91%) | Light (99.04%) | Art (98.28%) | Graphics (98.28%) | Ice (95.58%) | Outdoors (71.2%)
753d0b14-ea35-4de6-bbb6-77c1b89df884,wallpapers/753d0b14-ea35-4de6-bbb6-77c1b89df884/full.jpg,10,Art,Art (99.82%) | Modern Art (99.82%) | Pattern (99.05%) | Accessories (94.43%) | Painting (93.24%) | Person (92.08%) | Canvas (83.01%) | Ornament (82.22%) | Outdoors (74.16%) | Purple (70.07%)
75b30eaf-c6d6-48c2-ac9a-8067867f9063,wallpapers/75b30eaf-c6d6-48c2-ac9a-8067867f9063/full.jpg,10,Land,Land (100%) | Nature (100%) | Outdoors (100%) | Plant (100%) | Tree (100%) | Vegetation (100%) | Woodland (100%) | Aerial View (97.42%) | Sword (82.51%) | Weapon (82.51%)
741942ff-cbc5-4e5f-9ca5-59503e0f309a,wallpapers/741942ff-cbc5-4e5f-9ca5-59503e0f309a/full.png,7,Green,Green (100%) | Leaf (100%) | Plant (100%) | Animal (72.24%) | Fish (72.24%) | Sea Life (72.24%) | Shark (72.24%)
75c2fe47-c89b-4b2c-ae4d-2a9b030a44d6,wallpapers/75c2fe47-c89b-4b2c-ae4d-2a9b030a44d6/full.png,11,Mountain,Mountain (100%) | Mountain Range (100%) | Nature (100%) | Outdoors (100%) | Peak (100%) | Ice (99.83%) | Scenery (97.34%) | Land (94.51%) | Sky (88.99%) | Sea (88.4%) | Water (88.4%)
767bc18c-a6f0-465b-a0fb-31851709691d,wallpapers/767bc18c-a6f0-465b-a0fb-31851709691d/full.png,10,Art,Art (100%) | Graphics (100%) | Pattern (99.94%) | Accessories (98.99%) | Modern Art (98.7%) | Nature (96.58%) | Outdoors (96.58%) | Fractal (93.74%) | Ornament (93.74%) | Mountain (88.03%)
7563c67b-b429-4283-9e42-8db73ee9deb5,wallpapers/7563c67b-b429-4283-9e42-8db73ee9deb5/full.png,14,City,City (100%) | Nature (99.96%) | Outdoors (99.96%) | Sky (99.96%) | Metropolis (99.95%) | Urban (99.95%) | Architecture (99.81%) | Building (99.81%) | Cityscape (99.81%) | Weather (98.68%) | Night (92.69%) | Smoke (84.74%) | Fog (75.5%) | Smog (75.5%)
76d33e8f-d404-465e-9673-23bde3d62d42,wallpapers/76d33e8f-d404-465e-9673-23bde3d62d42/full.jpg,9,Nature,Nature (100%) | Night (100%) | Outdoors (100%) | Starry Sky (99.76%) | Astronomy (91.97%) | Nebula (91.97%) | Outer Space (91.97%) | Sky (85.26%) | Scenery (76.85%)
765c569b-0809-40d1-a777-09b22283ad1c,wallpapers/765c569b-0809-40d1-a777-09b22283ad1c/full.png,8,Purple,Purple (100%) | Pattern (99.77%) | Accessories (89.91%) | Art (87.16%) | Modern Art (84.13%) | Face (74.81%) | Head (74.81%) | Person (74.81%)
76acd76a-c392-4fe2-8d8f-80536b28ef2c,wallpapers/76acd76a-c392-4fe2-8d8f-80536b28ef2c/full.png,6,Lighting,Lighting (99.86%) | Texture (99.26%) | Pattern (97.41%) | Triangle (95.89%) | Art (91.85%) | Graphics (87.28%)
767f3a9f-6292-402b-9737-0490b5b9240c,wallpapers/767f3a9f-6292-402b-9737-0490b5b9240c/full.jpg,10,Nature,Nature (100%) | Outdoors (100%) | Sea (100%) | Water (100%) | Land (99.98%) | Shoreline (99.77%) | Coast (99.73%) | Plant (96.72%) | Tree (96.72%) | Aerial View (93.1%)
75d0b94f-fda0-4a77-9d21-ab7223b75a95,wallpapers/75d0b94f-fda0-4a77-9d21-ab7223b75a95/full.jpg,4,Lighting,Lighting (100%) | Fire (99.88%) | Flame (99.88%) | Light (99.74%)
77242b42-bc87-4aba-995a-7353b5f501a0,wallpapers/77242b42-bc87-4aba-995a-7353b5f501a0/full.jpeg,13,Clothing,Clothing (99.69%) | Hood (99.69%) | Person (98.14%) | Coat (95.7%) | Light (93.25%) | Hoodie (90.7%) | Knitwear (90.7%) | Sweater (90.7%) | Sweatshirt (90.7%) | Footwear (89.52%) | Shoe (89.52%) | Glove (77.72%) | Fashion (73.11%)
76fb7206-cc18-4696-909b-2b02af03e934,wallpapers/76fb7206-cc18-4696-909b-2b02af03e934/full.jpg,13,Mountain,Mountain (100%) | Mountain Range (100%) | Nature (100%) | Outdoors (100%) | Peak (99.99%) | Plateau (99.87%) | Scenery (99.77%) | Person (94.96%) | Countryside (93.59%) | Hill (93.59%) | Silhouette (80.94%) | Slope (74.9%) | Sky (70.06%)
76e95ec4-4659-4c0d-9978-cc57eeac039a,wallpapers/76e95ec4-4659-4c0d-9978-cc57eeac039a/full.jpg,3,Food,Food (96.26%) | Sweets (89.08%) | Egg (89.03%)
77c73284-390a-426e-9b17-1ff7fb7877b3,wallpapers/77c73284-390a-426e-9b17-1ff7fb7877b3/full.jpg,7,Purple,Purple (100%) | Art (99.21%) | Pattern (99.12%) | Graphics (98.65%) | Painting (97.84%) | Modern Art (96.97%) | Person (96.4%)
772f549a-27ff-4e7a-a5f3-d57d52704267,wallpapers/772f549a-27ff-4e7a-a5f3-d57d52704267/full.png,2,Person,Person (81.43%) | Game (74.14%)
77fcff6d-9b9e-43f6-9c15-b9e6698de053,wallpapers/77fcff6d-9b9e-43f6-9c15-b9e6698de053/full.png,7,Art,Art (99.99%) | Graphics (99.99%) | Pattern (99.92%) | Accessories (98.24%) | Ornament (92.67%) | Fractal (90.37%) | Modern Art (89.6%)
77e8d442-8a3f-4b7b-81e6-6c0166be5d69,wallpapers/77e8d442-8a3f-4b7b-81e6-6c0166be5d69/full.jpg,6,Nature,Nature (98.77%) | Outdoors (98.77%) | Sky (98.77%) | Art (89.33%) | Painting (89.33%) | Person (76.57%)
78d58ed3-e77a-49e6-a9d2-f072778037b4,wallpapers/78d58ed3-e77a-49e6-a9d2-f072778037b4/full.png,5,Art,Art (100%) | Modern Art (100%) | Painting (99.64%) | Outdoors (90.87%) | Nature (82.7%)
77a5556b-cb96-43c3-bdb8-621339a88de2,wallpapers/77a5556b-cb96-43c3-bdb8-621339a88de2/full.png,7,Art,Art (99.19%) | Graphics (99.19%) | Pattern (98.02%) | Person (96.62%) | Flower (95.06%) | Plant (95.06%) | Accessories (82.64%)
790149c1-fa57-4fa0-8007-d845a30ee255,wallpapers/790149c1-fa57-4fa0-8007-d845a30ee255/full.png,3,Art,Art (99.24%) | Graphics (99.24%) | Blue (72.39%)
79539c44-7f03-4a26-bf99-8554cd766c46,wallpapers/79539c44-7f03-4a26-bf99-8554cd766c46/full.png,6,Lighting,Lighting (98.86%) | Light (96.53%) | Nature (78.49%) | Outdoors (78.49%) | Rainbow (78.49%) | Sky (78.49%)
770c5221-4c49-4a53-bd6e-05c2fd0c0a65,wallpapers/770c5221-4c49-4a53-bd6e-05c2fd0c0a65/full.png,7,Nature,Nature (100%) | Outdoors (100%) | Sky (100%) | Lighting (100%) | Night (96.29%) | Texture (95.6%) | Rainbow (80.45%)
79bb5a47-c606-4ffa-b8e1-1d7c1fd62c08,wallpapers/79bb5a47-c606-4ffa-b8e1-1d7c1fd62c08/full.png,4,Lighting,Lighting (100%) | Purple (100%) | Light (99.91%) | Art (74.56%)
7a5332d2-cbad-449c-8c51-319993f797cd,wallpapers/7a5332d2-cbad-449c-8c51-319993f797cd/full.jpg,3,Purple,Purple (100%) | Art (86.14%) | Logo (76.58%)
7a356d49-3b48-423e-81eb-7f3b203d8eac,wallpapers/7a356d49-3b48-423e-81eb-7f3b203d8eac/full.png,4,Art,Art (99.96%) | Graphics (99.96%) | Modern Art (83.05%) | Pattern (76.95%)
7aa2d0e7-9568-4ae3-ac95-09e633dae305,wallpapers/7aa2d0e7-9568-4ae3-ac95-09e633dae305/full.png,0,,
7ab79711-9910-48a7-a54e-625359fe78eb,wallpapers/7ab79711-9910-48a7-a54e-625359fe78eb/full.png,8,Silhouette,Silhouette (99.99%) | Animal (98.92%) | Mammal (98.92%) | Wolf (98.92%) | Coyote (98.42%) | Canine (88.07%) | Dog (88.07%) | Pet (88.07%)
7a9a0d7d-3b97-4e51-98f1-eeb7ff1d51f0,wallpapers/7a9a0d7d-3b97-4e51-98f1-eeb7ff1d51f0/full.png,5,Purple,Purple (100%) | Art (99.68%) | Graphics (99.68%) | Painting (98.34%) | Modern Art (95.71%)
7a61ebf7-f7cf-4f94-b4eb-2c167ef5c344,wallpapers/7a61ebf7-f7cf-4f94-b4eb-2c167ef5c344/full.jpg,5,Nature,Nature (100%) | Outdoors (100%) | Sky (100%) | Texture (95.97%) | Night (80.6%)
7ba85fa2-3290-407e-b518-78084c1fe1e5,wallpapers/7ba85fa2-3290-407e-b518-78084c1fe1e5/full.jpg,6,Art,Art (99.63%) | Graphics (99.63%) | Pattern (97.57%) | Modern Art (97.12%) | Texture (88.62%) | Silk (87.52%)
7bac6135-876b-40bd-b492-2caa18ac9919,wallpapers/7bac6135-876b-40bd-b492-2caa18ac9919/full.jpg,15,Cityscape,Cityscape (100%) | Urban (100%) | City (99.99%) | Car (99.35%) | Vehicle (99.35%) | Plant (94.84%) | Tree (94.84%) | Person (94.71%) | Metropolis (90.13%) | Machine (88.47%) | Wheel (88.47%) | Nature (80.37%) | Outdoors (80.37%) | Sky (80.37%) | Moon (76.02%)
7bb98d1c-0e3e-47bd-938f-0b9894440841,wallpapers/7bb98d1c-0e3e-47bd-938f-0b9894440841/full.png,9,Nature,Nature (100%) | Outdoors (100%) | Sky (100%) | Night (100%) | Sunset (99.93%) | Sunrise (96.76%) | Scenery (95.14%) | Astronomy (93.42%) | Moon (93.42%)
7bd4ff4b-be72-4846-8417-622b487a3bef,wallpapers/7bd4ff4b-be72-4846-8417-622b487a3bef/full.png,5,Texture,Texture (100%) | Gray (97.84%) | Nature (90.75%) | Outdoors (90.75%) | Water (72.99%)
7c11aa23-559c-412e-b4d5-a1888f3f421e,wallpapers/7c11aa23-559c-412e-b4d5-a1888f3f421e/full.png,7,Adult,Adult (98.94%) | Male (98.94%) | Man (98.94%) | Person (98.94%) | Paintball (84.49%) | Helmet (77.77%) | Outdoors (72.29%)
7af8b9b5-674b-4ac9-972c-5b55cb3bc639,wallpapers/7af8b9b5-674b-4ac9-972c-5b55cb3bc639/full.png,7,Lighting,Lighting (93.42%) | Light (90.35%) | Nature (85.99%) | Outdoors (85.99%) | Rainbow (85.99%) | Sky (85.99%) | Person (75.63%)
7bd1a441-11c4-4b90-a19a-88b743ad6773,wallpapers/7bd1a441-11c4-4b90-a19a-88b743ad6773/full.png,8,Nature,Nature (100%) | Outdoors (100%) | Sky (100%) | Night (100%) | Horizon (94.91%) | Starry Sky (83.8%) | Astronomy (74.89%) | Outer Space (74.89%)
7b1ac308-68f9-490a-bfc9-2c0bd2451040,wallpapers/7b1ac308-68f9-490a-bfc9-2c0bd2451040/full.png,8,Nature,Nature (100%) | Outdoors (100%) | Sky (100%) | Silhouette (99.56%) | Night (99.41%) | Sunset (93.52%) | Scenery (92.15%) | Weather (85.53%)
7be38b91-3d07-4030-9d3e-34d6614fd5c1,wallpapers/7be38b91-3d07-4030-9d3e-34d6614fd5c1/full.jpg,9,Outdoors,Outdoors (89.75%) | Cauliflower (89.37%) | Food (89.37%) | Plant (89.37%) | Produce (89.37%) | Vegetable (89.37%) | Nature (89.18%) | Person (81.92%) | Flower (71.63%)
79eeee5f-4425-484f-ad3c-11497e9f7952,wallpapers/79eeee5f-4425-484f-ad3c-11497e9f7952/full.png,6,Art,Art (98.53%) | Graphics (98.53%) | Sphere (97.15%) | Accessories (92.34%) | Pattern (90.21%) | Droplet (79.15%)
7ca7463d-d122-445c-906d-3a5b3f8aae12,wallpapers/7ca7463d-d122-445c-906d-3a5b3f8aae12/full.jpg,3,Person,Person (97.8%) | Samurai (87.43%) | Knight (72.71%)
7c5ed042-0347-4ad0-85a3-24c9cd0af235,wallpapers/7c5ed042-0347-4ad0-85a3-24c9cd0af235/full.jpg,3,Texture,Texture (87.53%) | Home Decor (74.05%) | Pattern (71.57%)
7cf6f3d1-754f-4896-95b2-73ae1380ef98,wallpapers/7cf6f3d1-754f-4896-95b2-73ae1380ef98/full.png,6,Art,Art (95.97%) | Graphics (95.97%) | Outdoors (94.92%) | Nature (92.12%) | Lighting (85.66%) | Cartoon (72.92%)
7d02a7df-46b4-4cdf-a3b2-779e72911f49,wallpapers/7d02a7df-46b4-4cdf-a3b2-779e72911f49/full.jpg,2,Water,Water (85.26%) | Blue (81.02%)
7d71fbe7-0b6c-413a-add6-1f658b21154c,wallpapers/7d71fbe7-0b6c-413a-add6-1f658b21154c/full.jpg,12,Lighting,Lighting (99.92%) | Pattern (99.73%) | Art (99.58%) | Graphics (99.58%) | Light (98.67%) | Purple (98.27%) | Accessories (97.29%) | Fractal (97.29%) | Ornament (97.29%) | Nature (95.51%) | Outdoors (95.51%) | Sky (95.51%)
7c6b21c5-3dd7-4f2c-a4a6-7513beffcd8a,wallpapers/7c6b21c5-3dd7-4f2c-a4a6-7513beffcd8a/full.png,1,Glitter,Glitter (95.69%)
7aa85791-8fd3-47ff-8a1a-cd6a74472340,wallpapers/7aa85791-8fd3-47ff-8a1a-cd6a74472340/full.png,3,Texture,Texture (99.24%) | Art (81.44%) | Painting (81.44%)
7dea9f71-7130-444e-990e-d724bb0b4c39,wallpapers/7dea9f71-7130-444e-990e-d724bb0b4c39/full.jpg,10,Outdoors,Outdoors (100%) | Nature (100%) | Sea (100%) | Water (100%) | Lagoon (99.99%) | Lake (99.99%) | Coast (99.53%) | Shoreline (99.53%) | Bay (80.35%) | Sky (77.48%)
7d9074e6-ff08-47c2-b49e-ce7cb3edc956,wallpapers/7d9074e6-ff08-47c2-b49e-ce7cb3edc956/full.png,6,Nature,Nature (100%) | Night (100%) | Outdoors (100%) | Sky (100%) | Person (94.8%) | Aurora (90.62%)
7dee912e-2476-4acb-9dc5-fd772347d06e,wallpapers/7dee912e-2476-4acb-9dc5-fd772347d06e/full.jpg,8,Purple,Purple (100%) | Adult (95.91%) | Female (95.91%) | Person (95.91%) | Woman (95.91%) | Festival (79.42%) | Face (72.08%) | Head (72.08%)
7cf7a4ea-5172-4fa1-8c98-66850b797314,wallpapers/7cf7a4ea-5172-4fa1-8c98-66850b797314/full.jpg,12,Art,Art (100%) | Doodle (100%) | Drawing (100%) | Book (99.23%) | Comics (99.23%) | Publication (99.23%) | Face (95.21%) | Head (95.21%) | Person (95.21%) | Purple (90.58%) | Cartoon (76.6%) | Baby (74.41%)
7e799c67-918d-49ea-90ca-92d2b0cbd36b,wallpapers/7e799c67-918d-49ea-90ca-92d2b0cbd36b/full.jpeg,15,Boat,Boat (100%) | Sailboat (100%) | Transportation (100%) | Vehicle (100%) | Yacht (99.94%) | Water (99.92%) | Boating (98.97%) | Leisure Activities (98.97%) | Sport (98.97%) | Water Sports (98.97%) | Canoeing (97.96%) | Nature (87.59%) | Outdoors (87.59%) | Sea (87.59%) | Rowing (76.78%)
7d489803-7dca-4781-9642-509dbaeabe7b,wallpapers/7d489803-7dca-4781-9642-509dbaeabe7b/full.png,5,Green,Green (100%) | Texture (99.89%) | Pattern (99.2%) | Home Decor (86.83%) | Blackboard (76.09%)
7e1cb034-5e61-49da-8e3b-0b5e01e3c026,wallpapers/7e1cb034-5e61-49da-8e3b-0b5e01e3c026/full.jpg,10,Lighting,Lighting (99.61%) | Texture (99.15%) | City (96.42%) | Urban (93.27%) | Outdoors (91.6%) | Nature (87.68%) | Night (87.68%) | Home Decor (85.44%) | Pattern (84.25%) | Light (80.05%)
7d29060c-bc28-4357-ae41-b22580afd4b3,wallpapers/7d29060c-bc28-4357-ae41-b22580afd4b3/full.png,8,Light,Light (99.99%) | Lighting (99.81%) | Pattern (99.47%) | Architecture (99.38%) | Building (99.38%) | Accessories (81.96%) | Urban (79.89%) | Laser (78.16%)
7ee05d47-2924-4f1d-b8d2-0db2ab9ddb48,wallpapers/7ee05d47-2924-4f1d-b8d2-0db2ab9ddb48/full.png,6,Light,Light (100%) | Green (99.84%) | Flare (99.78%) | Nature (95.75%) | Outdoors (95.75%) | Sky (95.75%)
7eb46fc0-512e-4ae8-af9d-13a7615dc39f,wallpapers/7eb46fc0-512e-4ae8-af9d-13a7615dc39f/full.jpg,7,Mountain,Mountain (100%) | Mountain Range (100%) | Nature (100%) | Outdoors (100%) | Peak (100%) | Night (99.15%) | Weather (85.09%)
7eed449e-0500-446c-aa34-3dd036c32486,wallpapers/7eed449e-0500-446c-aa34-3dd036c32486/full.jpg,6,Nature,Nature (99.99%) | Night (99.99%) | Outdoors (99.99%) | Astronomy (97.13%) | Moon (97.13%) | Outer Space (96.11%)
7e2ffa0d-a1e5-4459-9f93-44f9d62955f0,wallpapers/7e2ffa0d-a1e5-4459-9f93-44f9d62955f0/full.png,11,Pattern,Pattern (99.87%) | Art (99.66%) | Graphics (99.66%) | Silk (99.61%) | Car (97.42%) | Transportation (97.42%) | Vehicle (97.42%) | Accessories (96.81%) | Ornament (96.81%) | Fractal (89.52%) | Purple (86.81%)
7e95c826-0731-4bd3-a9b0-a3eb55753f2d,wallpapers/7e95c826-0731-4bd3-a9b0-a3eb55753f2d/full.png,4,Nature,Nature (99.95%) | Outdoors (99.95%) | Desert (99.76%) | Person (88.86%)
7f1c9846-ce8c-4826-ae66-8d1cae06319b,wallpapers/7f1c9846-ce8c-4826-ae66-8d1cae06319b/full.jpg,6,Pattern,Pattern (98.69%) | Art (98.51%) | Face (80.89%) | Head (80.89%) | Person (80.89%) | Drawing (74.76%)
7f61020d-60f3-4118-9bea-dcc92126a3df,wallpapers/7f61020d-60f3-4118-9bea-dcc92126a3df/full.jpg,9,Light,Light (100%) | Pattern (99.95%) | Person (89.15%) | Accessories (78.17%) | Art (77.3%) | Graphics (77.3%) | Fractal (75.34%) | Ornament (75.34%) | Neon (73.99%)
800e0a02-c6cd-48b2-a7ba-13a6559a8c28,wallpapers/800e0a02-c6cd-48b2-a7ba-13a6559a8c28/full.jpg,10,Nature,Nature (100%) | Night (100%) | Outdoors (100%) | Starry Sky (99.99%) | Sky (98.13%) | Plant (93.7%) | Vegetation (93.7%) | Scenery (92.75%) | Astronomy (71.99%) | Moon (71.99%)
7fbd79c0-b8ee-415f-912c-bbb754707969,wallpapers/7fbd79c0-b8ee-415f-912c-bbb754707969/full.jpg,14,Clothing,Clothing (100%) | Footwear (100%) | Shoe (100%) | Sneaker (100%) | Pants (99.86%) | Architecture (95.18%) | Building (95.18%) | House (95.18%) | Housing (95.18%) | Staircase (95.18%) | Adult (94.4%) | Male (94.4%) | Man (94.4%) | Person (94.4%)
7f50748f-f5bc-43ca-aaa3-ffae28140d4a,wallpapers/7f50748f-f5bc-43ca-aaa3-ffae28140d4a/full.jpg,10,Clothing,Clothing (100%) | Hat (100%) | Flower (99.8%) | Petal (99.8%) | Plant (99.8%) | Cap (97.29%) | Art (86.66%) | Outdoors (82.8%) | Painting (71.28%) | Swimwear (70.09%)
803389a5-fb3e-47bb-8f3d-8e4501c23973,wallpapers/803389a5-fb3e-47bb-8f3d-8e4501c23973/full.png,5,Triangle,Triangle (94.19%) | Ball (86.91%) | Sport (86.91%) | Tennis (86.91%) | Tennis Ball (86.91%)
8090493c-3557-4e1b-84fe-f4c8e17574c4,wallpapers/8090493c-3557-4e1b-84fe-f4c8e17574c4/full.jpg,14,Nature,Nature (100%) | Night (100%) | Outdoors (100%) | Starry Sky (100%) | Silhouette (99.44%) | Adult (98.88%) | Male (98.88%) | Man (98.88%) | Person (98.88%) | Lighting (90.84%) | Clothing (73.59%) | Coat (73.59%) | Astronomy (73.09%) | Moon (73.09%)
7e69e30f-cbff-476d-bd17-51940157b6da,wallpapers/7e69e30f-cbff-476d-bd17-51940157b6da/full.png,3,Sphere,Sphere (99.92%) | Astronomy (82.72%) | Outer Space (82.72%)
7f4bcd9f-12a4-4c1b-abef-60574e33767e,wallpapers/7f4bcd9f-12a4-4c1b-abef-60574e33767e/full.jpg,15,Land,Land (100%) | Nature (100%) | Outdoors (100%) | Sea (100%) | Water (100%) | Coast (99.85%) | Shoreline (99.85%) | Island (99.64%) | Sky (97.71%) | Scenery (96.88%) | Horizon (93.53%) | Dog (83.44%) | Pet (83.44%) | Face (70.25%) | Person (70.25%)
8134ddb6-4720-44f2-92b7-e8465db11b8f,wallpapers/8134ddb6-4720-44f2-92b7-e8465db11b8f/full.jpg,8,Nature,Nature (99.98%) | Night (99.98%) | Outdoors (99.98%) | Mountain (99.93%) | Mountain Range (99.93%) | Peak (99.87%) | Scenery (99.04%) | Landscape (74.2%)
8155a75d-ed88-4a25-9577-353abac7b96d,wallpapers/8155a75d-ed88-4a25-9577-353abac7b96d/full.jpg,7,Clothing,Clothing (99.99%) | Hat (99.99%) | Person (98.38%) | Sun Hat (87.58%) | Art (83.67%) | Face (74.4%) | Head (74.4%)
815e0194-fe95-4e43-b721-df076f816719,wallpapers/815e0194-fe95-4e43-b721-df076f816719/full.jpg,12,Adult,Adult (98.24%) | Male (98.24%) | Man (98.24%) | Person (98.24%) | Urban (97.22%) | Face (89.27%) | Head (89.27%) | Clothing (84.86%) | Hat (84.86%) | Performer (83.85%) | Solo Performance (83.85%) | Coat (83.34%)
80c8886c-bd9a-4e2b-aeb6-e8f2772419ee,wallpapers/80c8886c-bd9a-4e2b-aeb6-e8f2772419ee/full.jpeg,8,Nature,Nature (100%) | Outdoors (100%) | Sky (100%) | Horizon (99.96%) | Sunset (99.96%) | Sunrise (96.67%) | Night (86.33%) | Blackboard (71.51%)
8172cdbe-e19f-41ce-8792-c1fbcadef8af,wallpapers/8172cdbe-e19f-41ce-8792-c1fbcadef8af/full.png,2,Art,Art (99.99%) | Graphics (99.99%)
80d8b2c7-5af3-429e-b6d3-cce6ceac0fa3,wallpapers/80d8b2c7-5af3-429e-b6d3-cce6ceac0fa3/full.jpg,5,Astronomy,Astronomy (99.85%) | Outer Space (99.85%) | Planet (99.85%) | Globe (97.28%) | Earth (91.87%)
805489d5-6beb-49b1-b620-02d0d71f2463,wallpapers/805489d5-6beb-49b1-b620-02d0d71f2463/full.png,11,Lighting,Lighting (100%) | Triangle (99.99%) | Light (99.97%) | Urban (94.95%) | Nature (92.95%) | Night (92.95%) | Outdoors (92.95%) | Neon (91.82%) | Car (91.37%) | Transportation (91.37%) | Vehicle (91.37%)
815270ab-65f8-4a46-8bf7-d6feda6e333a,wallpapers/815270ab-65f8-4a46-8bf7-d6feda6e333a/full.jpg,15,Flare,Flare (99.98%) | Light (99.98%) | Lighting (99.94%) | Nature (99.18%) | Night (99.18%) | Outdoors (99.18%) | Building (93.99%) | Cityscape (93.99%) | Urban (93.99%) | Sea (77.97%) | Water (77.97%) | Person (76.08%) | Sea Life (75.55%) | Shark (75.55%) | Face (70.73%)
81d1b6f9-4ac2-446e-8bbd-fb4a46b23b23,wallpapers/81d1b6f9-4ac2-446e-8bbd-fb4a46b23b23/full.jpg,7,Animal,Animal (99.97%) | Deer (99.97%) | Mammal (99.97%) | Wildlife (99.97%) | Elk (99.8%) | Antler (98.97%) | Antelope (97.19%)
81acb7f4-b2c8-4fa8-8343-72e59ccd7bca,wallpapers/81acb7f4-b2c8-4fa8-8343-72e59ccd7bca/full.jpeg,5,Nature,Nature (100%) | Outdoors (100%) | Sky (100%) | Rainbow (88.05%) | Azure Sky (83.05%)
81d50a78-e203-4ca8-9f9d-9db89aaf2c56,wallpapers/81d50a78-e203-4ca8-9f9d-9db89aaf2c56/full.jpeg,6,Mountain,Mountain (100%) | Nature (100%) | Outdoors (100%) | Eruption (93.92%) | Volcano (93.92%) | Person (70.52%)
81e49fdf-ba96-49e3-a84d-fd91acbbb991,wallpapers/81e49fdf-ba96-49e3-a84d-fd91acbbb991/full.jpg,12,Nature,Nature (100%) | Outdoors (100%) | Weather (100%) | Fog (99.36%) | City (97.52%) | Smog (95.72%) | Smoke (95.72%) | Pollution (86.71%) | Urban (84.56%) | Architecture (77.14%) | Building (77.14%) | Cityscape (77.14%)
8283d009-d46f-4e6a-b25d-d7a557ddecf2,wallpapers/8283d009-d46f-4e6a-b25d-d7a557ddecf2/full.jpg,5,Fireworks,Fireworks (96.18%) | Plant (91.49%) | Paper (80.21%) | Lighting (77.91%) | Confetti (72.37%)
81b8c940-83d1-4e38-83af-79e0620d5749,wallpapers/81b8c940-83d1-4e38-83af-79e0620d5749/full.png,5,Nature,Nature (100%) | Outdoors (100%) | Sea (100%) | Water (100%) | Sea Waves (100%)
82d8eb72-a33f-410b-a9de-5fb83cac951f,wallpapers/82d8eb72-a33f-410b-a9de-5fb83cac951f/full.jpeg,1,Red,Red (84.22%)
82a4245b-f1e0-424f-a8fa-fd1a280bb12d,wallpapers/82a4245b-f1e0-424f-a8fa-fd1a280bb12d/full.png,7,Art,Art (100%) | Graphics (100%) | Floral Design (99.8%) | Pattern (99.8%) | Animal (70.65%) | Dinosaur (70.65%) | Reptile (70.65%)
829371ee-c448-4078-bfbe-f7f9093536d9,wallpapers/829371ee-c448-4078-bfbe-f7f9093536d9/full.jpg,7,Outdoors,Outdoors (93.79%) | Animal (91.6%) | Invertebrate (91.6%) | Spider (91.6%) | Water (85.43%) | Nature (85.18%) | Bird (80.92%)
830acd8e-0b56-489a-9e55-dbf5dc3e1bd2,wallpapers/830acd8e-0b56-489a-9e55-dbf5dc3e1bd2/full.jpg,4,Lighting,Lighting (99.32%) | Light (99.02%) | Pattern (98.72%) | Texture (87.42%)
8392502d-0ba4-45c4-856b-786ed8f79be8,wallpapers/8392502d-0ba4-45c4-856b-786ed8f79be8/full.png,1,Black,Black (72.39%)
831a0ed5-a883-4e58-893c-579f4dd9f344,wallpapers/831a0ed5-a883-4e58-893c-579f4dd9f344/full.png,12,Nature,Nature (100%) | Night (100%) | Outdoors (100%) | Sky (99.97%) | Architecture (99.84%) | Building (99.84%) | Cityscape (99.84%) | Urban (99.84%) | City (99.5%) | Astronomy (96.95%) | Moon (96.95%) | Metropolis (91.5%)
82559dc6-93e9-4920-8813-6dfc1eab832d,wallpapers/82559dc6-93e9-4920-8813-6dfc1eab832d/full.png,1,Texture,Texture (96.35%)
8362b376-1ead-47eb-8c3a-de1f1a99203f,wallpapers/8362b376-1ead-47eb-8c3a-de1f1a99203f/full.jpg,11,Logo,Logo (99.78%) | Adult (97.56%) | Female (97.56%) | Person (97.56%) | Woman (97.56%) | Symbol (93.75%) | Batman (79.78%) | Face (77.66%) | Head (77.66%) | Batman Logo (77.06%) | Anime (71.11%)
832e65fb-2bda-4035-9612-1b47415d3938,wallpapers/832e65fb-2bda-4035-9612-1b47415d3938/full.jpg,3,Ninja,Ninja (97.59%) | Person (97.59%) | Anime (72.32%)
8383f49f-9400-4506-81e1-1a1138cf446d,wallpapers/8383f49f-9400-4506-81e1-1a1138cf446d/full.png,2,Book,Book (72.42%) | Publication (72.42%)
82436049-e05e-4077-bfc7-87dca6899e7e,wallpapers/82436049-e05e-4077-bfc7-87dca6899e7e/full.jpg,1,Person,Person (75.53%)
83ae7871-81ae-4599-a1c4-2619b77022fd,wallpapers/83ae7871-81ae-4599-a1c4-2619b77022fd/full.png,7,Pattern,Pattern (99.91%) | Texture (99.82%) | Green (98.45%) | Home Decor (90.36%) | Electronics (77.38%) | Mobile Phone (77.38%) | Phone (77.38%)
848c0559-9810-4feb-9328-86f5a6041903,wallpapers/848c0559-9810-4feb-9328-86f5a6041903/full.jpg,15,Nature,Nature (99.79%) | Outdoors (99.79%) | Sky (99.79%) | Landscape (99.74%) | Sunrise (99.69%) | Plant (99.59%) | Tree (99.59%) | Scenery (99.2%) | Night (97.32%) | Vegetation (94.85%) | Sunset (88.07%) | Sunlight (77.58%) | Bear (75.21%) | Wildlife (75.21%) | Moon (70.67%)
844848f3-0388-46ea-99fa-1ec09e1f4282,wallpapers/844848f3-0388-46ea-99fa-1ec09e1f4282/full.jpg,6,Nature,Nature (99.98%) | Outdoors (99.98%) | Night (96.26%) | Desert (88.39%) | Dune (78.59%) | Sand (78.59%)
840174cd-0043-46de-8d21-2b4972fef18e,wallpapers/840174cd-0043-46de-8d21-2b4972fef18e/full.png,4,Light,Light (100%) | Lighting (100%) | Flare (100%) | Purple (100%)
852bf54b-7add-45ef-9dac-02b6f9a6e8b3,wallpapers/852bf54b-7add-45ef-9dac-02b6f9a6e8b3/full.jpg,3,Animal,Animal (87.23%) | Dinosaur (87.23%) | Reptile (87.23%)
86034a1e-24fd-4381-b090-3eaf778ee59c,wallpapers/86034a1e-24fd-4381-b090-3eaf778ee59c/full.jpg,2,Weapon,Weapon (99.61%) | Sword (88.94%)
86d5da1e-168b-4eaf-a675-677ddd857631,wallpapers/86d5da1e-168b-4eaf-a675-677ddd857631/full.jpg,11,Nature,Nature (99.95%) | Outdoors (99.95%) | Scenery (99.95%) | Landscape (99.87%) | Wilderness (99.77%) | Mountain (99.74%) | Mountain Range (99.74%) | Peak (99.35%) | Plant (90.32%) | Tree (90.32%) | Water (70.46%)
864a8532-c614-4f58-9fd8-5c79c4c4ffb3,wallpapers/864a8532-c614-4f58-9fd8-5c79c4c4ffb3/full.png,15,Art,Art (100%) | Graphics (100%) | Purple (99.99%) | Light (99.43%) | Pattern (98.34%) | Lighting (92.65%) | Texture (92.38%) | Nature (85.15%) | Outdoors (85.15%) | Sky (85.15%) | Accessories (82.64%) | Fractal (82.64%) | Ornament (82.64%) | Moon (73.32%) | Night (73.32%)
850fdf6e-820d-4a35-92e3-ce6d66727b40,wallpapers/850fdf6e-820d-4a35-92e3-ce6d66727b40/full.png,6,Nature,Nature (100%) | Outdoors (100%) | Sky (100%) | Rainbow (99.82%) | Texture (93.14%) | Art (80.04%)
85b67414-9574-4c33-830c-132b8ee8881d,wallpapers/85b67414-9574-4c33-830c-132b8ee8881d/full.jpeg,6,Nature,Nature (100%) | Night (100%) | Outdoors (100%) | Starry Sky (100%) | Sky (99.58%) | Scenery (84.07%)
8553f3af-e286-4608-9725-d7a20ff997a1,wallpapers/8553f3af-e286-4608-9725-d7a20ff997a1/full.png,5,Green,Green (99.97%) | Home Decor (99.95%) | Pattern (99.95%) | Texture (94.66%) | Rug (77.99%)
871141bc-5882-4527-a927-8bfb492b8daf,wallpapers/871141bc-5882-4527-a927-8bfb492b8daf/full.jpg,11,Nature,Nature (100%) | Night (100%) | Outdoors (100%) | City (99.97%) | Architecture (99.94%) | Building (99.94%) | Cityscape (99.94%) | Urban (99.94%) | Metropolis (99.67%) | Astronomy (98.64%) | Moon (98.64%)
86dfe42a-ff17-4e4a-90d5-0bcf6b8ebc19,wallpapers/86dfe42a-ff17-4e4a-90d5-0bcf6b8ebc19/full.jpg,7,Clothing,Clothing (99.08%) | Glove (99.08%) | Helmet (98.68%) | Person (89.54%) | Performer (87.42%) | Solo Performance (87.42%) | Anime (73.83%)
86d9c418-4385-4d36-a30c-98461f7dd25b,wallpapers/86d9c418-4385-4d36-a30c-98461f7dd25b/full.png,2,Texture,Texture (100%) | Gray (99.81%)
86e2ec72-1cdf-42d5-b7b9-f8dcefbc926e,wallpapers/86e2ec72-1cdf-42d5-b7b9-f8dcefbc926e/full.png,7,Leaf,Leaf (100%) | Plant (100%) | Flower (80.33%) | Petal (80.33%) | Person (72.62%) | Outdoors (72.05%) | Tree (70.01%)
87ed2b05-ebcc-45c1-9db0-26e0a6037b29,wallpapers/87ed2b05-ebcc-45c1-9db0-26e0a6037b29/full.jpg,1,Black,Black (80.79%)
870a65de-142e-4614-b237-da3c55310594,wallpapers/870a65de-142e-4614-b237-da3c55310594/full.jpg,7,Mountain,Mountain (99.99%) | Nature (99.99%) | Outdoors (99.99%) | Person (79.18%) | Astronomy (77.5%) | Outer Space (77.5%) | Volcano (74.21%)
86fa83ea-048b-4a54-b6d8-38799f817ac3,wallpapers/86fa83ea-048b-4a54-b6d8-38799f817ac3/full.png,7,Nature,Nature (99.62%) | Night (99.62%) | Outdoors (99.62%) | Astronomy (96.85%) | Outer Space (96.04%) | Moon (94.64%) | Planet (80.77%)
82d71caf-99b7-44ef-a2a1-d7888866149d,wallpapers/82d71caf-99b7-44ef-a2a1-d7888866149d/full.png,5,Chart,Chart (99.96%) | Plot (99.96%) | Map (92.34%) | Atlas (74.63%) | Diagram (74.63%)
881ad3e6-3c75-480b-8cdd-cd962dde96d7,wallpapers/881ad3e6-3c75-480b-8cdd-cd962dde96d7/full.png,9,Green,Green (100%) | Art (100%) | Graphics (100%) | Floral Design (93.9%) | Pattern (93.9%) | Light (88.93%) | Nature (87.33%) | Night (87.33%) | Outdoors (87.33%)
880ce54d-66f2-4baf-b97c-85dc5dfe4904,wallpapers/880ce54d-66f2-4baf-b97c-85dc5dfe4904/full.jpg,6,Art,Art (100%) | Modern Art (100%) | Graphics (99.83%) | Painting (96.74%) | Pattern (89.43%) | Person (82.44%)
884fd7d2-0e12-4fe9-90a1-cfc1a5e471c9,wallpapers/884fd7d2-0e12-4fe9-90a1-cfc1a5e471c9/full.jpg,12,Architecture,Architecture (99.89%) | Building (99.89%) | Castle (99.89%) | Fortress (99.89%) | Cityscape (94.54%) | Urban (94.54%) | Astronomy (73.82%) | Moon (73.82%) | Nature (73.82%) | Night (73.82%) | Outdoors (73.82%) | Person (73.78%)
879c7d88-7651-4974-95cc-51a7f6edbe73,wallpapers/879c7d88-7651-4974-95cc-51a7f6edbe73/full.png,12,Nature,Nature (99.96%) | Outdoors (99.96%) | Mountain (99.78%) | Scenery (99.61%) | Sky (99.52%) | Mountain Range (99.13%) | Peak (99.13%) | Night (97.75%) | Animal (93.77%) | Bird (93.77%) | Art (72.36%) | Landscape (71.85%)
88c16a81-b0e6-48b5-971c-6359e098cb8d,wallpapers/88c16a81-b0e6-48b5-971c-6359e098cb8d/full.jpeg,6,Astronomy,Astronomy (92.01%) | Outer Space (92.01%) | Nature (90.03%) | Night (90.03%) | Outdoors (90.03%) | Person (84.5%)
8859c142-81df-43d2-96c7-88606dd91ae1,wallpapers/8859c142-81df-43d2-96c7-88606dd91ae1/full.jpg,10,Art,Art (99.95%) | Graphics (99.95%) | Painting (99.78%) | Nature (99.77%) | Outdoors (99.77%) | Sky (99.77%) | Texture (96.62%) | Modern Art (89.84%) | Person (85.6%) | Pattern (72.81%)
88f50324-7600-433a-ae3b-c7012d48d994,wallpapers/88f50324-7600-433a-ae3b-c7012d48d994/full.png,4,Sphere,Sphere (100%) | Lighting (99.97%) | Pattern (86.03%) | Light (78.57%)
895130a2-2b37-496c-ac54-9e6f07609a48,wallpapers/895130a2-2b37-496c-ac54-9e6f07609a48/full.jpg,6,Nature,Nature (99.92%) | Night (99.92%) | Outdoors (99.92%) | Sphere (99.79%) | Astronomy (97.89%) | Moon (97.89%)
8929b818-485c-4e0d-a831-d53bd7dec2a9,wallpapers/8929b818-485c-4e0d-a831-d53bd7dec2a9/full.png,4,Architecture,Architecture (98.34%) | Building (98.34%) | Tower (98.34%) | Blue (83.83%)
8829b08d-3ad4-4e50-bb98-4df8761980d5,wallpapers/8829b08d-3ad4-4e50-bb98-4df8761980d5/full.png,7,Green,Green (99.6%) | Lighting (90.12%) | Anemone (83.56%) | Flower (83.56%) | Plant (83.56%) | Light (82.97%) | Balloon (80.09%)
899af6c4-bb71-455d-ba02-cfd2aa0660a1,wallpapers/899af6c4-bb71-455d-ba02-cfd2aa0660a1/full.jpg,7,Texture,Texture (100%) | Nature (99.99%) | Outdoors (99.99%) | Weather (99.99%) | Gray (99.54%) | Fog (92.64%) | Mist (82.53%)
89924027-e0e9-456f-9818-22bd31ae6498,wallpapers/89924027-e0e9-456f-9818-22bd31ae6498/full.jpg,9,Pattern,Pattern (99.82%) | Purple (99.73%) | Texture (99.03%) | Accessories (94.35%) | Fractal (94.35%) | Ornament (94.35%) | Disk (82.9%) | Art (82.08%) | Graphics (82.08%)
89c6c706-ab82-4fcf-8fee-7d09c567f877,wallpapers/89c6c706-ab82-4fcf-8fee-7d09c567f877/full.png,3,Desert,Desert (99.66%) | Nature (99.66%) | Outdoors (99.66%)
89a42bd7-dae0-43a7-9f36-edca268e8c79,wallpapers/89a42bd7-dae0-43a7-9f36-edca268e8c79/full.png,11,Art,Art (100%) | Graphics (100%) | Modern Art (99.92%) | Outdoors (87.61%) | Nature (86.81%) | Sky (86.81%) | Light (76.76%) | Animal (70.64%) | Fish (70.64%) | Sea Life (70.64%) | Shark (70.64%)
89edfda4-54e5-4a8b-b316-79ed04b35ce9,wallpapers/89edfda4-54e5-4a8b-b316-79ed04b35ce9/full.png,5,Art,Art (99.02%) | Graphics (99.02%) | Pattern (98.69%) | Texture (98.11%) | Purple (80.23%)
89873932-16cb-4929-bca9-c407d9b13d09,wallpapers/89873932-16cb-4929-bca9-c407d9b13d09/full.png,6,Lighting,Lighting (100%) | Light (99.89%) | Nature (97.48%) | Night (97.48%) | Outdoors (97.48%) | Flare (93.5%)
8a9a135f-d22f-41f4-89f9-d09b382b5105,wallpapers/8a9a135f-d22f-41f4-89f9-d09b382b5105/full.jpg,5,Green,Green (100%) | Plant (99.54%) | Animal (87.75%) | Lizard (87.75%) | Reptile (87.75%)
8a520788-7e0c-4976-b7a3-7ac5059537e7,wallpapers/8a520788-7e0c-4976-b7a3-7ac5059537e7/full.jpg,2,Plant,Plant (98.75%) | Black (92.89%)
8ac90500-65c0-4fd2-b56c-23a7f7e18c49,wallpapers/8ac90500-65c0-4fd2-b56c-23a7f7e18c49/full.png,7,Animal,Animal (96.63%) | Insect (96.63%) | Invertebrate (96.63%) | Spider (80.87%) | Food (79.94%) | Seafood (79.94%) | Sea Life (78.04%)
889ad075-0808-431d-9347-54d3e72747f5,wallpapers/889ad075-0808-431d-9347-54d3e72747f5/full.png,10,Nature,Nature (99.32%) | Outdoors (99.32%) | Sky (99.32%) | Texture (99.26%) | Cloud (98.62%) | Cumulus (98.62%) | Weather (98.62%) | Art (89.93%) | Pattern (79.15%) | Painting (78.18%)
8a359367-bd19-41b9-bc46-f968ec2dcdc6,wallpapers/8a359367-bd19-41b9-bc46-f968ec2dcdc6/full.jpg,3,Plant,Plant (99.9%) | Pattern (77.6%) | Blue (74.31%)
8b7cbcc6-2361-4d15-b87c-a60ab50e8976,wallpapers/8b7cbcc6-2361-4d15-b87c-a60ab50e8976/full.jpg,10,Clothing,Clothing (100%) | Footwear (100%) | Shoe (100%) | Sneaker (100%) | Light (98.96%) | Pants (95.57%) | Adult (79.86%) | Male (79.86%) | Man (79.86%) | Person (79.86%)
8b2fa0fd-f60c-4ba3-96dd-d0f43b76bca8,wallpapers/8b2fa0fd-f60c-4ba3-96dd-d0f43b76bca8/full.png,4,Smoke Pipe,Smoke Pipe (96.65%) | Animal (79.05%) | Sea Life (79.05%) | Fish (74.73%)
8a6a1056-f8d3-4dde-993f-15ef93130fbb,wallpapers/8a6a1056-f8d3-4dde-993f-15ef93130fbb/full.jpg,10,Purple,Purple (99.95%) | Pattern (99.12%) | Accessories (95.23%) | Person (94.57%) | Ornament (86.2%) | Art (82.86%) | Graphics (82.86%) | Astronomy (74.79%) | Nebula (74.79%) | Outer Space (74.79%)
8bc6a8bf-8e9c-44c0-a032-c063cc42b7af,wallpapers/8bc6a8bf-8e9c-44c0-a032-c063cc42b7af/full.png,4,Pattern,Pattern (100%) | Texture (98.13%) | Home Decor (78.61%) | Polka Dot (71.98%)
8adf811c-80e0-4274-a3c3-a56056f279e6,wallpapers/8adf811c-80e0-4274-a3c3-a56056f279e6/full.png,9,Terminal,Terminal (100%) | Railway (100%) | Train (100%) | Train Station (100%) | Transportation (100%) | Vehicle (100%) | Tunnel (99.37%) | Subway (98.48%) | Person (95.83%)
8be30d92-928f-484d-830a-9ac5de71c3df,wallpapers/8be30d92-928f-484d-830a-9ac5de71c3df/full.jpg,6,Nature,Nature (97.55%) | Outdoors (97.55%) | Sky (97.55%) | Person (89.84%) | Silhouette (87.53%) | Scenery (77.44%)
8cc1f9b1-eab3-42aa-8ea2-0428bd840131,wallpapers/8cc1f9b1-eab3-42aa-8ea2-0428bd840131/full.jpg,9,Nature,Nature (99.99%) | Outdoors (99.99%) | Mountain (99.97%) | Mountain Range (99.97%) | Peak (99.97%) | Scenery (98.1%) | Slope (86.8%) | Wilderness (85.89%) | Ice (78.64%)
8bcedd12-335a-4f85-aeda-f9f7c048bfd2,wallpapers/8bcedd12-335a-4f85-aeda-f9f7c048bfd2/full.png,11,Art,Art (99.93%) | Graphics (99.93%) | Pattern (99.66%) | Disk (92.18%) | Accessories (91.44%) | Fractal (91.44%) | Ornament (91.44%) | Nature (72.19%) | Outdoors (72.19%) | Sea (72.19%) | Water (72.19%)
8cd10dbb-57e0-4d35-8f67-faf5136c1334,wallpapers/8cd10dbb-57e0-4d35-8f67-faf5136c1334/full.png,4,Adult,Adult (96.74%) | Female (96.74%) | Person (96.74%) | Woman (96.74%)
8d59e057-ca88-4737-b98d-c1127f49bf21,wallpapers/8d59e057-ca88-4737-b98d-c1127f49bf21/full.jpg,3,Blackboard,Blackboard (83.69%) | Pattern (82.47%) | Black (70.31%)
8b9e9b11-ddc1-46bd-8886-5e610cd279ec,wallpapers/8b9e9b11-ddc1-46bd-8886-5e610cd279ec/full.png,7,Cloud,Cloud (100%) | Cumulus (100%) | Nature (100%) | Outdoors (100%) | Sky (100%) | Weather (100%) | Azure Sky (86.75%)
8da1e7dc-5ef7-49f3-952e-6f5f9c2e7ca4,wallpapers/8da1e7dc-5ef7-49f3-952e-6f5f9c2e7ca4/full.png,7,Nature,Nature (100%) | Outdoors (100%) | Sky (100%) | Cloud (100%) | Cumulus (100%) | Weather (100%) | Azure Sky (85.53%)
8d336db0-8083-4a79-990b-f73998ab2a12,wallpapers/8d336db0-8083-4a79-990b-f73998ab2a12/full.png,3,Black,Black (80.99%) | Architecture (74.93%) | Building (74.93%)
8f7bf74b-8bfe-4de2-9541-bbbf9d8fa6cc,wallpapers/8f7bf74b-8bfe-4de2-9541-bbbf9d8fa6cc/full.jpg,7,Nature,Nature (100%) | Night (100%) | Outdoors (100%) | Starry Sky (99.91%) | Astronomy (90.99%) | Nebula (90.99%) | Outer Space (90.99%)
8e76cf27-c77f-46b9-bc3c-3c7f9e1f78bf,wallpapers/8e76cf27-c77f-46b9-bc3c-3c7f9e1f78bf/full.png,2,Black,Black (94.01%) | Person (93.45%)
8bcd082c-45a5-4d7e-bdfe-217f10360d69,wallpapers/8bcd082c-45a5-4d7e-bdfe-217f10360d69/full.jpg,6,Cloud,Cloud (100%) | Cumulus (100%) | Nature (100%) | Outdoors (100%) | Sky (100%) | Weather (100%)
8fd6385f-fb40-4f2f-adea-8849e01883a1,wallpapers/8fd6385f-fb40-4f2f-adea-8849e01883a1/full.jpg,8,Canvas,Canvas (100%) | Texture (100%) | Nature (96.27%) | Outdoors (96.27%) | Sky (96.27%) | Home Decor (81.01%) | Blackboard (76.52%) | Velvet (74.41%)
8fc7ec3f-7c2c-46ae-84f7-cf34d47c51ac,wallpapers/8fc7ec3f-7c2c-46ae-84f7-cf34d47c51ac/full.jpg,12,Road,Road (100%) | Freeway (100%) | Highway (99.99%) | Transportation (99.57%) | Truck (99.57%) | Vehicle (99.57%) | Car (93.64%) | Outdoors (92.67%) | Architecture (84.17%) | Building (84.17%) | Cityscape (84.17%) | Urban (84.17%)
8fd8a24c-c69b-480a-9a00-d529c89a63da,wallpapers/8fd8a24c-c69b-480a-9a00-d529c89a63da/full.png,5,Lighting,Lighting (99.5%) | Triangle (97.16%) | Pattern (93.25%) | Art (84.26%) | Light (71.02%)
91340ef7-4830-4641-b0ea-e0d8a1dcc372,wallpapers/91340ef7-4830-4641-b0ea-e0d8a1dcc372/full.jpg,5,Adult,Adult (99.27%) | Male (99.27%) | Man (99.27%) | Person (99.27%) | Backlighting (94.83%)
8fdb24b2-c7ca-42ef-bc13-d169eb3e5a93,wallpapers/8fdb24b2-c7ca-42ef-bc13-d169eb3e5a93/full.png,3,Shelf,Shelf (98.72%) | Art (88.32%) | Modern Art (88.32%)
9151652f-81e6-4743-bcb0-58435eb75dba,wallpapers/9151652f-81e6-4743-bcb0-58435eb75dba/full.jpg,9,Adult,Adult (97.47%) | Male (97.47%) | Man (97.47%) | Person (97.47%) | Astronomy (96.45%) | Outer Space (96.45%) | Nature (78.34%) | Night (78.34%) | Outdoors (78.34%)
90eb239c-0cb2-4871-b2c0-88c6d4048ddf,wallpapers/90eb239c-0cb2-4871-b2c0-88c6d4048ddf/full.png,10,Art,Art (99.39%) | Doodle (99.08%) | Drawing (99.08%) | Face (91.21%) | Head (91.21%) | Person (91.21%) | Painting (91.11%) | Cartoon (90.54%) | Purple (83.8%) | Baby (82.06%)
90aaa38d-d4f8-44f9-9723-dabbe246d65f,wallpapers/90aaa38d-d4f8-44f9-9723-dabbe246d65f/full.png,12,Nature,Nature (100%) | Outdoors (100%) | Dune (99.33%) | Sand (99.33%) | Sea (98.72%) | Water (98.72%) | Adult (86.2%) | Bride (86.2%) | Female (86.2%) | Person (86.2%) | Wedding (86.2%) | Woman (86.2%)
91b114f3-cd4f-4faa-b74f-cd3b1804a232,wallpapers/91b114f3-cd4f-4faa-b74f-cd3b1804a232/full.png,7,Nature,Nature (100%) | Outdoors (100%) | Sky (100%) | Lighting (99.96%) | Night (99.57%) | Rainbow (96.58%) | Light (85.37%)
9294512f-3c77-4fd0-910b-f2360473fd73,wallpapers/9294512f-3c77-4fd0-910b-f2360473fd73/full.jpg,15,Nature,Nature (100%) | Night (100%) | Outdoors (100%) | Astronomy (99.87%) | Moon (99.87%) | Person (94.74%) | Animal (90.16%) | Bird (90.16%) | Mountain Range (87.38%) | Peak (87.38%) | Dog (86.02%) | Mammal (86.02%) | Pet (86.02%) | Sky (78.23%) | Scenery (77.05%)
90b07963-7f20-4de7-893f-dce4b9f5f246,wallpapers/90b07963-7f20-4de7-893f-dce4b9f5f246/full.png,13,Nature,Nature (100%) | Night (100%) | Outdoors (100%) | Sky (99.97%) | Architecture (99.6%) | Building (99.6%) | Cityscape (99.6%) | Urban (99.6%) | City (98.72%) | Astronomy (98.47%) | Moon (98.47%) | Starry Sky (95.68%) | Metropolis (89.57%)
91c27008-9118-40b5-bb70-d212ccf14d59,wallpapers/91c27008-9118-40b5-bb70-d212ccf14d59/full.png,6,Mountain,Mountain (100%) | Nature (100%) | Outdoors (100%) | Eruption (95.92%) | Volcano (95.92%) | Person (90.49%)
9261b6ce-211a-4694-860b-a9c6c5aee51f,wallpapers/9261b6ce-211a-4694-860b-a9c6c5aee51f/full.png,5,Lighting,Lighting (100%) | Pattern (99.98%) | Light (89.59%) | Accessories (71.51%) | Sphere (71.2%)
9256d139-5c09-48ca-8f84-c6fa493ea7c0,wallpapers/9256d139-5c09-48ca-8f84-c6fa493ea7c0/full.png,8,Mountain,Mountain (100%) | Nature (100%) | Outdoors (100%) | Purple (99.81%) | Eruption (86.17%) | Volcano (86.17%) | Pattern (72.81%) | Person (70.18%)
9479f8df-35e0-4c93-9da5-44de61f55183,wallpapers/9479f8df-35e0-4c93-9da5-44de61f55183/full.jpg,2,Plant,Plant (99.98%) | Black (78.01%)
9322f382-efbe-4466-98cc-1066d8d498be,wallpapers/9322f382-efbe-4466-98cc-1066d8d498be/full.png,3,Calligraphy,Calligraphy (99.94%) | Handwriting (99.94%) | Text (99.94%)
9426f523-6608-4eee-ba6c-7ed2dacfc13f,wallpapers/9426f523-6608-4eee-ba6c-7ed2dacfc13f/full.jpg,11,Pattern,Pattern (99.29%) | Nature (97.71%) | Outdoors (97.71%) | Accessories (95.21%) | Fractal (95.21%) | Ornament (95.21%) | Water (88.61%) | Car (75.25%) | Transportation (75.25%) | Vehicle (75.25%) | Art (71.83%)
92aae7a5-e0ff-4ac6-8106-f5daab4a7fa0,wallpapers/92aae7a5-e0ff-4ac6-8106-f5daab4a7fa0/full.png,1,Black,Black (71.07%)
938524cc-21a1-4105-849a-585cb52071c2,wallpapers/938524cc-21a1-4105-849a-585cb52071c2/full.png,9,Balloon,Balloon (97.51%) | Aircraft (91.37%) | Transportation (91.37%) | Vehicle (91.37%) | Nature (88.48%) | Outdoors (88.48%) | Sky (88.48%) | Hot Air Balloon (85.84%) | Art (70.59%)
9486387a-564e-4ed2-a9d8-b51caefd194f,wallpapers/9486387a-564e-4ed2-a9d8-b51caefd194f/full.jpg,5,Nature,Nature (99.8%) | Outdoors (99.8%) | Sea (99.8%) | Water (99.8%) | Sea Waves (85.54%)
93b217a7-26b1-43fd-bf04-327245f66be2,wallpapers/93b217a7-26b1-43fd-bf04-327245f66be2/full.png,6,Nature,Nature (100%) | Outdoors (100%) | Sky (100%) | Purple (99.15%) | Rainbow (88.32%) | Pattern (84.57%)
953a4f21-1130-4faf-9181-845db66fc07c,wallpapers/953a4f21-1130-4faf-9181-845db66fc07c/full.png,1,Blue,Blue (86.31%)
958a58ed-35c6-487c-9bc7-267ee810135a,wallpapers/958a58ed-35c6-487c-9bc7-267ee810135a/full.jpg,7,City,City (100%) | Road (100%) | Street (100%) | Urban (100%) | Alley (99.99%) | Person (95.82%) | Night Life (81.53%)
955115d8-38ee-4c04-9b49-f26e47c67c66,wallpapers/955115d8-38ee-4c04-9b49-f26e47c67c66/full.png,15,Green,Green (98.17%) | Ice (94.27%) | Art (89.19%) | Leisure Activities (85.72%) | Person (85.72%) | Sport (85.72%) | Swimming (85.72%) | Water (85.72%) | Water Sports (85.72%) | Outdoors (75.88%) | Smoke (73.33%) | Animal (70.9%) | Fish (70.9%) | Sea Life (70.9%) | Shark (70.9%)
952f7fa8-8f1c-461a-9779-a6c415d95db4,wallpapers/952f7fa8-8f1c-461a-9779-a6c415d95db4/full.png,8,Purple,Purple (100%) | Nature (99.99%) | Outdoors (99.99%) | Sky (99.99%) | Lighting (99.99%) | Night (96.53%) | Rainbow (80.03%) | Light (72.71%)
95f7b895-5dba-4243-8e32-31e89cfcf1c3,wallpapers/95f7b895-5dba-4243-8e32-31e89cfcf1c3/full.png,12,Light,Light (99.98%) | Pattern (99.54%) | Lighting (97.76%) | Art (96.56%) | Graphics (96.56%) | Accessories (95.69%) | Ornament (95.42%) | Fractal (88.85%) | Nature (82.31%) | Night (82.31%) | Outdoors (82.31%) | Laser (77.92%)
95fc071d-6a1d-4d65-8562-e0a52121670d,wallpapers/95fc071d-6a1d-4d65-8562-e0a52121670d/full.png,4,Texture,Texture (98.94%) | Architecture (97.21%) | Building (97.21%) | Velvet (88.75%)
94972632-8fa4-469f-9928-0db505178a02,wallpapers/94972632-8fa4-469f-9928-0db505178a02/full.png,7,City,City (99.89%) | Metropolis (99.87%) | Urban (99.87%) | Art (99.3%) | Collage (99.3%) | Neighborhood (95.93%) | Outdoors (80.46%)
9566ad9e-979f-420b-842a-8272df648b8e,wallpapers/9566ad9e-979f-420b-842a-8272df648b8e/full.png,7,Texture,Texture (99.54%) | Nature (88.28%) | Outdoors (88.28%) | Sky (86.51%) | Head (84.24%) | Person (84.24%) | Face (78.17%)
9628e6b3-20e8-4aae-b701-e25c76122b4e,wallpapers/9628e6b3-20e8-4aae-b701-e25c76122b4e/full.jpg,12,Nature,Nature (100%) | Night (100%) | Outdoors (100%) | Green (99.97%) | Astronomy (99.88%) | Moon (99.88%) | Plant (99.64%) | Tree (99.64%) | Fir (98.39%) | Vegetation (96.76%) | Pine (82.95%) | Sky (82.83%)
95d5ecdf-cd9f-4591-9bb9-3cf6a6edd568,wallpapers/95d5ecdf-cd9f-4591-9bb9-3cf6a6edd568/full.png,8,Sphere,Sphere (100%) | Art (99.98%) | Graphics (99.98%) | Nature (97.97%) | Outdoors (97.97%) | Sky (97.97%) | Pattern (81.84%) | Night (71.1%)
969ddc9d-9328-4c4d-909c-f9154644971e,wallpapers/969ddc9d-9328-4c4d-909c-f9154644971e/full.jpg,8,Art,Art (97.39%) | Animal (87.6%) | Bird (87.6%) | Eagle (87.6%) | Painting (85.51%) | Person (84.22%) | Beak (73.43%) | Modern Art (70.83%)
96a35d7f-a0d3-4ca0-ab13-713426e10fff,wallpapers/96a35d7f-a0d3-4ca0-ab13-713426e10fff/full.jpg,5,Outdoors,Outdoors (85.09%) | Nature (82.75%) | Mountain (71.79%) | Mountain Range (71.79%) | Peak (71.79%)
963d84b2-04ff-45e2-8780-992886e0f0f9,wallpapers/963d84b2-04ff-45e2-8780-992886e0f0f9/full.png,7,Home Decor,Home Decor (98.9%) | Architecture (98.2%) | Building (98.2%) | Green (95.52%) | Texture (92.24%) | Light (86.54%) | Lighting (73.6%)
95ffcac6-08cf-4129-8d31-a0f564939243,wallpapers/95ffcac6-08cf-4129-8d31-a0f564939243/full.png,3,Texture,Texture (100%) | Home Decor (98.59%) | Pattern (96.74%)
97c7ede8-24d3-4121-8c73-56473c629f03,wallpapers/97c7ede8-24d3-4121-8c73-56473c629f03/full.jpg,11,Ball,Ball (98.82%) | Baseball (98.82%) | Baseball (Ball) (98.82%) | Sport (98.82%) | Astronomy (97.17%) | Outer Space (97.17%) | Aircraft (86.91%) | Airplane (86.91%) | Transportation (86.91%) | Vehicle (86.91%) | Planet (80.51%)
96c4ddda-decd-4580-81af-817eb8a2ced1,wallpapers/96c4ddda-decd-4580-81af-817eb8a2ced1/full.jpg,4,Light,Light (99.76%) | Pattern (81.01%) | Home Decor (79.01%) | Blackboard (71.49%)
970d4c0b-0422-464c-aed8-44286263cf77,wallpapers/970d4c0b-0422-464c-aed8-44286263cf77/full.png,3,Light,Light (99.99%) | Pattern (96.42%) | Neon (84.42%)
97abe575-9f19-4874-b526-90e2f28c2cf4,wallpapers/97abe575-9f19-4874-b526-90e2f28c2cf4/full.jpg,13,Pattern,Pattern (99.76%) | Outdoors (99.37%) | Nature (99.26%) | Art (95.91%) | Painting (95.91%) | Accessories (95.84%) | Ornament (95.84%) | Fractal (94.29%) | Night (89.96%) | Sea (86.06%) | Water (86.06%) | Person (81.5%) | Cave (73.43%)
98111f35-c7e5-4d7a-8af1-fd1ac4a389c3,wallpapers/98111f35-c7e5-4d7a-8af1-fd1ac4a389c3/full.jpg,6,Accessories,Accessories (98.82%) | Ornament (94.72%) | Astronomy (91.55%) | Outer Space (91.55%) | Gemstone (88.43%) | Jewelry (88.43%)
98a585e4-b685-4025-a10a-1aa277ab6a4c,wallpapers/98a585e4-b685-4025-a10a-1aa277ab6a4c/full.jpg,5,Silhouette,Silhouette (89.68%) | Person (86.14%) | Face (76.58%) | Head (76.58%) | Outdoors (74.5%)
98db76b3-d62b-4860-b43f-c01a5d064af1,wallpapers/98db76b3-d62b-4860-b43f-c01a5d064af1/full.png,6,Aircraft,Aircraft (86.71%) | Transportation (86.71%) | Vehicle (86.71%) | Clothing (73.74%) | Footwear (73.74%) | Shoe (73.74%)
9740a175-f625-49bb-aa4a-70112ea4aa2a,wallpapers/9740a175-f625-49bb-aa4a-70112ea4aa2a/full.jpg,7,Accessories,Accessories (98.31%) | Diamond (98.31%) | Gemstone (98.31%) | Jewelry (98.31%) | Art (96.26%) | Network (95.24%) | Paper (92.43%)
97b82b62-3a4a-48f8-8447-96548bd45b82,wallpapers/97b82b62-3a4a-48f8-8447-96548bd45b82/full.jpg,3,Paper,Paper (99.79%) | Confetti (98.53%) | Fireworks (91.48%)
995f4036-bc01-434c-87df-2baf0af7389d,wallpapers/995f4036-bc01-434c-87df-2baf0af7389d/full.png,7,Purple,Purple (100%) | Art (99.99%) | Graphics (99.99%) | Silk (99.62%) | Pattern (92.44%) | Light (87.02%) | Accessories (79.03%)
98f90372-f45a-457a-9fb5-c4cefb8e0033,wallpapers/98f90372-f45a-457a-9fb5-c4cefb8e0033/full.png,15,Accessories,Accessories (99.95%) | Sunglasses (99.95%) | Photography (99.27%) | Head (98.34%) | Person (98.34%) | Face (97.99%) | Glasses (95.15%) | Canine (92.12%) | Dog (92.12%) | Pet (92.12%) | Sweater (91.87%) | Portrait (90.5%) | Puppy (89.69%) | Smile (88.99%) | Hound (76.24%)
997966eb-41a1-4e9e-bc05-ee5bb421d99f,wallpapers/997966eb-41a1-4e9e-bc05-ee5bb421d99f/full.jpg,3,Light,Light (100%) | Neon (99.67%) | Purple (79.58%)
9a1ecb2b-fb7d-49c0-9ae8-0dbc208a89f0,wallpapers/9a1ecb2b-fb7d-49c0-9ae8-0dbc208a89f0/full.png,13,Nature,Nature (100%) | Outdoors (100%) | Promontory (99.96%) | Water (99.96%) | Lake (98.82%) | Scenery (98.04%) | Sea (96.02%) | Mountain (93.68%) | Mountain Range (93.68%) | Person (89.96%) | Sky (87.39%) | Shoreline (79.1%) | Coast (78.77%)
9a7b11f6-5495-448c-854e-7a290ec1f792,wallpapers/9a7b11f6-5495-448c-854e-7a290ec1f792/full.jpg,15,Nature,Nature (99.97%) | Night (99.97%) | Outdoors (99.97%) | Lighting (98.7%) | Car (96.66%) | Vegetation (96.08%) | Silhouette (95.34%) | Urban (93.43%) | Cityscape (93.2%) | Sky (91.19%) | Tree (89.53%) | Purple (84.6%) | Palm Tree (83.61%) | City (83.28%) | Light (82.58%)
983e8622-1940-4bba-a1a3-b227a2243182,wallpapers/983e8622-1940-4bba-a1a3-b227a2243182/full.jpg,4,Nature,Nature (100%) | Night (100%) | Outdoors (100%) | Starry Sky (100%)
9b050c3b-6235-4aa6-8bb7-8dd1f0bca782,wallpapers/9b050c3b-6235-4aa6-8bb7-8dd1f0bca782/full.jpg,10,Nature,Nature (100%) | Outdoors (100%) | Sky (100%) | Night (100%) | Starry Sky (99.7%) | Horizon (97.82%) | Mountain (97.03%) | Mountain Range (97.03%) | Peak (95.85%) | Scenery (86.65%)
9aecee43-29d8-4e2a-913f-ed3ba777c3e3,wallpapers/9aecee43-29d8-4e2a-913f-ed3ba777c3e3/full.png,9,Pattern,Pattern (99.83%) | Accessories (99.47%) | Art (99.12%) | Graphics (99.12%) | Ornament (90.95%) | Fractal (89.74%) | Nature (88.39%) | Outdoors (88.39%) | Sky (88.39%)
9ba4aaf8-f65b-462f-8f10-ce48dd46e560,wallpapers/9ba4aaf8-f65b-462f-8f10-ce48dd46e560/full.jpg,7,Animal,Animal (100%) | Bird (100%) | Flying (100%) | Aircraft (75%) | Flight (75%) | Transportation (75%) | Vehicle (75%)
9ab99a0e-09d4-4e09-ae36-4f59666afaec,wallpapers/9ab99a0e-09d4-4e09-ae36-4f59666afaec/full.jpg,10,Outdoors,Outdoors (99.95%) | Nature (99.88%) | Countryside (99.54%) | Rural (92.42%) | Village (86.61%) | Neighborhood (83.98%) | Architecture (71.74%) | Building (71.74%) | Cityscape (71.74%) | Urban (71.74%)
9b1f2314-d82e-43f0-b2ab-b83181d9b178,wallpapers/9b1f2314-d82e-43f0-b2ab-b83181d9b178/full.png,7,Nature,Nature (99.22%) | Outdoors (99.22%) | Sky (99.22%) | Ice (90.78%) | Sea (90.33%) | Water (90.33%) | Texture (83.13%)
9bdf9037-e46b-4e78-8767-32529803c0b4,wallpapers/9bdf9037-e46b-4e78-8767-32529803c0b4/full.jpg,11,Pattern,Pattern (98.75%) | Art (96.98%) | Graphics (96.98%) | Purple (92.69%) | Animal (77.15%) | Fish (77.15%) | Sea Life (77.15%) | Shark (77.15%) | Accessories (72.39%) | Fractal (72.39%) | Ornament (72.39%)
9bc4d442-67ac-47c1-9468-50939f3868b9,wallpapers/9bc4d442-67ac-47c1-9468-50939f3868b9/full.png,7,Purple,Purple (100%) | Art (97.21%) | Graphics (97.21%) | Nature (94.76%) | Outdoors (94.76%) | Sea (87.22%) | Water (87.22%)
9ba51c8b-ba7a-49c9-8c92-7f26fb8fba55,wallpapers/9ba51c8b-ba7a-49c9-8c92-7f26fb8fba55/full.png,3,Texture,Texture (99.63%) | Blackboard (99.58%) | Ice (73.22%)
9a3370c4-70cd-442e-9e8f-0c2a703d4156,wallpapers/9a3370c4-70cd-442e-9e8f-0c2a703d4156/full.jpeg,1,Black,Black (91.1%)
9bfe53bb-f022-4b3c-8be8-0f04bdec8d86,wallpapers/9bfe53bb-f022-4b3c-8be8-0f04bdec8d86/full.jpeg,12,Clothing,Clothing (99.95%) | Hoodie (99.95%) | Knitwear (99.95%) | Sweater (99.95%) | Sweatshirt (99.95%) | Hood (97.53%) | Adult (97.41%) | Male (97.41%) | Man (97.41%) | Person (97.41%) | Face (75.53%) | Head (75.53%)
9bd67b90-228f-44e8-a6cc-f2760373c78b,wallpapers/9bd67b90-228f-44e8-a6cc-f2760373c78b/full.png,10,Art,Art (99.84%) | Graphics (99.84%) | Nature (99.43%) | Outdoors (99.43%) | Sky (99.43%) | Balloon (96.51%) | Purple (94.56%) | Pattern (91.53%) | Light (76.76%) | Sphere (72.84%)
9c794ce4-50b5-4776-be31-7ea718cc7b36,wallpapers/9c794ce4-50b5-4776-be31-7ea718cc7b36/full.png,9,Pattern,Pattern (100%) | Architecture (99.95%) | Building (99.95%) | Art (99.72%) | Graphics (99.72%) | Accessories (99.7%) | Fractal (99.7%) | Ornament (99.7%) | Modern Art (74.52%)
9ccc1283-1a2d-49a2-9366-86cca6f869e2,wallpapers/9ccc1283-1a2d-49a2-9366-86cca6f869e2/full.jpeg,5,Green,Green (100%) | Texture (99.57%) | Nature (95.36%) | Outdoors (95.36%) | Sky (95.36%)
9c4586ac-9755-487a-bf30-1306dfc7d7fd,wallpapers/9c4586ac-9755-487a-bf30-1306dfc7d7fd/full.png,12,Pattern,Pattern (99.76%) | Nature (99.66%) | Outdoors (99.66%) | Sky (99.66%) | Accessories (98.75%) | Fractal (98.75%) | Ornament (98.75%) | Rainbow (96.1%) | Fire (93.09%) | Flame (93.09%) | Light (76.64%) | Night (74.52%)
9c73ce90-2a82-4c24-8106-554ad8862bcf,wallpapers/9c73ce90-2a82-4c24-8106-554ad8862bcf/full.png,8,Texture,Texture (100%) | Canvas (98.59%) | Person (93.97%) | Face (81.53%) | Head (81.53%) | Nature (76.28%) | Outdoors (76.28%) | Pattern (75.05%)
9cb42b65-cc48-41f4-a5ae-2191aee283f5,wallpapers/9cb42b65-cc48-41f4-a5ae-2191aee283f5/full.png,11,Texture,Texture (98.4%) | Pattern (98.21%) | Nature (97.21%) | Outdoors (97.21%) | Sky (97.21%) | Accessories (82.37%) | Architecture (81.83%) | Building (81.83%) | Fractal (77.13%) | Ornament (77.13%) | Art (76.95%)
9d056a9f-68e6-4511-8feb-00d8bd9d93e2,wallpapers/9d056a9f-68e6-4511-8feb-00d8bd9d93e2/full.jpg,15,Lighting,Lighting (100%) | Urban (99.99%) | Face (99.99%) | Head (99.99%) | Person (99.99%) | Photography (99.99%) | Portrait (99.99%) | Happy (99.91%) | Smile (99.91%) | Costume (98.4%) | Adult (92.65%) | Female (92.65%) | Woman (92.65%) | Accessories (88.47%) | City (85.77%)
9cad6532-85d4-4767-ad31-33d614007a84,wallpapers/9cad6532-85d4-4767-ad31-33d614007a84/full.jpg,8,Ice,Ice (100%) | Nature (100%) | Outdoors (100%) | Glacier (99.97%) | Mountain (99.97%) | Baby (88.73%) | Person (88.73%) | Iceberg (81.99%)
9dfd3cec-9797-4a29-9e61-7b3619051672,wallpapers/9dfd3cec-9797-4a29-9e61-7b3619051672/full.jpg,1,Black,Black (92.89%)
9d2b0818-f0f7-4c6c-98b0-bc8f4cf67c60,wallpapers/9d2b0818-f0f7-4c6c-98b0-bc8f4cf67c60/full.jpg,8,Nature,Nature (100%) | Outdoors (100%) | Sea (100%) | Water (100%) | Land (99.89%) | Coast (95.25%) | Shoreline (95.25%) | Sea Waves (92.42%)
9d4fc411-b615-4747-9781-adc6f4764606,wallpapers/9d4fc411-b615-4747-9781-adc6f4764606/full.png,11,Plant,Plant (100%) | Tree (100%) | Mountain (99.99%) | Mountain Range (99.99%) | Nature (99.99%) | Outdoors (99.99%) | Peak (99.98%) | Scenery (99.95%) | Fir (99.79%) | Landscape (99.43%) | Sky (92.87%)
9de26d75-3ac8-484e-b1c3-9e460111943c,wallpapers/9de26d75-3ac8-484e-b1c3-9e460111943c/full.jpg,5,Art,Art (95.18%) | Painting (95.18%) | Outdoors (90.97%) | Nature (90.42%) | Person (86.89%)
9d5063f8-434f-41aa-b8da-b13936b13a0c,wallpapers/9d5063f8-434f-41aa-b8da-b13936b13a0c/full.png,9,Lighting,Lighting (100%) | Nature (99.99%) | Night (99.99%) | Outdoors (99.99%) | Art (99.79%) | Graphics (99.79%) | Person (77.88%) | Head (76.3%) | Sky (71.7%)
9e3e5bdf-8e8c-45bf-ade8-d6f69f4934f8,wallpapers/9e3e5bdf-8e8c-45bf-ade8-d6f69f4934f8/full.jpg,8,Art,Art (98.33%) | Modern Art (98.33%) | Person (95.08%) | Dancing (86.8%) | Leisure Activities (86.8%) | Book (84.74%) | Comics (84.74%) | Publication (84.74%)
9ebd6cea-a13c-4066-80a9-6df0bfcc2e39,wallpapers/9ebd6cea-a13c-4066-80a9-6df0bfcc2e39/full.jpg,4,Purple,Purple (100%) | Nature (84.82%) | Outdoors (84.82%) | Sky (84.82%)
9d55aba3-2f65-4184-8be0-b0e9719da7b2,wallpapers/9d55aba3-2f65-4184-8be0-b0e9719da7b2/full.jpg,10,Nature,Nature (99.95%) | Outdoors (99.95%) | Scenery (99.89%) | Promontory (99.71%) | Water (99.71%) | Sky (99.45%) | Sea (97.24%) | Land (96.81%) | Landscape (92.46%) | Plateau (83.88%)
9e877704-a9e6-43aa-a1d5-2faa55cb6664,wallpapers/9e877704-a9e6-43aa-a1d5-2faa55cb6664/full.png,4,Pattern,Pattern (100%) | Accessories (100%) | Fractal (99.99%) | Ornament (99.99%)
9f26f5fd-efc0-44a7-8724-9c5421f4f915,wallpapers/9f26f5fd-efc0-44a7-8724-9c5421f4f915/full.png,8,Art,Art (100%) | Graphics (100%) | Nature (97.75%) | Night (97.75%) | Outdoors (97.75%) | Pattern (96.58%) | Texture (94.66%) | Sky (80.5%)
9ee1203c-38d3-4de8-9802-a7ab20496641,wallpapers/9ee1203c-38d3-4de8-9802-a7ab20496641/full.png,4,Lighting,Lighting (99.84%) | Light (99.69%) | Art (98.72%) | Graphics (98.72%)
a0d5ff12-918b-4050-8b1d-fcc9e950aafb,wallpapers/a0d5ff12-918b-4050-8b1d-fcc9e950aafb/full.jpeg,5,Green,Green (100%) | Nature (99.02%) | Outdoors (99.02%) | Sky (99.02%) | Night (98.95%)
9fd8db33-6dc2-4807-a98e-b490c78099bb,wallpapers/9fd8db33-6dc2-4807-a98e-b490c78099bb/full.jpg,1,Person,Person (98.21%)
9cae4245-f06a-4034-b4fa-dbc631cbd63a,wallpapers/9cae4245-f06a-4034-b4fa-dbc631cbd63a/full.png,8,Nature,Nature (100%) | Night (100%) | Outdoors (100%) | Starry Sky (99.94%) | Mountain (99.69%) | Mountain Range (99.69%) | Peak (99.16%) | Scenery (97.72%)
a0925bff-908e-4191-9c32-dd6400e24071,wallpapers/a0925bff-908e-4191-9c32-dd6400e24071/full.jpeg,4,Symbol,Symbol (95.49%) | Business Card (79.51%) | Paper (79.51%) | Text (79.51%)
9ecfa790-b7dd-4fed-b88a-472505896ff2,wallpapers/9ecfa790-b7dd-4fed-b88a-472505896ff2/full.jpg,10,Face,Face (97.28%) | Head (97.28%) | Person (97.28%) | Accessories (93.59%) | Ornament (93.59%) | Light (92.22%) | Pattern (83.42%) | Purple (82.67%) | Photography (77.4%) | Portrait (77.4%)
9f97280c-84d6-4118-bece-8ec6864e7191,wallpapers/9f97280c-84d6-4118-bece-8ec6864e7191/full.png,3,Light,Light (100%) | Laser (94.5%) | Person (78%)
a0808af7-a2c7-4619-8bcc-9d11cee63741,wallpapers/a0808af7-a2c7-4619-8bcc-9d11cee63741/full.jpg,9,Leaf,Leaf (100%) | Plant (100%) | Vegetation (99.99%) | Fern (99.9%) | Jungle (99.06%) | Nature (99.06%) | Outdoors (99.06%) | Tree (98.91%) | Summer (92.65%)
a05e2f73-5d24-4f08-b38b-c9036e2f89e9,wallpapers/a05e2f73-5d24-4f08-b38b-c9036e2f89e9/full.jpg,7,Nature,Nature (100%) | Outdoors (100%) | Sea (100%) | Water (100%) | Sea Waves (99.97%) | Coast (72.01%) | Shoreline (72.01%)
a1bcdf2e-a965-4779-a699-2d669a39f3b7,wallpapers/a1bcdf2e-a965-4779-a699-2d669a39f3b7/full.jpg,5,Nature,Nature (100%) | Outdoors (100%) | Sky (100%) | Horizon (100%) | Scenery (99.08%)
9fb85022-c0f0-415a-979c-ee4b22259bf1,wallpapers/9fb85022-c0f0-415a-979c-ee4b22259bf1/full.jpg,5,Art,Art (100%) | Graphics (100%) | Modern Art (99.08%) | Pattern (75.39%) | Texture (75.05%)
a12f7e46-720b-4a49-8084-966aaaec0265,wallpapers/a12f7e46-720b-4a49-8084-966aaaec0265/full.png,12,Lighting,Lighting (100%) | Light (99.79%) | Art (93.27%) | Graphics (93.27%) | Pattern (83.59%) | Accessories (76.03%) | Ornament (76.03%) | Nature (70.93%) | Night (70.93%) | Outdoors (70.93%) | Astronomy (70.59%) | Moon (70.59%)
a197b893-307e-48dc-b225-1c28ba2321a4,wallpapers/a197b893-307e-48dc-b225-1c28ba2321a4/full.png,11,Art,Art (100%) | Doodle (100%) | Drawing (100%) | Book (97.4%) | Comics (97.4%) | Publication (97.4%) | Face (93.95%) | Head (93.95%) | Person (93.95%) | Accessories (70.43%) | Glasses (70.43%)
a1f67f38-79c0-4cc4-9529-4932413b3a15,wallpapers/a1f67f38-79c0-4cc4-9529-4932413b3a15/full.jpg,15,City,City (100%) | Road (100%) | Street (100%) | Urban (100%) | Adult (98.21%) | Male (98.21%) | Man (98.21%) | Person (98.21%) | Tarmac (97.77%) | Neighborhood (96.77%) | Alley (96.6%) | Path (96.09%) | Architecture (95.65%) | Building (95.65%) | Outdoors (81.09%)
a1d856e9-3858-4cac-bed3-2069aaa358ad,wallpapers/a1d856e9-3858-4cac-bed3-2069aaa358ad/full.jpg,10,Nature,Nature (100%) | Night (100%) | Outdoors (100%) | Astronomy (98.21%) | Moon (98.21%) | Green (98.11%) | Lighting (96.56%) | Starry Sky (84.82%) | Grass (73.59%) | Plant (73.59%)
a235c1eb-6d67-43e4-97c4-71f4f01bd920,wallpapers/a235c1eb-6d67-43e4-97c4-71f4f01bd920/full.jpg,5,Landmark,Landmark (90.28%) | Giant's Causeway (87.66%) | Nature (86%) | Outdoors (86%) | Sky (86%)
a1c0d390-e7c7-410a-be90-ded783b90ad0,wallpapers/a1c0d390-e7c7-410a-be90-ded783b90ad0/full.png,3,Outdoors,Outdoors (86.68%) | Nature (85.86%) | Water (77.57%)
a1a4b92d-1486-4cc9-969c-0b45e0f242df,wallpapers/a1a4b92d-1486-4cc9-969c-0b45e0f242df/full.jpg,7,Flare,Flare (99.54%) | Light (99.54%) | City (99.45%) | Urban (98.57%) | Person (96.31%) | Lighting (94.37%) | Outdoors (85.05%)
a1fb9e0a-1070-41a0-9261-4a39de46c7b1,wallpapers/a1fb9e0a-1070-41a0-9261-4a39de46c7b1/full.png,1,Texture,Texture (99.99%)
a11b42a6-5cf3-46b1-8643-be5f24daea1c,wallpapers/a11b42a6-5cf3-46b1-8643-be5f24daea1c/full.jpg,3,Toy,Toy (99.8%) | Urban (98.55%) | Cartoon (80.01%)
a24aea42-44c9-46ab-9ba0-cf931240dcb6,wallpapers/a24aea42-44c9-46ab-9ba0-cf931240dcb6/full.png,4,Outdoors,Outdoors (95.45%) | Nature (94.86%) | Art (83.61%) | Graphics (83.61%)
a1cee734-dfcd-42be-97f1-e29ae6ff8a86,wallpapers/a1cee734-dfcd-42be-97f1-e29ae6ff8a86/full.png,8,Texture,Texture (96.24%) | Face (95.32%) | Head (95.32%) | Person (95.32%) | Nature (92.21%) | Outdoors (92.21%) | Water (73.54%) | Night (71.6%)
a26a55f4-d98c-4bd9-b510-4612fb89c2af,wallpapers/a26a55f4-d98c-4bd9-b510-4612fb89c2af/full.png,10,Nature,Nature (100%) | Night (100%) | Outdoors (100%) | Starry Sky (99.68%) | Scenery (98.68%) | Sky (86.41%) | Astronomy (84.18%) | Moon (84.18%) | Mountain (72.34%) | Mountain Range (72.34%)
a29e1dfc-b799-4c6d-b152-3097f6140bfd,wallpapers/a29e1dfc-b799-4c6d-b152-3097f6140bfd/full.png,4,Light,Light (100%) | Car (93.36%) | Transportation (93.36%) | Vehicle (93.36%)
a34869fb-4d41-40b4-bf6b-de9e892619c2,wallpapers/a34869fb-4d41-40b4-bf6b-de9e892619c2/full.jpg,14,Transportation,Transportation (97.91%) | Vehicle (97.91%) | Yacht (97.91%) | Nature (93.05%) | Outdoors (93.05%) | Sea (93.05%) | Water (93.05%) | Boat (86.85%) | Sailboat (86.85%) | Boating (80.4%) | Leisure Activities (80.4%) | Sport (80.4%) | Water Sports (80.4%) | Blackboard (74.34%)
a29e7fb2-20c5-400c-bd4f-554f3e1946a9,wallpapers/a29e7fb2-20c5-400c-bd4f-554f3e1946a9/full.jpg,15,Building,Building (100%) | Office Building (100%) | Nature (100%) | Outdoors (100%) | Sky (100%) | City (100%) | Urban (99.99%) | High Rise (99.84%) | Night (99.75%) | Lighting (97.49%) | Cityscape (93.32%) | Person (89.06%) | Condo (88.54%) | Metropolis (84.87%) | Bridge (81.63%)
a2736811-8c25-4923-b5d7-7cecdf8a2dc2,wallpapers/a2736811-8c25-4923-b5d7-7cecdf8a2dc2/full.png,15,Nature,Nature (99.92%) | Night (99.92%) | Outdoors (99.92%) | Tree (99.92%) | Mountain (99.85%) | Mountain Range (99.85%) | Peak (99.79%) | Fir (99.62%) | Scenery (99.3%) | Moon (96.87%) | Bird (89.57%) | Airplane (83.83%) | Landscape (82.03%) | Vegetation (80.06%) | Sky (74.12%)
a3050bf0-faac-4221-881e-eb9c4cc72c55,wallpapers/a3050bf0-faac-4221-881e-eb9c4cc72c55/full.png,2,Architecture,Architecture (99.28%) | Building (99.28%)
a3c81584-d6a0-4cc9-b5fb-90781d5734f1,wallpapers/a3c81584-d6a0-4cc9-b5fb-90781d5734f1/full.jpg,15,Nature,Nature (100%) | Outdoors (100%) | Weather (100%) | Plant (100%) | Tree (100%) | Fog (99.95%) | Vegetation (99.94%) | Mist (99.92%) | Fir (99.89%) | Land (99.5%) | Woodland (99.5%) | Jungle (96.28%) | Rainforest (94.36%) | Scenery (93.24%) | Conifer (71.47%)
a493aa70-56cc-4baf-b35d-c4db8f502601,wallpapers/a493aa70-56cc-4baf-b35d-c4db8f502601/full.png,7,Art,Art (100%) | Graphics (100%) | Modern Art (98.51%) | Pattern (96.9%) | Accessories (82.81%) | Fractal (82.81%) | Ornament (82.81%)
a4a4275e-85a9-4a2e-bbb7-c1a2d467075c,wallpapers/a4a4275e-85a9-4a2e-bbb7-c1a2d467075c/full.jpg,6,Anime,Anime (90.94%) | Adult (83.19%) | Female (83.19%) | Person (83.19%) | Woman (83.19%) | Head (75.06%)
a359a590-0d4a-45a3-ad3c-8c4328206092,wallpapers/a359a590-0d4a-45a3-ad3c-8c4328206092/full.jpeg,5,Nature,Nature (97.1%) | Outdoors (97.1%) | Sky (97.1%) | Texture (83.57%) | Blue (70.83%)
a5406a02-0fc9-43ab-93b9-b454c34939cb,wallpapers/a5406a02-0fc9-43ab-93b9-b454c34939cb/full.jpg,11,Nature,Nature (100%) | Night (100%) | Outdoors (100%) | Ice (100%) | Astronomy (99.74%) | Moon (99.74%) | Person (90.93%) | Scenery (89.88%) | Sea (89.69%) | Water (89.69%) | Land (85.29%)
a69f7116-9b0f-4930-b1c3-acfafbd07e5b,wallpapers/a69f7116-9b0f-4930-b1c3-acfafbd07e5b/full.jpg,10,Silhouette,Silhouette (99.77%) | Outdoors (98.68%) | Nature (98.55%) | Plant (98.4%) | Tree (98.4%) | Summer (97.01%) | Sky (94.85%) | Sunset (94.59%) | Palm Tree (93.93%) | Scenery (83.16%)
a726f5e9-9070-4e3e-b79c-c55474f0dab3,wallpapers/a726f5e9-9070-4e3e-b79c-c55474f0dab3/full.jpg,1,Black,Black (82.31%)
a6384296-dee8-4224-bf98-a33dc7abaeab,wallpapers/a6384296-dee8-4224-bf98-a33dc7abaeab/full.jpeg,3,Architecture,Architecture (99.04%) | Building (99.04%) | Art (78.16%)
a5900469-e6df-42bc-80dc-0dc598c1e80c,wallpapers/a5900469-e6df-42bc-80dc-0dc598c1e80c/full.png,5,Nature,Nature (99.88%) | Outdoors (99.88%) | Sky (99.88%) | Horizon (98.78%) | Blue (75.99%)
a5e537a1-9dbd-4332-a1b9-70785dfaf7f5,wallpapers/a5e537a1-9dbd-4332-a1b9-70785dfaf7f5/full.png,3,Light,Light (97.14%) | Art (89.74%) | Graphics (89.74%)
a5165153-bf56-4010-a243-c15c6347c27f,wallpapers/a5165153-bf56-4010-a243-c15c6347c27f/full.png,12,Nature,Nature (99.95%) | Outdoors (99.95%) | Sky (99.95%) | Night (99.88%) | Astronomy (98.5%) | Moon (98.5%) | Scenery (97.94%) | Mountain (97.32%) | Mountain Range (97.32%) | Peak (97.32%) | Animal (91.11%) | Bird (91.11%)
a59c152b-8638-44a7-ae08-6e160ff6639f,wallpapers/a59c152b-8638-44a7-ae08-6e160ff6639f/full.jpg,7,Nature,Nature (100%) | Outdoors (100%) | Water (99.86%) | Lake (99.66%) | Reservoir (99.51%) | Silhouette (88.53%) | Weather (72.35%)
a578ce39-9216-4c3f-ba56-21ff0f674d53,wallpapers/a578ce39-9216-4c3f-ba56-21ff0f674d53/full.jpg,7,Paper,Paper (98.4%) | Pattern (91.24%) | Confetti (83.8%) | Texture (78.43%) | Nature (75.29%) | Night (75.29%) | Outdoors (75.29%)
a78b1461-9867-4f19-aa54-be7f742aa0e0,wallpapers/a78b1461-9867-4f19-aa54-be7f742aa0e0/full.jpg,6,Sword,Sword (100%) | Weapon (100%) | Duel (99.3%) | Person (99.3%) | Lighting (89.68%) | People (86.95%)
a7bfa98e-d1da-4f58-95a5-7d5569a6ecf5,wallpapers/a7bfa98e-d1da-4f58-95a5-7d5569a6ecf5/full.jpeg,5,Outdoors,Outdoors (92.79%) | Nature (90.11%) | Sky (90.11%) | Astronomy (83.53%) | Outer Space (83.53%)
a7dca967-e85b-4c0d-b165-46d9d89e3e9a,wallpapers/a7dca967-e85b-4c0d-b165-46d9d89e3e9a/full.png,1,Paper,Paper (88.08%)
a797b126-b714-4989-8060-a1ae5d4dd4d3,wallpapers/a797b126-b714-4989-8060-a1ae5d4dd4d3/full.jpg,7,Nature,Nature (100%) | Night (100%) | Outdoors (100%) | Astronomy (99.98%) | Moon (99.98%) | Sky (94.2%) | Road (91.37%)
a36ad190-f5fc-4065-b8c1-037cf56a9ad1,wallpapers/a36ad190-f5fc-4065-b8c1-037cf56a9ad1/full.jpg,7,Clothing,Clothing (95.56%) | Coat (95.56%) | Hoodie (80.13%) | Knitwear (80.13%) | Sweater (80.13%) | Sweatshirt (80.13%) | Bag (70.83%)
a8645534-f38e-4422-807a-b0f3ff45ac06,wallpapers/a8645534-f38e-4422-807a-b0f3ff45ac06/full.jpg,2,Lighting,Lighting (95.5%) | Pattern (92.77%)
a8e261e7-9a82-42da-b124-3146501f5cf0,wallpapers/a8e261e7-9a82-42da-b124-3146501f5cf0/full.jpg,9,Nature,Nature (100%) | Outdoors (100%) | Sea (99.99%) | Water (99.99%) | Shoreline (99.47%) | Coast (99.38%) | Lake (98.93%) | Sky (91.26%) | Aerial View (84.82%)
a8793a83-ebc4-45dc-a6e3-0f53374e5513,wallpapers/a8793a83-ebc4-45dc-a6e3-0f53374e5513/full.png,6,Daisy,Daisy (100%) | Flower (100%) | Plant (100%) | Petal (100%) | Dahlia (100%) | Pollen (84.65%)
a60b1e97-17f7-479c-801b-f60368016d78,wallpapers/a60b1e97-17f7-479c-801b-f60368016d78/full.jpg,7,Nature,Nature (99.98%) | Outdoors (99.98%) | Horizon (99.95%) | Sky (99.95%) | Water (98.78%) | Sea (98.26%) | Ripple (91.22%)
a7ccd8b6-8317-4cd7-807a-701a1b7cf5b6,wallpapers/a7ccd8b6-8317-4cd7-807a-701a1b7cf5b6/full.png,5,Nature,Nature (100%) | Outdoors (100%) | Desert (99.99%) | Dune (99.64%) | Sand (99.64%)
a96f8f5c-8c3c-4bc3-b6d9-ba6b15ec0162,wallpapers/a96f8f5c-8c3c-4bc3-b6d9-ba6b15ec0162/full.jpg,15,Plant,Plant (99.95%) | Tree (99.95%) | Palm Tree (99.88%) | Nature (99.85%) | Outdoors (99.85%) | Sky (99.85%) | Urban (97.85%) | Night (94.13%) | Tropical (94.09%) | City (90.01%) | Hardware (88.16%) | Monitor (88.16%) | Screen (88.16%) | Art (81.92%) | Purple (77.53%)
a9bd1e82-936e-422a-bd0d-3ec0bcc39273,wallpapers/a9bd1e82-936e-422a-bd0d-3ec0bcc39273/full.jpg,6,Mountain,Mountain (100%) | Nature (100%) | Outdoors (100%) | Volcano (99.67%) | Eruption (99.67%) | Lava (91.26%)
a9be56bb-a18c-4569-a49c-600407cbc6de,wallpapers/a9be56bb-a18c-4569-a49c-600407cbc6de/full.png,4,Pattern,Pattern (99.86%) | Accessories (96.28%) | Fractal (93.45%) | Ornament (93.45%)
a9d922c2-2753-4253-92bc-368a322a0f21,wallpapers/a9d922c2-2753-4253-92bc-368a322a0f21/full.png,0,,
aa02a330-abff-4a0b-bb92-6f5945bda620,wallpapers/aa02a330-abff-4a0b-bb92-6f5945bda620/full.jpg,1,Electronics,Electronics (80.26%)
a91403b5-de06-493c-89a2-d8ca166329e3,wallpapers/a91403b5-de06-493c-89a2-d8ca166329e3/full.png,10,Art,Art (100%) | Graphics (100%) | Pattern (98.25%) | Texture (94.34%) | Nature (91.39%) | Outdoors (91.39%) | Sky (91.39%) | Astronomy (81.03%) | Moon (81.03%) | Night (81.03%)
aa751868-a776-4420-a833-cd432452b7f4,wallpapers/aa751868-a776-4420-a833-cd432452b7f4/full.png,0,,
aa15bd3f-3065-4e71-a158-05d3c2389d88,wallpapers/aa15bd3f-3065-4e71-a158-05d3c2389d88/full.jpg,9,Nature,Nature (99.8%) | Outdoors (99.8%) | Sky (99.8%) | Art (99.39%) | Graphics (99.39%) | Person (88.59%) | Painting (76.68%) | Texture (73.85%) | Pattern (71.2%)
aa29ae66-d2f4-4896-8764-3d7086c22c98,wallpapers/aa29ae66-d2f4-4896-8764-3d7086c22c98/full.jpg,4,Light,Light (99.99%) | Pattern (85.88%) | Laser (72.97%) | Blackboard (71.66%)
aa67bb6e-2a16-47e4-a086-34be05e480ca,wallpapers/aa67bb6e-2a16-47e4-a086-34be05e480ca/full.png,10,Nature,Nature (100%) | Outdoors (100%) | Mountain (99.99%) | Mountain Range (99.99%) | Peak (99.99%) | Sky (99.65%) | Cloud (98.34%) | Scenery (97.29%) | Weather (88.76%) | Ice (76.97%)
aaa92261-40f8-4f52-91fe-ee5203bdcdcd,wallpapers/aaa92261-40f8-4f52-91fe-ee5203bdcdcd/full.jpg,10,Clothing,Clothing (99.98%) | Costume (99.98%) | Person (99.98%) | Face (86.16%) | Head (86.16%) | Photography (74.46%) | Portrait (74.46%) | Anime (74.09%) | Skin (72.98%) | Tattoo (72.98%)
aa8e4cc2-d175-43bc-989e-80b47070fafe,wallpapers/aa8e4cc2-d175-43bc-989e-80b47070fafe/full.jpg,8,Nature,Nature (99.83%) | Outdoors (99.83%) | Art (97.51%) | Drawing (92%) | Ice (90.48%) | Snow (86.73%) | Weather (82.1%) | Plant (78.41%)
a78151c5-b04a-4076-9d49-3a4dcf8c56a7,wallpapers/a78151c5-b04a-4076-9d49-3a4dcf8c56a7/full.png,4,Astronomy,Astronomy (98.92%) | Nebula (98.92%) | Outer Space (98.92%) | Pattern (81.93%)
ab65629e-c9fb-457b-a42e-7aedc6d052d3,wallpapers/ab65629e-c9fb-457b-a42e-7aedc6d052d3/full.jpg,6,Purple,Purple (100%) | Art (99.99%) | Graphics (99.99%) | Pattern (94.52%) | Light (81.76%) | Accessories (80.97%)
aa20f1cc-3226-4ee9-85e6-d904404a282e,wallpapers/aa20f1cc-3226-4ee9-85e6-d904404a282e/full.jpg,5,Rock,Rock (99.07%) | Person (97.9%) | Art (91.37%) | Painting (90.6%) | Outdoors (82.76%)
ab4da03f-9275-456e-b06a-ecd49b54d409,wallpapers/ab4da03f-9275-456e-b06a-ecd49b54d409/full.jpeg,6,Chair,Chair (88.61%) | Furniture (88.61%) | Blackboard (88.19%) | Electronics (75.57%) | Mobile Phone (75.57%) | Phone (75.57%)
acd0ff55-17a7-4feb-95e9-16ad4e815fbd,wallpapers/acd0ff55-17a7-4feb-95e9-16ad4e815fbd/full.jpg,7,Plant,Plant (99.87%) | Tree (99.87%) | Palm Tree (99.6%) | Nature (94.33%) | Outdoors (94.33%) | Sky (94.33%) | Backlighting (90.05%)
ac4a4d93-692b-47e7-bde7-bffef0960ba1,wallpapers/ac4a4d93-692b-47e7-bde7-bffef0960ba1/full.png,6,Lighting,Lighting (99.87%) | Architecture (99.43%) | Building (99.43%) | Pattern (96.74%) | Light (80.49%) | Home Decor (79.4%)
abae6fca-521e-4273-ab75-433a1ed15bc4,wallpapers/abae6fca-521e-4273-ab75-433a1ed15bc4/full.png,6,Balloon,Balloon (95.52%) | Aircraft (94.62%) | Hot Air Balloon (94.62%) | Transportation (94.62%) | Vehicle (94.62%) | Art (74.06%)
ad2130ba-44c8-4f48-a918-ce848097ecda,wallpapers/ad2130ba-44c8-4f48-a918-ce848097ecda/full.jpg,6,Light,Light (95.52%) | CAD Diagram (92.4%) | Diagram (92.4%) | Pattern (87.16%) | Machine (70.64%) | Wheel (70.64%)
ad1ed7de-ab00-4212-bae9-d35e000af9b8,wallpapers/ad1ed7de-ab00-4212-bae9-d35e000af9b8/full.jpg,7,Art,Art (99.97%) | Graphics (99.97%) | Balloon (99.19%) | Green (82.28%) | Nature (73.89%) | Night (73.89%) | Outdoors (73.89%)
ad315e0f-5ba9-4e9c-a09f-3f6a38b6890b,wallpapers/ad315e0f-5ba9-4e9c-a09f-3f6a38b6890b/full.png,3,Logo,Logo (94.24%) | Light (84.12%) | Pattern (74.94%)
ad44df8c-5280-4508-8225-7be73942dea1,wallpapers/ad44df8c-5280-4508-8225-7be73942dea1/full.jpg,3,Fireworks,Fireworks (99.58%) | Pattern (75.17%) | Plant (74.13%)
ad4b2791-ec5a-43da-b1de-a13dd497471a,wallpapers/ad4b2791-ec5a-43da-b1de-a13dd497471a/full.jpg,4,Light,Light (99.69%) | Logo (97.5%) | Neon (86.82%) | Text (77.73%)
ace57734-8a21-4103-8da0-b14eed123f3f,wallpapers/ace57734-8a21-4103-8da0-b14eed123f3f/full.png,3,Art,Art (99.51%) | Graphics (99.51%) | Texture (96.52%)
ad54dc49-a0c4-4e36-93b9-4a6c88909532,wallpapers/ad54dc49-a0c4-4e36-93b9-4a6c88909532/full.png,0,,
adba7241-93fd-4ea3-95e4-1eef1c7c7302,wallpapers/adba7241-93fd-4ea3-95e4-1eef1c7c7302/full.jpg,6,Person,Person (97.9%) | Face (93.83%) | Head (93.83%) | Festival (85.96%) | Urban (74.33%) | Halloween (70.56%)
ae07e9a0-eee9-4754-b92d-f2b97ccf207e,wallpapers/ae07e9a0-eee9-4754-b92d-f2b97ccf207e/full.jpg,6,Art,Art (98.7%) | Modern Art (98.7%) | Dye (97.72%) | Pattern (97.35%) | Person (94.36%) | Accessories (79.42%)
add31ac4-5654-466c-9fee-593586f866ea,wallpapers/add31ac4-5654-466c-9fee-593586f866ea/full.jpg,15,Vegetation,Vegetation (99.84%) | Adult (99.71%) | Female (99.71%) | Person (99.71%) | Woman (99.71%) | Outdoors (95.19%) | Jungle (94.73%) | Nature (94.73%) | Male (93.17%) | Man (93.17%) | Woodland (87.89%) | Night (84.11%) | Yoga (76.18%) | Water (75.88%) | Photography (71.28%)
adabfe27-c992-49da-ae1c-46d17433566b,wallpapers/adabfe27-c992-49da-ae1c-46d17433566b/full.png,7,Nature,Nature (99.7%) | Outdoors (99.7%) | Night (99.41%) | Astronomy (98.14%) | Moon (98.14%) | Sky (93.41%) | Mountain (70.69%)
ae5e7732-63b2-4b17-8557-1e8338104a85,wallpapers/ae5e7732-63b2-4b17-8557-1e8338104a85/full.jpg,8,Nature,Nature (100%) | Outdoors (100%) | Sea (100%) | Water (100%) | Coast (97.73%) | Shoreline (97.73%) | Sea Waves (87.86%) | Aerial View (85.1%)
ad353660-099e-49a2-9d7b-05fc7e626b3c,wallpapers/ad353660-099e-49a2-9d7b-05fc7e626b3c/full.png,2,Pattern,Pattern (99.98%) | Person (73.16%)
ad667293-1b3c-4987-b00b-05106fbdbbc9,wallpapers/ad667293-1b3c-4987-b00b-05106fbdbbc9/full.png,6,Art,Art (99.95%) | Graphics (99.95%) | Purple (99.78%) | Nature (93.95%) | Night (93.95%) | Outdoors (93.95%)
ae1088fa-958c-4363-9f22-fb0d69cfd577,wallpapers/ae1088fa-958c-4363-9f22-fb0d69cfd577/full.png,3,Person,Person (92.32%) | Pattern (84.09%) | Art (80.45%)
ae842e10-d5f5-4322-9b54-6c52b7bc999f,wallpapers/ae842e10-d5f5-4322-9b54-6c52b7bc999f/full.png,7,Stencil,Stencil (99.67%) | Symbol (79.47%) | Animal (78.23%) | Fish (78.23%) | Sea Life (78.23%) | Shark (78.23%) | Cartoon (77.69%)
aee2bcd7-5144-4495-9333-77e36d2f6f53,wallpapers/aee2bcd7-5144-4495-9333-77e36d2f6f53/full.jpeg,12,Plant,Plant (100%) | Vegetation (100%) | Land (99.99%) | Nature (99.99%) | Outdoors (99.99%) | Tree (99.99%) | Woodland (99.99%) | Weather (99.99%) | Sky (99.99%) | Scenery (99.95%) | Cloud (99.24%) | Rainforest (90.38%)
aef33c61-9182-4905-b1d6-78bd784661c2,wallpapers/aef33c61-9182-4905-b1d6-78bd784661c2/full.png,9,Nature,Nature (100%) | Outdoors (100%) | Sky (100%) | Night (99.99%) | Person (87.24%) | Art (83.79%) | Painting (83.79%) | Aurora (80.52%) | Water (74.57%)
af46ecff-96bb-43af-b7ad-55a6a7a3c523,wallpapers/af46ecff-96bb-43af-b7ad-55a6a7a3c523/full.png,9,Purple,Purple (99.99%) | Ice (99.93%) | Nature (99.9%) | Night (99.9%) | Outdoors (99.9%) | Scenery (99.33%) | Astronomy (91.07%) | Moon (91.07%) | Water (70.4%)
af11393a-42fc-4c87-bd33-731f48d15b39,wallpapers/af11393a-42fc-4c87-bd33-731f48d15b39/full.jpg,7,Nature,Nature (100%) | Outdoors (100%) | Sky (100%) | Cloud (99.93%) | Weather (99.57%) | Cumulus (86.81%) | Texture (82.39%)
af1f7d75-490b-49df-8218-687f6d0e1abf,wallpapers/af1f7d75-490b-49df-8218-687f6d0e1abf/full.jpg,9,Fir,Fir (100%) | Plant (100%) | Tree (100%) | Nature (98.58%) | Outdoors (98.58%) | Sky (98.58%) | Conifer (94.08%) | Pine (88.7%) | Weather (78.52%)
b0266eed-64fd-4a1f-a0e8-93ad701aa67e,wallpapers/b0266eed-64fd-4a1f-a0e8-93ad701aa67e/full.jpg,6,Nature,Nature (99.95%) | Night (99.95%) | Outdoors (99.95%) | Starry Sky (90.94%) | Astronomy (87.05%) | Outer Space (87.05%)
aff61115-06ee-447a-87f2-6da94ef2660a,wallpapers/aff61115-06ee-447a-87f2-6da94ef2660a/full.png,6,Purple,Purple (99.99%) | Art (99.92%) | Graphics (99.92%) | Lighting (93.56%) | Pattern (93.55%) | Light (90.94%)
b00daba7-7593-4bf0-b8bd-f4f66f180879,wallpapers/b00daba7-7593-4bf0-b8bd-f4f66f180879/full.jpg,6,Art,Art (81.44%) | Painting (81.44%) | Face (77.51%) | Head (77.51%) | Person (77.51%) | Stain (72.57%)
aff8e5e3-4d2d-44d5-8304-39b4e56a5e0b,wallpapers/aff8e5e3-4d2d-44d5-8304-39b4e56a5e0b/full.png,4,Texture,Texture (99.92%) | Pattern (99.67%) | Home Decor (95.58%) | Water (74.14%)
af50946d-98be-4871-a768-e0490a5354bc,wallpapers/af50946d-98be-4871-a768-e0490a5354bc/full.png,7,Lighting,Lighting (99.99%) | Maroon (99.44%) | Astronomy (70.47%) | Moon (70.47%) | Nature (70.47%) | Night (70.47%) | Outdoors (70.47%)
b033cc59-dc69-455a-8f54-d8e164027c71,wallpapers/b033cc59-dc69-455a-8f54-d8e164027c71/full.png,11,Art,Art (100%) | Graphics (100%) | Pattern (99.99%) | Nature (99.92%) | Outdoors (99.92%) | Sky (99.92%) | Accessories (99.02%) | Fractal (99.02%) | Ornament (99.02%) | Texture (83.28%) | Modern Art (82.86%)
b0770246-f8d4-4bad-a0d5-3079cce8c52d,wallpapers/b0770246-f8d4-4bad-a0d5-3079cce8c52d/full.jpg,15,Building,Building (100%) | Nature (100%) | Night (100%) | Outdoors (100%) | Urban (99.98%) | City (99.98%) | Cityscape (99.91%) | Boat (99.04%) | Vehicle (99.04%) | Sea (97.42%) | Water (97.42%) | Office Building (96.52%) | Yacht (90.94%) | Metropolis (86.89%) | Sky (74.12%)
b0a8fca3-c3ae-40f7-a909-98965ca588a5,wallpapers/b0a8fca3-c3ae-40f7-a909-98965ca588a5/full.jpg,4,Plant,Plant (100%) | Tree (100%) | Fir (99.77%) | Vegetation (84.07%)
af72894c-2957-4565-b1b2-9ec204f5a3b2,wallpapers/af72894c-2957-4565-b1b2-9ec204f5a3b2/full.png,7,Nature,Nature (99.3%) | Outdoors (99.3%) | Person (89.16%) | Sea (87.77%) | Water (87.77%) | Ice (87.09%) | Night (86.7%)
b0c7f54b-8758-4564-888c-f1fa0e5568f3,wallpapers/b0c7f54b-8758-4564-888c-f1fa0e5568f3/full.jpg,6,Anime,Anime (89.85%) | Axe (75.62%) | Device (75.62%) | Tool (75.62%) | Weapon (75.62%) | Art (74.72%)
b0ec12b6-068f-4ac2-a097-3f12033e1bb9,wallpapers/b0ec12b6-068f-4ac2-a097-3f12033e1bb9/full.jpg,5,White Board,White Board (89.46%) | Person (86.48%) | Face (80.7%) | Head (80.7%) | White (80.06%)
b0c30402-3f63-435e-a8c1-3a9d672e773e,wallpapers/b0c30402-3f63-435e-a8c1-3a9d672e773e/full.png,5,Maroon,Maroon (100%) | Texture (99.23%) | Architecture (91.96%) | Building (91.96%) | Home Decor (71.2%)
b0b7e896-4a17-48da-994d-237da7fe66bc,wallpapers/b0b7e896-4a17-48da-994d-237da7fe66bc/full.png,15,Land,Land (100%) | Nature (100%) | Outdoors (100%) | Plant (99.96%) | Vegetation (99.96%) | Tree (99.92%) | Sea (99.89%) | Water (99.89%) | Woodland (99.63%) | Leaf (98.55%) | Animal (96.73%) | Reef (96.73%) | Sea Life (96.73%) | Scenery (94.94%) | Lake (86.06%)
b0fce7cd-d130-4f2e-bebe-a11b6d567460,wallpapers/b0fce7cd-d130-4f2e-bebe-a11b6d567460/full.png,7,Nature,Nature (100%) | Outdoors (100%) | Sky (100%) | Night (99.99%) | Sunset (97.54%) | Astronomy (88.46%) | Moon (88.46%)
adb8d3a8-83e0-4ab2-9c15-fa7174684997,wallpapers/adb8d3a8-83e0-4ab2-9c15-fa7174684997/full.png,4,Home Decor,Home Decor (99.33%) | Flower (84.6%) | Petal (84.6%) | Plant (84.6%)
b132e0bc-5722-4df8-9716-f685e7e0adc7,wallpapers/b132e0bc-5722-4df8-9716-f685e7e0adc7/full.png,10,Applique,Applique (99.93%) | Pattern (99.93%) | Art (93.34%) | Animal (89.82%) | Bird (89.82%) | Cartoon (82.43%) | Home Decor (81.72%) | Cat (73.72%) | Mammal (73.72%) | Pet (73.72%)
b0ee7e9b-7169-4c0d-b6bb-7ce7250f0971,wallpapers/b0ee7e9b-7169-4c0d-b6bb-7ce7250f0971/full.jpg,8,Texture,Texture (99.9%) | Droplet (93.92%) | Water (80.73%) | Outdoors (73%) | Animal (71.98%) | Fish (71.98%) | Sea Life (71.98%) | Shark (71.98%)
b140dc11-e9e9-4436-9a1b-5293184c4de6,wallpapers/b140dc11-e9e9-4436-9a1b-5293184c4de6/full.jpg,5,Art,Art (100%) | Modern Art (100%) | Graphics (99.99%) | Pattern (99.76%) | Floral Design (80.77%)
b1220176-8318-449d-8337-fe65a5a0f13b,wallpapers/b1220176-8318-449d-8337-fe65a5a0f13b/full.png,10,Land,Land (100%) | Nature (100%) | Outdoors (100%) | Sea (99.98%) | Water (99.98%) | Shoreline (97.76%) | Coast (97.42%) | Art (89.23%) | Graphics (89.23%) | Night (84%)
b1399031-ef2e-4ce5-9dca-ae5ca34f071c,wallpapers/b1399031-ef2e-4ce5-9dca-ae5ca34f071c/full.png,6,Nature,Nature (100%) | Outdoors (100%) | Storm (96.51%) | Tornado (94.99%) | Sky (73.78%) | Urban (73.09%)
b1916009-d38b-4681-ae44-3b5d7f8e6c19,wallpapers/b1916009-d38b-4681-ae44-3b5d7f8e6c19/full.jpg,7,Nature,Nature (99.98%) | Outdoors (99.98%) | Sky (99.98%) | Horizon (99.92%) | Desert (96.23%) | Dune (85.9%) | Sand (85.9%)
b14dd262-0146-4d3d-a72c-2e0757b2e921,wallpapers/b14dd262-0146-4d3d-a72c-2e0757b2e921/full.jpg,8,Purple,Purple (99.99%) | Nature (99.33%) | Outdoors (99.33%) | Night (98.96%) | Sky (98.52%) | Mountain (98.01%) | Person (91.43%) | Art (72.87%)
b1adcba3-2688-489d-bb16-a86c3ebf3e77,wallpapers/b1adcba3-2688-489d-bb16-a86c3ebf3e77/full.jpg,4,Purple,Purple (97.7%) | Art (94.72%) | Text (73.13%) | Urban (70.69%)
b0b743a1-c8da-43a3-9de3-39764b076204,wallpapers/b0b743a1-c8da-43a3-9de3-39764b076204/full.png,8,Art,Art (100%) | Graphics (100%) | Nature (97.69%) | Outdoors (97.69%) | Sky (97.69%) | Modern Art (96.82%) | Logo (86.64%) | Pattern (74.59%)
b159581b-e3d0-4de2-be1c-8b99c22b5938,wallpapers/b159581b-e3d0-4de2-be1c-8b99c22b5938/full.png,7,Corner,Corner (99.92%) | Lighting (99.66%) | Architecture (99.49%) | Building (99.49%) | Pattern (94.64%) | Art (89.49%) | Graphics (89.49%)
b2fc192b-ad85-4a47-a2c9-de740b5a0a57,wallpapers/b2fc192b-ad85-4a47-a2c9-de740b5a0a57/full.png,1,Black,Black (86.79%)
b309e0ba-b486-4208-a1f9-48bd96400912,wallpapers/b309e0ba-b486-4208-a1f9-48bd96400912/full.jpg,9,Logo,Logo (94.18%) | Person (86.11%) | Aircraft (74.66%) | Airplane (74.66%) | Transportation (74.66%) | Vehicle (74.66%) | Batman Logo (74.65%) | Symbol (74.65%) | Anime (70.43%)
b1bfcaea-6de4-4ee9-a8ef-7f48233339a8,wallpapers/b1bfcaea-6de4-4ee9-a8ef-7f48233339a8/full.jpg,10,Art,Art (100%) | Modern Art (100%) | Pattern (99.99%) | Graphics (99.96%) | Accessories (99.68%) | Ornament (99.48%) | Fractal (99.29%) | Person (88.83%) | Outdoors (81.84%) | Nature (73.57%)
b34cb0a8-64f1-4683-b97c-ded13eba02cb,wallpapers/b34cb0a8-64f1-4683-b97c-ded13eba02cb/full.jpg,7,License Plate,License Plate (99.99%) | Transportation (99.99%) | Vehicle (99.99%) | Purple (98.09%) | Architecture (95.22%) | Building (95.22%) | Light (72.29%)
b1e66716-90cb-4ec1-9dd0-d0535a4106ba,wallpapers/b1e66716-90cb-4ec1-9dd0-d0535a4106ba/full.jpg,5,Toy,Toy (99.02%) | Accessories (98.32%) | Sunglasses (98.32%) | Cartoon (91.17%) | Glasses (76.38%)
b344d530-7f12-4c3f-8a55-00ad1611c54a,wallpapers/b344d530-7f12-4c3f-8a55-00ad1611c54a/full.jpg,9,Nature,Nature (100%) | Outdoors (100%) | Sky (100%) | Cloud (100%) | Cumulus (100%) | Weather (100%) | Mountain (99.97%) | Mountain Range (99.97%) | Peak (99.97%)
b213e7bc-a77c-4f6b-9922-a08ca2fae7c7,wallpapers/b213e7bc-a77c-4f6b-9922-a08ca2fae7c7/full.png,8,Texture,Texture (99.99%) | Pattern (99.76%) | Nature (98%) | Outdoors (98%) | Ripple (91.58%) | Water (91.58%) | Architecture (79.73%) | Building (79.73%)
b353fb6d-40b0-4870-9280-5161345669ce,wallpapers/b353fb6d-40b0-4870-9280-5161345669ce/full.png,2,Art,Art (99.3%) | Graphics (99.3%)
b356261e-4658-496b-8fc1-ccc940259b8d,wallpapers/b356261e-4658-496b-8fc1-ccc940259b8d/full.png,12,Mountain,Mountain (99.51%) | Mountain Range (99.51%) | Nature (99.51%) | Outdoors (99.51%) | Peak (99.05%) | Bonfire (98.53%) | Fire (98.53%) | Flame (98.53%) | Astronomy (87.44%) | Nebula (87.44%) | Outer Space (87.44%) | Scenery (71.53%)
b3478c31-c932-4095-8f89-a5140066bf65,wallpapers/b3478c31-c932-4095-8f89-a5140066bf65/full.png,3,Purple,Purple (100%) | Pattern (97.68%) | QR Code (92.02%)
b1da0c30-ca33-4006-9eff-046c4071beb2,wallpapers/b1da0c30-ca33-4006-9eff-046c4071beb2/full.png,6,Pattern,Pattern (99.37%) | Art (98.33%) | Graphics (97.28%) | Modern Art (91.7%) | Collage (82.04%) | Painting (73.78%)
b3099cc4-59c2-411c-8e28-3e007026e5a5,wallpapers/b3099cc4-59c2-411c-8e28-3e007026e5a5/full.png,7,Pattern,Pattern (99.95%) | Light (99.43%) | Accessories (94.8%) | Fractal (94.8%) | Ornament (94.8%) | Person (75.44%) | Purple (71.76%)
b39afb81-086b-419e-b456-428681962c92,wallpapers/b39afb81-086b-419e-b456-428681962c92/full.jpg,15,Land,Land (99.9%) | Nature (99.9%) | Outdoors (99.9%) | Plant (97.36%) | Vegetation (97.36%) | Swamp (96.06%) | Water (96.06%) | Art (91.11%) | Painting (91.11%) | Road (86.79%) | Street (86.79%) | Urban (86.79%) | Path (86.56%) | Architecture (71%) | Building (71%)
b36c9687-c2fd-4e21-ae5b-ba438d77ccfe,wallpapers/b36c9687-c2fd-4e21-ae5b-ba438d77ccfe/full.png,6,Balloon,Balloon (99.95%) | Pattern (99.49%) | Sphere (99.49%) | Accessories (93.04%) | Fractal (86.48%) | Ornament (86.48%)
b3cc2f87-1a76-4ee1-a803-df4aad4e259f,wallpapers/b3cc2f87-1a76-4ee1-a803-df4aad4e259f/full.png,7,Mountain,Mountain (100%) | Mountain Range (100%) | Nature (100%) | Outdoors (100%) | Peak (100%) | Plateau (97.3%) | Scenery (88.31%)
b37a8de6-ba64-429d-8185-f2184793d7ce,wallpapers/b37a8de6-ba64-429d-8185-f2184793d7ce/full.png,8,Pattern,Pattern (97.44%) | Accessories (96.97%) | Ornament (94.31%) | Astronomy (85.32%) | Outer Space (85.32%) | Face (72.33%) | Head (72.33%) | Person (72.33%)
b37c101e-6620-409c-88e4-6e33f7f7ea47,wallpapers/b37c101e-6620-409c-88e4-6e33f7f7ea47/full.jpg,8,Purple,Purple (100%) | Lighting (99.93%) | Texture (97.25%) | Pattern (94.64%) | Nature (88.6%) | Night (88.6%) | Outdoors (88.6%) | Light (81.66%)
b3f13924-7b6d-4b81-a49b-11519c2082de,wallpapers/b3f13924-7b6d-4b81-a49b-11519c2082de/full.png,13,Pattern,Pattern (99.98%) | Purple (99.36%) | Accessories (99.3%) | Fractal (98.7%) | Ornament (98.7%) | Lighting (98.29%) | Light (85.71%) | Nature (84.85%) | Night (84.85%) | Outdoors (84.85%) | Art (83.98%) | Graphics (83.98%) | Person (83.16%)
b3fef446-2892-47bd-811d-d18977b35c62,wallpapers/b3fef446-2892-47bd-811d-d18977b35c62/full.png,7,Art,Art (99.98%) | Graphics (99.98%) | Nature (99.48%) | Outdoors (99.48%) | Sky (99.48%) | Pattern (85.5%) | Texture (85.47%)
b4f36de8-c4ba-4bfa-8cd0-ff0996b4e1b1,wallpapers/b4f36de8-c4ba-4bfa-8cd0-ff0996b4e1b1/full.jpg,4,Purple,Purple (99.57%) | Pattern (99.2%) | Texture (96.65%) | Smoke Pipe (83.82%)
b504168f-a246-405d-8de8-c6053bcfc97d,wallpapers/b504168f-a246-405d-8de8-c6053bcfc97d/full.jpg,12,Light,Light (100%) | Nature (99.82%) | Outdoors (99.82%) | Sky (99.82%) | Traffic Light (98.51%) | Lighting (97.6%) | Beach (96.3%) | Coast (96.3%) | Sea (96.3%) | Shoreline (96.3%) | Water (96.3%) | Horizon (88.43%)
b4091b63-b585-460c-8837-0ba2c9da713d,wallpapers/b4091b63-b585-460c-8837-0ba2c9da713d/full.png,5,Texture,Texture (100%) | Wood (99.37%) | Pattern (92.94%) | Lighting (86.67%) | Outdoors (73.24%)
b4a2d17f-4fa7-4fe9-870f-f5bde154dcd7,wallpapers/b4a2d17f-4fa7-4fe9-870f-f5bde154dcd7/full.jpg,10,Pattern,Pattern (99.96%) | Dahlia (99.88%) | Flower (99.88%) | Plant (99.88%) | Art (99.88%) | Floral Design (99.88%) | Graphics (99.88%) | Rose (92.26%) | Baby (74.63%) | Person (74.63%)
b55b34dc-33da-4aa3-a3ff-05fbaa9e9d9f,wallpapers/b55b34dc-33da-4aa3-a3ff-05fbaa9e9d9f/full.jpg,4,Helmet,Helmet (98.11%) | Person (97.63%) | Clothing (71.94%) | Hardhat (71.94%)
b4cdcadf-d0ae-461b-a2a8-346a14504501,wallpapers/b4cdcadf-d0ae-461b-a2a8-346a14504501/full.png,8,Nature,Nature (98.77%) | Outdoors (98.77%) | Pattern (98.4%) | Water (95.3%) | Ripple (92.58%) | Sky (87%) | Sea (86.52%) | Light (81.03%)
b5abaaa0-f361-4d09-b607-d25e547080a3,wallpapers/b5abaaa0-f361-4d09-b607-d25e547080a3/full.png,8,Nature,Nature (100%) | Night (100%) | Outdoors (100%) | Sky (100%) | Starry Sky (85.59%) | Aurora (83.46%) | Astronomy (74.29%) | Outer Space (74.29%)
b5c84c59-3638-414f-ad80-298942968734,wallpapers/b5c84c59-3638-414f-ad80-298942968734/full.png,3,File Binder,File Binder (84.05%) | File Folder (84.05%) | File (72.92%)
b4a9d63f-015a-4048-9bf6-c4489330b57b,wallpapers/b4a9d63f-015a-4048-9bf6-c4489330b57b/full.jpg,2,Agavaceae,Agavaceae (100%) | Plant (100%)
b5de0fe2-3fb5-4ca0-b6b0-c81345681c21,wallpapers/b5de0fe2-3fb5-4ca0-b6b0-c81345681c21/full.jpg,8,Purple,Purple (99.9%) | Clothing (99.31%) | Footwear (99.31%) | Shoe (99.31%) | Camera (86.58%) | Electronics (86.58%) | Can (76.92%) | Tin (76.92%)
b39c4711-70a5-4234-bbf5-0db447a7f58f,wallpapers/b39c4711-70a5-4234-bbf5-0db447a7f58f/full.jpg,5,Glacier,Glacier (100%) | Ice (100%) | Mountain (100%) | Nature (100%) | Outdoors (100%)
b5f1e038-ffd4-4611-adc7-c21ab6ccd0d5,wallpapers/b5f1e038-ffd4-4611-adc7-c21ab6ccd0d5/full.jpg,6,Astronomy,Astronomy (91.36%) | Outer Space (91.36%) | Adult (80.82%) | Male (80.82%) | Man (80.82%) | Person (80.82%)
b43a8b74-2347-4708-82d2-e9ca90227ba6,wallpapers/b43a8b74-2347-4708-82d2-e9ca90227ba6/full.jpg,15,Nature,Nature (99.99%) | Outdoors (99.99%) | Sky (99.99%) | Tree (99.99%) | Fir (99.95%) | Sunlight (98.58%) | Sunrise (98.13%) | Sun (96.12%) | Scenery (95.82%) | Night (94.93%) | Sunset (92.75%) | Vegetation (89.27%) | Moon (72.82%) | Pine (70.65%) | Woodland (70.23%)
b5709e25-f817-4ebb-a87a-dc396e4df1d7,wallpapers/b5709e25-f817-4ebb-a87a-dc396e4df1d7/full.jpg,15,Urban,Urban (100%) | City (100%) | Metropolis (100%) | Lighting (99.99%) | Light (99.42%) | Person (99.29%) | Solo Performance (99.13%) | Car (98.76%) | Street (98.72%) | Neighborhood (94.77%) | Dancing (91.02%) | Wheel (89.26%) | Hat (85.55%) | Cityscape (84.3%) | Night (82.54%)
b6ed6821-8b1b-48d8-b51a-c81b5d4bf8ae,wallpapers/b6ed6821-8b1b-48d8-b51a-c81b5d4bf8ae/full.jpg,6,Clothing,Clothing (97.88%) | Hat (97.88%) | Cap (94.96%) | Nature (86.88%) | Night (86.88%) | Outdoors (86.88%)
b6086fb7-627f-4aa0-9915-5d0821ea3ea9,wallpapers/b6086fb7-627f-4aa0-9915-5d0821ea3ea9/full.png,10,Nature,Nature (100%) | Outdoors (100%) | Sky (100%) | Mountain (100%) | Mountain Range (99.99%) | Peak (99.99%) | Sunrise (99.69%) | Scenery (98.04%) | Sun (97.5%) | Sunset (80.62%)
b7ce1f0f-199c-41a5-acc4-734ca955135d,wallpapers/b7ce1f0f-199c-41a5-acc4-734ca955135d/full.jpg,5,Nature,Nature (99.99%) | Outdoors (99.99%) | Desert (98.39%) | Dune (85.38%) | Sand (85.38%)
b8cd67ce-86b3-462a-9695-ebde78acef12,wallpapers/b8cd67ce-86b3-462a-9695-ebde78acef12/full.jpg,13,Light,Light (99.99%) | Furniture (99.98%) | Table (99.98%) | Lighting (99.95%) | Desk (99.51%) | Computer Hardware (94.82%) | Electronics (94.82%) | Hardware (94.82%) | Monitor (94.82%) | Screen (94.82%) | Computer (91.88%) | Chair (80.21%) | Pc (76.08%)
b90b9e92-beb7-4221-83e5-fa20a6706394,wallpapers/b90b9e92-beb7-4221-83e5-fa20a6706394/full.jpg,1,Landmark,Landmark (88.21%)
b6ca16e9-9e38-4c7e-8cb9-3ed4e64c497d,wallpapers/b6ca16e9-9e38-4c7e-8cb9-3ed4e64c497d/full.jpg,11,Nature,Nature (100%) | Outdoors (100%) | Weather (100%) | Plant (100%) | Tree (100%) | Ice (99.98%) | Fir (99.97%) | Scenery (99.38%) | Conifer (94.28%) | Frost (91.6%) | Snow (91.6%)
b976ad8f-9041-416d-add7-852c9904a120,wallpapers/b976ad8f-9041-416d-add7-852c9904a120/full.jpg,5,Leaf,Leaf (100%) | Plant (100%) | Tree (99.55%) | Vegetation (97.36%) | Person (79.03%)
b99d27c5-7c0d-4ce5-a0f8-b4d164fa3f45,wallpapers/b99d27c5-7c0d-4ce5-a0f8-b4d164fa3f45/full.png,2,Pattern,Pattern (97.92%) | Blackboard (88.49%)
b92a280a-6639-42a3-8c21-ef1261c6c10f,wallpapers/b92a280a-6639-42a3-8c21-ef1261c6c10f/full.png,3,Light,Light (98.86%) | Lighting (98.47%) | Traffic Light (87.73%)
b75461f1-50cf-4504-8570-24014fc12688,wallpapers/b75461f1-50cf-4504-8570-24014fc12688/full.jpg,6,Nature,Nature (99.78%) | Outdoors (99.78%) | Sea (99.78%) | Water (99.78%) | Ripple (99.66%) | Texture (78.61%)
b89fcb81-d57c-49d5-8677-4737c620becb,wallpapers/b89fcb81-d57c-49d5-8677-4737c620becb/full.png,13,Lighting,Lighting (99.98%) | Nature (99.89%) | Night (99.89%) | Outdoors (99.89%) | Art (98.68%) | Graphics (98.68%) | Texture (96.38%) | Astronomy (90.44%) | Moon (90.44%) | Sky (89.24%) | Gray (85.03%) | Sphere (82.77%) | Light (74.33%)
b9f7efad-300d-46ee-82cf-7d9df4510947,wallpapers/b9f7efad-300d-46ee-82cf-7d9df4510947/full.jpeg,15,Accessories,Accessories (89.83%) | Gemstone (83.94%) | Jewelry (83.94%) | Oil Spill (81.53%) | Ornament (81.41%) | Adult (80.29%) | Bride (80.29%) | Female (80.29%) | Person (80.29%) | Wedding (80.29%) | Woman (80.29%) | Rock (76.39%) | Outdoors (75.1%) | Sea (75.1%) | Water (75.1%)
ba003db6-6c31-4ca0-8f49-70709a7cba33,wallpapers/ba003db6-6c31-4ca0-8f49-70709a7cba33/full.png,8,Pattern,Pattern (100%) | Accessories (99.86%) | Fractal (99.86%) | Ornament (99.86%) | Disk (91.46%) | Outdoors (74.33%) | Art (73.31%) | Graphics (73.31%)
ba0030cb-f867-48b0-b357-d3d58ab55cf0,wallpapers/ba0030cb-f867-48b0-b357-d3d58ab55cf0/full.png,8,Art,Art (98.41%) | Graphics (98.41%) | Lighting (97.13%) | Gray (86.74%) | Nature (82.07%) | Night (82.07%) | Outdoors (82.07%) | Pattern (79.46%)
ba3f98f0-a298-4cd1-a78e-9df5103184d2,wallpapers/ba3f98f0-a298-4cd1-a78e-9df5103184d2/full.jpg,12,Slope,Slope (100%) | Outdoors (99.67%) | Nature (99.63%) | Mountain (99.51%) | Scenery (99.37%) | Wilderness (99.3%) | Rock (99.26%) | Ice (93.89%) | Mountain Range (92.57%) | Peak (92.57%) | Glacier (78.67%) | Ground (76.7%)
ba8de3ba-b601-4c36-baf6-6dab5a42b75c,wallpapers/ba8de3ba-b601-4c36-baf6-6dab5a42b75c/full.jpeg,7,Astronomy,Astronomy (98.9%) | Outer Space (98.9%) | Planet (92.77%) | Moon (88.75%) | Nature (88.75%) | Night (88.75%) | Outdoors (88.75%)
baaaf4d8-56a8-4787-a97c-abd49202d6f1,wallpapers/baaaf4d8-56a8-4787-a97c-abd49202d6f1/full.png,9,Nature,Nature (96.39%) | Night (96.39%) | Outdoors (96.39%) | Astronomy (95.48%) | Outer Space (94.92%) | Planet (88.77%) | Moon (80.53%) | Rocket (80.31%) | Weapon (80.31%)
bab93fcd-ad36-47b7-a119-d351942ecc44,wallpapers/bab93fcd-ad36-47b7-a119-d351942ecc44/full.png,7,Outdoors,Outdoors (100%) | Nature (99.99%) | Countryside (99.98%) | Rural (99.74%) | Farm (99.43%) | Aerial View (98.77%) | Plant (79.65%)
bae1191e-d40e-417d-a7bd-8382a99ef21e,wallpapers/bae1191e-d40e-417d-a7bd-8382a99ef21e/full.jpg,6,Nature,Nature (99.58%) | Night (99.58%) | Outdoors (99.58%) | Starry Sky (99.11%) | Astronomy (92.97%) | Outer Space (92.97%)
bc8ee940-0b9a-4698-8e36-8b39e11c562b,wallpapers/bc8ee940-0b9a-4698-8e36-8b39e11c562b/full.jpg,8,Purple,Purple (100%) | Lighting (99.87%) | Art (98.32%) | Graphics (98.32%) | Nature (97.07%) | Outdoors (97.07%) | Sky (97.07%) | Light (92.42%)
bc1603e4-87fa-4e78-acc7-b02df7ab3b1e,wallpapers/bc1603e4-87fa-4e78-acc7-b02df7ab3b1e/full.jpg,15,City,City (100%) | Building (100%) | Office Building (100%) | Urban (100%) | High Rise (99.99%) | Condo (99.13%) | Housing (99.13%) | Nature (96.65%) | Night (96.65%) | Outdoors (96.65%) | Sky (94.01%) | Moon (93.18%) | Cityscape (90.93%) | Tower (86.44%) | Skyscraper (77.93%)
bb1d95b3-dfec-4fa5-9005-e921b7222abd,wallpapers/bb1d95b3-dfec-4fa5-9005-e921b7222abd/full.png,6,Light,Light (99.99%) | Pattern (99.16%) | Purple (96.04%) | Lighting (82.22%) | Person (81.87%) | Neon (79.55%)
bbff25a3-a0cc-43fd-95ab-183841fbb362,wallpapers/bbff25a3-a0cc-43fd-95ab-183841fbb362/full.png,6,Pattern,Pattern (100%) | Accessories (99.9%) | Ornament (99.71%) | Fractal (99.54%) | Art (98.75%) | Graphics (98.75%)
bb70d6be-dff1-4f5a-bc81-e5bced3b6067,wallpapers/bb70d6be-dff1-4f5a-bc81-e5bced3b6067/full.jpg,6,Lighting,Lighting (100%) | Art (99.98%) | Graphics (99.98%) | Modern Art (99.62%) | Pattern (98.42%) | Triangle (79.86%)
bb31ba5c-ae51-4e98-b8fc-32231433d7a1,wallpapers/bb31ba5c-ae51-4e98-b8fc-32231433d7a1/full.png,6,Art,Art (99.97%) | Graphics (99.97%) | Pattern (99.84%) | Accessories (97.5%) | Fractal (96.15%) | Ornament (96.15%)
bb6811e5-c395-4b14-b60d-f365f19170a8,wallpapers/bb6811e5-c395-4b14-b60d-f365f19170a8/full.png,11,Leisure Activities,Leisure Activities (99.9%) | Person (99.9%) | Sport (99.9%) | Swimming (99.9%) | Water (99.9%) | Water Sports (99.9%) | Outdoors (95.91%) | Nature (93.85%) | Ice (92.11%) | Sea (86.59%) | Sky (81.44%)
bc41fdc4-09df-4eab-a11b-9b17415b3501,wallpapers/bc41fdc4-09df-4eab-a11b-9b17415b3501/full.png,1,Balloon,Balloon (100%)
bd8af3db-59c6-464c-b5cb-3b1e7e8b55c0,wallpapers/bd8af3db-59c6-464c-b5cb-3b1e7e8b55c0/full.png,4,Pattern,Pattern (94.83%) | Art (73.83%) | Graphics (73.83%) | Lighting (73.36%)
bd177465-ea15-4850-8161-f8224a5ba0af,wallpapers/bd177465-ea15-4850-8161-f8224a5ba0af/full.png,6,Nature,Nature (100%) | Night (100%) | Outdoors (100%) | Sky (99.79%) | Astronomy (99.4%) | Moon (99.4%)
bcaa118b-3a47-487b-b311-f7b882daa1b1,wallpapers/bcaa118b-3a47-487b-b311-f7b882daa1b1/full.png,9,Nature,Nature (100%) | Outdoors (100%) | Sky (100%) | Sunset (99.99%) | Cloud (99.86%) | Sunlight (92.73%) | Weather (82.91%) | Rainbow (75.05%) | Cumulus (74.29%)
bd69f425-ed34-4088-984b-31576f9e1469,wallpapers/bd69f425-ed34-4088-984b-31576f9e1469/full.png,2,Text,Text (91.13%) | Pattern (76.95%)
be04262c-8f83-4bfc-9bd8-57c5555f6772,wallpapers/be04262c-8f83-4bfc-9bd8-57c5555f6772/full.jpg,9,Astronomy,Astronomy (99.63%) | Outer Space (99.63%) | Planet (99.63%) | Globe (93.95%) | Moon (86.72%) | Nature (86.72%) | Night (86.72%) | Outdoors (86.72%) | Earth (86.42%)
bda13ddf-4b81-458a-b37e-be2afd993347,wallpapers/bda13ddf-4b81-458a-b37e-be2afd993347/full.png,7,Lighting,Lighting (100%) | Light (99.95%) | Nature (93.25%) | Outdoors (93.25%) | Sky (93.25%) | Purple (83.52%) | Art (77.11%)
be89958e-3d9b-4057-aa54-6210b8f4e279,wallpapers/be89958e-3d9b-4057-aa54-6210b8f4e279/full.png,6,Flower,Flower (100%) | Petal (100%) | Plant (100%) | Person (96.63%) | Iris (94.14%) | Outdoors (71.69%)
bedbc087-49d5-4d74-868c-175f344cc0ae,wallpapers/bedbc087-49d5-4d74-868c-175f344cc0ae/full.png,15,Light,Light (99.47%) | Architecture (99.23%) | Building (99.23%) | Hotel (99.23%) | Neon (94.62%) | Lighting (92.65%) | Electronics (87.94%) | Hardware (87.94%) | Monitor (87.94%) | Screen (87.94%) | Urban (79.75%) | Nature (78.76%) | Night (78.76%) | Outdoors (78.76%) | Motel (73.74%)
bed119ad-2e99-4c06-9e12-4a946ae24da9,wallpapers/bed119ad-2e99-4c06-9e12-4a946ae24da9/full.jpg,5,Art,Art (99.84%) | Modern Art (99.84%) | Pattern (94.89%) | Person (93.01%) | Painting (90.6%)
be7a0768-8ae1-46a9-9054-beedd04efe3a,wallpapers/be7a0768-8ae1-46a9-9054-beedd04efe3a/full.jpg,4,Blackboard,Blackboard (98.87%) | Text (86.63%) | Document (70.31%) | Mathematical Equation (70.31%)
beb3f0e9-cc1d-4017-90f0-d34255ea2f6c,wallpapers/beb3f0e9-cc1d-4017-90f0-d34255ea2f6c/full.png,8,Art,Art (99.36%) | Painting (99.36%) | Nature (98.1%) | Outdoors (98.1%) | Sky (98.1%) | Texture (95.93%) | Person (87.49%) | Mountain (80.58%)
bfb5a2eb-d7b7-4447-8894-1a9bbbed4a39,wallpapers/bfb5a2eb-d7b7-4447-8894-1a9bbbed4a39/full.png,4,Lighting,Lighting (99.95%) | Animal (99.93%) | Beak (99.93%) | Bird (99.93%)
bdadf9c0-42b0-48f9-b91d-97a805df9bd0,wallpapers/bdadf9c0-42b0-48f9-b91d-97a805df9bd0/full.png,7,Art,Art (99.99%) | Modern Art (99.99%) | Canvas (99.97%) | Painting (99.91%) | Texture (97.87%) | Home Decor (72.92%) | Linen (72.92%)
bfc28b0d-c540-4469-82c0-1e6ac7c5d3fb,wallpapers/bfc28b0d-c540-4469-82c0-1e6ac7c5d3fb/full.jpg,9,Animal,Animal (99.99%) | Bird (99.99%) | Flying (99.99%) | Aircraft (99.89%) | Flight (99.89%) | Transportation (99.89%) | Vehicle (99.89%) | Airliner (98.74%) | Airplane (98.74%)
c00d5dd4-7b3f-47f5-b5c2-2e7cb6115aaa,wallpapers/c00d5dd4-7b3f-47f5-b5c2-2e7cb6115aaa/full.jpg,7,Green,Green (100%) | Art (97.06%) | Graphics (97.06%) | Nature (95.95%) | Outdoors (95.95%) | Night (89.6%) | Water (86.26%)
be14360c-f196-48ba-bca5-8fddd3e7cc12,wallpapers/be14360c-f196-48ba-bca5-8fddd3e7cc12/full.png,5,Outdoors,Outdoors (96.7%) | Nature (94.92%) | Art (77.56%) | Head (75.2%) | Person (75.2%)
c0254d81-d0b4-48ae-b465-0b91aaeb6f2f,wallpapers/c0254d81-d0b4-48ae-b465-0b91aaeb6f2f/full.jpg,2,Black,Black (88.15%) | Person (71.4%)
bfb8e5ff-4ba6-4c4f-ac97-d7e64265ca86,wallpapers/bfb8e5ff-4ba6-4c4f-ac97-d7e64265ca86/full.png,4,Light,Light (99.98%) | Clothing (93.97%) | Hood (93.97%) | Person (93.42%)
c03bc22e-1beb-44be-98b1-6e547a97ab41,wallpapers/c03bc22e-1beb-44be-98b1-6e547a97ab41/full.jpg,10,Photography,Photography (100%) | Face (100%) | Head (100%) | Person (100%) | Portrait (100%) | Art (97.96%) | Drawing (89.41%) | Nature (86.55%) | Outdoors (86.55%) | Weather (86.55%)
c0019f41-1c58-44e0-a4d6-5a6f88133e6b,wallpapers/c0019f41-1c58-44e0-a4d6-5a6f88133e6b/full.png,7,Nature,Nature (99.99%) | Night (99.99%) | Outdoors (99.99%) | Sky (99.88%) | Astronomy (99.83%) | Moon (99.83%) | Balloon (85.72%)
c08a907d-c625-4f8e-afa8-6e3a55000921,wallpapers/c08a907d-c625-4f8e-afa8-6e3a55000921/full.png,11,Nature,Nature (99.99%) | Outdoors (99.99%) | Scenery (96.85%) | Mountain (86.33%) | Mountain Range (86.33%) | Dune (84.57%) | Sand (84.57%) | Animal (81.72%) | Fish (81.72%) | Sea Life (81.72%) | Shark (81.72%)
bee71cf9-5b86-4523-9bd6-dfdbf0ee6acf,wallpapers/bee71cf9-5b86-4523-9bd6-dfdbf0ee6acf/full.png,8,Lighting,Lighting (100%) | Nature (99.34%) | Outdoors (99.34%) | Architecture (98.13%) | Building (98.13%) | Sky (90.48%) | Astronomy (78.77%) | Outer Space (78.77%)
bc5e4166-7bb4-4cfb-84ce-1ce1cf4b5bbd,wallpapers/bc5e4166-7bb4-4cfb-84ce-1ce1cf4b5bbd/full.png,9,Nature,Nature (100%) | Outdoors (100%) | Sky (100%) | Night (99.84%) | Art (98.23%) | Graphics (98.23%) | Purple (88.54%) | Person (86.47%) | Aurora (76.58%)
c06be5bb-44ec-44fa-8c99-27057b7d2a36,wallpapers/c06be5bb-44ec-44fa-8c99-27057b7d2a36/full.jpg,8,Mountain,Mountain (99.99%) | Mountain Range (99.99%) | Nature (99.99%) | Outdoors (99.99%) | Peak (99.99%) | Scenery (99.17%) | Ice (95.16%) | Sky (74.29%)
c0c17293-f946-4ada-96fa-72a4acd9064a,wallpapers/c0c17293-f946-4ada-96fa-72a4acd9064a/full.jpeg,15,Plant,Plant (100%) | Vegetation (100%) | Tree (99.98%) | Jungle (99.95%) | Nature (99.95%) | Outdoors (99.95%) | Palm Tree (99.78%) | Tropical (99.37%) | Sky (98.91%) | Rainforest (97.92%) | Scenery (96.68%) | Leaf (94.42%) | Animal (91%) | Dinosaur (91%) | Reptile (91%)
c092f8f4-fbdc-4b88-b193-e0b71213332f,wallpapers/c092f8f4-fbdc-4b88-b193-e0b71213332f/full.png,9,Light,Light (99.91%) | Pattern (99.83%) | Accessories (99.43%) | Fractal (98.46%) | Ornament (98.46%) | Lighting (94.96%) | Art (92.92%) | Graphics (92.92%) | Neon (87.52%)
c0e907b7-a479-468f-bafe-9f76ac004974,wallpapers/c0e907b7-a479-468f-bafe-9f76ac004974/full.png,8,Art,Art (99.74%) | Graphics (99.74%) | Nature (98.86%) | Outdoors (98.86%) | Painting (98.2%) | Sky (93.86%) | Mountain (84.38%) | Modern Art (71.65%)
c1572ed5-f3a3-48ae-bbf3-5f9c9b3697dd,wallpapers/c1572ed5-f3a3-48ae-bbf3-5f9c9b3697dd/full.png,2,Gray,Gray (86.33%) | White Board (85.09%)
c10c1698-6965-4858-9998-caa1f99b2ab9,wallpapers/c10c1698-6965-4858-9998-caa1f99b2ab9/full.png,8,Light,Light (87.22%) | Traffic Light (87.22%) | Oval (82.33%) | Astronomy (77.41%) | Moon (77.41%) | Nature (77.41%) | Night (77.41%) | Outdoors (77.41%)
c0dc24e4-1518-4ffc-a313-b4c1018d34cd,wallpapers/c0dc24e4-1518-4ffc-a313-b4c1018d34cd/full.png,6,Nature,Nature (99.99%) | Night (99.99%) | Outdoors (99.99%) | Astronomy (99.81%) | Moon (99.81%) | Outer Space (85.7%)
bf518936-45ef-4277-a911-661d2a937a47,wallpapers/bf518936-45ef-4277-a911-661d2a937a47/full.png,7,Lighting,Lighting (100%) | Purple (100%) | Texture (96.75%) | Light (95.7%) | Nature (86.52%) | Night (86.52%) | Outdoors (86.52%)
c339b854-7f6e-4d9b-8f1d-0d475014ed96,wallpapers/c339b854-7f6e-4d9b-8f1d-0d475014ed96/full.jpg,1,Black,Black (94.01%)
c0ac564b-d921-41e7-a6fe-c5d29fa9a9c8,wallpapers/c0ac564b-d921-41e7-a6fe-c5d29fa9a9c8/full.jpg,9,Palm Tree,Palm Tree (100%) | Plant (100%) | Tree (100%) | Silhouette (100%) | Summer (100%) | Nature (98.86%) | Outdoors (98.86%) | Tropical (98.86%) | Leaf (98.81%)
c2fbef3d-ab50-4b62-847a-a2bff0d258b9,wallpapers/c2fbef3d-ab50-4b62-847a-a2bff0d258b9/full.jpeg,3,Text,Text (94.32%) | Calligraphy (94.18%) | Handwriting (94.18%)
c31d8021-ee2b-44e1-a9a7-5ac8ff5ecfdb,wallpapers/c31d8021-ee2b-44e1-a9a7-5ac8ff5ecfdb/full.png,1,Pattern,Pattern (97.71%)
c389efe8-969b-433c-85d0-72f1aec2312f,wallpapers/c389efe8-969b-433c-85d0-72f1aec2312f/full.png,1,Triangle,Triangle (100%)
c3654767-2cb9-40e3-ab40-7774716dbdba,wallpapers/c3654767-2cb9-40e3-ab40-7774716dbdba/full.png,4,Person,Person (98.11%) | Face (96.31%) | Head (96.31%) | Art (84.83%)
c4941028-6359-447c-b852-b8b0d42322cc,wallpapers/c4941028-6359-447c-b852-b8b0d42322cc/full.png,5,Pattern,Pattern (100%) | Accessories (99.98%) | Fractal (99.85%) | Ornament (99.85%) | Light (99.35%)
c1d5a374-1141-45fd-a5eb-ded67e95682f,wallpapers/c1d5a374-1141-45fd-a5eb-ded67e95682f/full.png,3,Text,Text (97.95%) | Number (95.31%) | Symbol (95.31%)
c465829a-78be-4c49-a49b-44e80cc7d597,wallpapers/c465829a-78be-4c49-a49b-44e80cc7d597/full.png,2,Lighting,Lighting (100%) | Lamp (91.68%)
c558ec85-8488-44f3-b218-aacb197e368a,wallpapers/c558ec85-8488-44f3-b218-aacb197e368a/full.png,1,Purple,Purple (80.23%)
c4caa96f-7838-425a-b942-8668e4926d39,wallpapers/c4caa96f-7838-425a-b942-8668e4926d39/full.png,2,Indoors,Indoors (86.49%) | City (86.38%)
c4d3dbcd-2966-4901-b135-8035a4a034cf,wallpapers/c4d3dbcd-2966-4901-b135-8035a4a034cf/full.png,13,Lighting,Lighting (100%) | Animal (99.87%) | Beak (99.87%) | Bird (99.87%) | Plant (98.04%) | Tree (98.04%) | Nature (97.51%) | Outdoors (97.51%) | Sky (97.51%) | Night (91.73%) | Anemone (87.92%) | Flower (87.92%) | Silhouette (76.49%)
c530e8d6-310a-4937-929b-9a74b50c9ff6,wallpapers/c530e8d6-310a-4937-929b-9a74b50c9ff6/full.jpg,1,Triangle,Triangle (100%)
c23d2372-38e9-4d84-8d04-b733843b6770,wallpapers/c23d2372-38e9-4d84-8d04-b733843b6770/full.jpg,7,Bud,Bud (100%) | Flower (100%) | Plant (100%) | Sprout (100%) | Purple (100%) | Flower Arrangement (90.78%) | Petal (84.6%)
c4ce8e41-24c5-40e7-b70f-85dbaaa83bc4,wallpapers/c4ce8e41-24c5-40e7-b70f-85dbaaa83bc4/full.png,9,Nature,Nature (99.89%) | Outdoors (99.89%) | Sky (99.89%) | Smoke Pipe (95.87%) | Light (89.59%) | Rainbow (85.9%) | Art (85.71%) | Graphics (85.71%) | Night (73.25%)
c583fd06-9729-40f9-822c-7497584bb908,wallpapers/c583fd06-9729-40f9-822c-7497584bb908/full.png,8,Nature,Nature (100%) | Outdoors (100%) | Sky (100%) | Sunrise (99.99%) | Sunset (99.99%) | Horizon (99.96%) | Sunlight (93.82%) | Scenery (85.88%)
c5e413c5-8fe0-43f5-b3d7-a51f8cb79003,wallpapers/c5e413c5-8fe0-43f5-b3d7-a51f8cb79003/full.png,7,Sphere,Sphere (99.93%) | Nature (94.34%) | Night (94.34%) | Outdoors (94.34%) | Astronomy (86.75%) | Moon (86.75%) | Eclipse (80.37%)
c5adb6dc-b36f-40ff-a95d-56b2a8e7e59a,wallpapers/c5adb6dc-b36f-40ff-a95d-56b2a8e7e59a/full.png,3,Astronomy,Astronomy (99.89%) | Nebula (99.89%) | Outer Space (99.89%)
c3c07f2f-40d6-4572-96ab-91f214d2f5f6,wallpapers/c3c07f2f-40d6-4572-96ab-91f214d2f5f6/full.jpg,5,Nature,Nature (100%) | Outdoors (100%) | Sea (100%) | Water (100%) | Sea Waves (100%)
c6f0f515-ef2b-4d20-b52d-02579dd8af06,wallpapers/c6f0f515-ef2b-4d20-b52d-02579dd8af06/full.jpg,7,Nature,Nature (100%) | Night (100%) | Outdoors (100%) | Starry Sky (99.56%) | Sky (94.42%) | Astronomy (78.88%) | Outer Space (78.88%)
c6184e03-6577-4245-8ef1-b160d7276630,wallpapers/c6184e03-6577-4245-8ef1-b160d7276630/full.jpeg,8,Lighting,Lighting (100%) | Light (92.12%) | Architecture (87.62%) | Building (87.62%) | Outdoors (84.9%) | Nature (80.31%) | Texture (80.16%) | Sky (77.63%)
c66de06c-cc2f-405c-acce-4085f7a28643,wallpapers/c66de06c-cc2f-405c-acce-4085f7a28643/full.png,8,Sphere,Sphere (100%) | Green (100%) | Pattern (98.82%) | Art (89.99%) | Graphics (89.99%) | Accessories (87.16%) | Ornament (87.16%) | Texture (84.41%)
c6945fd5-b9b2-4ca4-8c91-bc7c66712d41,wallpapers/c6945fd5-b9b2-4ca4-8c91-bc7c66712d41/full.png,9,Nature,Nature (97.03%) | Night (97.03%) | Outdoors (97.03%) | Silhouette (90.63%) | Texture (89.62%) | Person (75.51%) | Sea (73%) | Water (73%) | Sky (70.8%)
c762ef4b-7209-4021-b262-1a7b370ab78a,wallpapers/c762ef4b-7209-4021-b262-1a7b370ab78a/full.jpg,5,Nature,Nature (100%) | Outdoors (100%) | Dune (99.89%) | Sand (99.89%) | Desert (99.89%)
c62c0cb2-160a-4c38-aee1-21448f12f3ad,wallpapers/c62c0cb2-160a-4c38-aee1-21448f12f3ad/full.jpg,6,Sphere,Sphere (100%) | Pattern (99.96%) | Accessories (99.3%) | Fractal (98.66%) | Ornament (98.66%) | Balloon (86.29%)
c5d8ed6b-0b9a-495d-a0eb-b2cf25a9f38a,wallpapers/c5d8ed6b-0b9a-495d-a0eb-b2cf25a9f38a/full.jpg,2,Plant,Plant (93.62%) | Blue (89%)
c74093db-46a7-4d2a-bf3b-5b70d0ba7daa,wallpapers/c74093db-46a7-4d2a-bf3b-5b70d0ba7daa/full.jpg,5,Purple,Purple (100%) | Pattern (99.33%) | Texture (92.94%) | Nature (81.07%) | Outdoors (81.07%)
c7358272-c7be-4f56-bb55-bb46c76e6740,wallpapers/c7358272-c7be-4f56-bb55-bb46c76e6740/full.png,15,City,City (100%) | Urban (99.99%) | Road (99.99%) | Street (99.99%) | Building (99.8%) | Cityscape (99.8%) | Neighborhood (99.72%) | Nature (99.38%) | Outdoors (99.38%) | Sky (99.38%) | Post Apocalyptic (94.38%) | Shelter (94.22%) | Person (92.57%) | Utility Pole (87.22%) | Alley (85.76%)
c7f04575-1b5d-462b-870c-741546cd81de,wallpapers/c7f04575-1b5d-462b-870c-741546cd81de/full.jpg,4,Animal,Animal (100%) | Lion (100%) | Mammal (100%) | Wildlife (100%)
c7a0c6ab-10e9-4ba6-b56d-e6ae6c26bfdc,wallpapers/c7a0c6ab-10e9-4ba6-b56d-e6ae6c26bfdc/full.png,2,Lighting,Lighting (99.99%) | Accessories (76.11%)
c79b8da5-ce7b-416e-b9a9-968aac7e9999,wallpapers/c79b8da5-ce7b-416e-b9a9-968aac7e9999/full.png,8,Nature,Nature (99.44%) | Outdoors (99.44%) | Sky (99.44%) | Art (98.13%) | Graphics (98.13%) | Lighting (95.5%) | Texture (88.09%) | Light (86.7%)
c7e0562f-adc0-4990-96c3-dd9b64e417fc,wallpapers/c7e0562f-adc0-4990-96c3-dd9b64e417fc/full.png,10,Outdoors,Outdoors (100%) | Nature (99.99%) | Weather (99.94%) | Scenery (97.12%) | Countryside (89.66%) | Plant (86.4%) | Vegetation (86.4%) | Fog (85.63%) | Aerial View (84.77%) | Land (80.73%)
c9067147-0f80-48c6-8f92-14aab6feb337,wallpapers/c9067147-0f80-48c6-8f92-14aab6feb337/full.jpg,6,Machine,Machine (96.97%) | Wheel (96.97%) | Bicycle (90.47%) | Transportation (90.47%) | Vehicle (90.47%) | Black (81.09%)
c8690dfa-a73a-4484-9c47-7b6a152657b7,wallpapers/c8690dfa-a73a-4484-9c47-7b6a152657b7/full.jpg,9,Nature,Nature (99.91%) | Outdoors (99.91%) | Dune (99.57%) | Sand (99.57%) | Desert (99.4%) | Animal (84.35%) | Fish (84.35%) | Sea Life (84.35%) | Shark (84.35%)
c7fcc8d1-9ef5-4899-85ff-802973047554,wallpapers/c7fcc8d1-9ef5-4899-85ff-802973047554/full.png,4,Texture,Texture (98.79%) | Pattern (90.11%) | Art (70.03%) | Graphics (70.03%)
c7751ffd-44d2-4d38-b5a4-0432d13ae475,wallpapers/c7751ffd-44d2-4d38-b5a4-0432d13ae475/full.png,2,Light,Light (99.97%) | Pattern (98.93%)
c896b5a5-f613-40f9-8f87-c99704e69c0d,wallpapers/c896b5a5-f613-40f9-8f87-c99704e69c0d/full.png,7,Pattern,Pattern (100%) | Accessories (99.98%) | Ornament (99.92%) | Fractal (99.91%) | Art (95.41%) | Graphics (95.41%) | Light (79.94%)
c968e70a-d9f0-453d-affb-f52e319aae60,wallpapers/c968e70a-d9f0-453d-affb-f52e319aae60/full.jpg,9,Urban,Urban (97.72%) | Clothing (94.29%) | Hood (94.29%) | Person (91.79%) | Performer (88.31%) | Solo Performance (88.31%) | Nature (83.12%) | Night (83.12%) | Outdoors (83.12%)
c8426957-d6ac-407b-a0b6-3b939b429f96,wallpapers/c8426957-d6ac-407b-a0b6-3b939b429f96/full.jpg,8,Mountain,Mountain (99.98%) | Nature (99.98%) | Outdoors (99.98%) | Landscape (99.4%) | Scenery (98.14%) | Mountain Range (98.08%) | Art (95.24%) | Peak (84.44%)
c8f61bb2-0dda-475b-84f7-72c889afc9d2,wallpapers/c8f61bb2-0dda-475b-84f7-72c889afc9d2/full.png,1,Art,Art (82.56%)
c9a74026-45b9-4bcc-84ed-52d801219e37,wallpapers/c9a74026-45b9-4bcc-84ed-52d801219e37/full.jpg,12,Nature,Nature (100%) | Night (100%) | Outdoors (100%) | Starry Sky (100%) | Sky (99.99%) | Scenery (99.98%) | Mountain (99.59%) | Mountain Range (99.59%) | Peak (99.59%) | Landscape (96.22%) | Horizon (92.49%) | Aurora (70.49%)
c963e3d5-3a4b-44f4-95b0-ed9c42463696,wallpapers/c963e3d5-3a4b-44f4-95b0-ed9c42463696/full.png,14,Landscape,Landscape (99.99%) | Nature (99.99%) | Outdoors (99.99%) | Scenery (99.96%) | Mountain (99.95%) | Mountain Range (99.95%) | Sky (99.88%) | Peak (99.75%) | Animal (95.78%) | Bird (95.78%) | Dinosaur (90.28%) | Reptile (90.28%) | Sunrise (87.3%) | Sunset (85.61%)
cadf6825-e92a-4dfb-a2db-e74e41dc1171,wallpapers/cadf6825-e92a-4dfb-a2db-e74e41dc1171/full.jpg,6,Astronomy,Astronomy (96.2%) | Outer Space (96.2%) | Planet (86.89%) | Outdoors (81.75%) | Globe (78.03%) | Nature (76.04%)
ca1dbe8c-6f97-4852-9b68-f6d214e0a3b0,wallpapers/ca1dbe8c-6f97-4852-9b68-f6d214e0a3b0/full.jpg,10,Face,Face (99.89%) | Head (99.89%) | Person (99.89%) | Photography (99.89%) | Portrait (99.89%) | Silhouette (99.74%) | Adult (99.2%) | Male (99.2%) | Man (99.2%) | Window (98.07%)
cb648f37-7e29-43e2-8069-42f91ae08410,wallpapers/cb648f37-7e29-43e2-8069-42f91ae08410/full.jpeg,7,Bottle,Bottle (99.97%) | Alcohol (99.91%) | Beer (99.91%) | Beverage (99.91%) | Beer Bottle (98.99%) | Liquor (98.99%) | Glass (98.16%)
cb74e5d2-4df1-418c-84d9-dbfa5e5add2a,wallpapers/cb74e5d2-4df1-418c-84d9-dbfa5e5add2a/full.png,9,Fir,Fir (100%) | Plant (100%) | Tree (100%) | Conifer (99.41%) | Pine (97.62%) | Nature (93.09%) | Outdoors (93.09%) | Weather (93.09%) | Ice (89.04%)
cbbeaeda-b347-4461-8ec4-1ef9a4db2f8b,wallpapers/cbbeaeda-b347-4461-8ec4-1ef9a4db2f8b/full.jpg,15,Adult,Adult (97.19%) | Female (97.19%) | Person (97.19%) | Woman (97.19%) | Moon (92.44%) | Nature (92.44%) | Night (92.44%) | Outdoors (92.44%) | Animal (90.63%) | Bird (90.63%) | Backlighting (81.99%) | Airplane (81.03%) | Transportation (81.03%) | Vehicle (81.03%) | Sky (78.96%)
cb39c418-2a95-460d-b0da-58bde7bbb891,wallpapers/cb39c418-2a95-460d-b0da-58bde7bbb891/full.jpg,8,Outdoors,Outdoors (98.09%) | Nature (97.6%) | Adult (95.41%) | Female (95.41%) | Person (95.41%) | Woman (95.41%) | Water (79.22%) | Ripple (74.64%)
cbc646ab-568d-47e8-8ddd-529e2b01697a,wallpapers/cbc646ab-568d-47e8-8ddd-529e2b01697a/full.png,13,Purple,Purple (100%) | Flower (99.4%) | Petal (99.4%) | Plant (99.4%) | Anemone (95.32%) | Geranium (91.33%) | Anther (91.26%) | Lavender (86.1%) | Daisy (82.09%) | Animal (77.75%) | Cat (77.75%) | Mammal (77.75%) | Pet (77.75%)
cbbf2c0a-c676-4951-ae09-1602e47c130a,wallpapers/cbbf2c0a-c676-4951-ae09-1602e47c130a/full.jpg,7,Nature,Nature (99.98%) | Outdoors (99.98%) | Sea (99.98%) | Water (99.98%) | Sea Waves (99.9%) | Art (91.58%) | Tsunami (76.28%)
c8fd1998-7142-49b3-9b83-9670bed68617,wallpapers/c8fd1998-7142-49b3-9b83-9670bed68617/full.png,10,Nature,Nature (100%) | Outdoors (100%) | Sky (100%) | Mountain (100%) | Mountain Range (100%) | Peak (99.98%) | Sunrise (99.97%) | Sunset (99.74%) | Scenery (98.93%) | Horizon (76.6%)
cbf467ca-0dff-4a66-a56d-e3a18f6ba646,wallpapers/cbf467ca-0dff-4a66-a56d-e3a18f6ba646/full.jpg,12,Nature,Nature (100%) | Outdoors (100%) | Tropical (100%) | Summer (100%) | Palm Tree (99.88%) | Plant (99.88%) | Tree (99.88%) | Vegetation (99.54%) | Sky (99.38%) | Sunset (97.87%) | Scenery (93.63%) | Silhouette (82.9%)
cb3624af-2a31-4d34-82e3-cff368513f80,wallpapers/cb3624af-2a31-4d34-82e3-cff368513f80/full.png,3,Purple,Purple (100%) | Lighting (100%) | Texture (94.86%)
cc2a946b-387b-48ba-9ec7-92721972d021,wallpapers/cc2a946b-387b-48ba-9ec7-92721972d021/full.jpg,5,Nature,Nature (99.85%) | Outdoors (99.85%) | Sky (99.85%) | Backlighting (94.63%) | Horizon (86.41%)
cc1221c7-b729-4344-9d07-f56243263a12,wallpapers/cc1221c7-b729-4344-9d07-f56243263a12/full.jpg,2,Fern,Fern (100%) | Plant (100%)
ccaa116a-f077-45b5-9f1e-a83ab5c30149,wallpapers/ccaa116a-f077-45b5-9f1e-a83ab5c30149/full.jpeg,1,Text,Text (85.25%)
cb5f9899-5a62-4efd-bad0-514be0980ae3,wallpapers/cb5f9899-5a62-4efd-bad0-514be0980ae3/full.jpg,9,Architecture,Architecture (99.99%) | Building (99.99%) | Window (96.46%) | Arch (93.65%) | City (91.94%) | Urban (87.02%) | Person (78.75%) | Castle (78.39%) | Fortress (78.39%)
cd05fc57-a0e3-4a36-853b-54079f538e6c,wallpapers/cd05fc57-a0e3-4a36-853b-54079f538e6c/full.jpg,11,Purple,Purple (99.87%) | Pattern (97.74%) | Machine (86.53%) | Spoke (86.53%) | Alloy Wheel (75.14%) | Car (75.14%) | Car Wheel (75.14%) | Tire (75.14%) | Transportation (75.14%) | Vehicle (75.14%) | Wheel (75.14%)
cc5909bb-896f-49e9-b4d5-96e7185c66c3,wallpapers/cc5909bb-896f-49e9-b4d5-96e7185c66c3/full.png,12,Purple,Purple (100%) | City (99.98%) | Nature (99.97%) | Night (99.97%) | Outdoors (99.97%) | Metropolis (99.87%) | Urban (99.87%) | Architecture (99.65%) | Building (99.65%) | Cityscape (99.65%) | Sky (96.61%) | Lighting (82.57%)
cd08b348-7f04-4fd2-a391-25c01e457efd,wallpapers/cd08b348-7f04-4fd2-a391-25c01e457efd/full.jpg,6,City,City (98.64%) | Nature (98.27%) | Outdoors (98.27%) | Sea (98.27%) | Water (98.27%) | Person (94.68%)
ccd1ce05-b186-4f09-968a-ddbe34184670,wallpapers/ccd1ce05-b186-4f09-968a-ddbe34184670/full.jpeg,10,Alley,Alley (100%) | City (100%) | Road (100%) | Street (100%) | Urban (100%) | Architecture (99.54%) | Building (99.54%) | Office Building (99.54%) | Person (98.82%) | Cityscape (90.28%)
cd9f6be8-1cae-4b4c-938f-d5915e8e8683,wallpapers/cd9f6be8-1cae-4b4c-938f-d5915e8e8683/full.png,4,Art,Art (100%) | Graphics (100%) | Modern Art (99.79%) | Pattern (99.44%)
cd4e224a-5a00-4722-9946-a03c4247b0c1,wallpapers/cd4e224a-5a00-4722-9946-a03c4247b0c1/full.png,5,Light,Light (99.98%) | Pattern (98.55%) | Art (95.41%) | Graphics (95.41%) | Neon (91.31%)
cddbcf4a-24fc-4a9e-b9bf-0fe604ff771f,wallpapers/cddbcf4a-24fc-4a9e-b9bf-0fe604ff771f/full.jpeg,1,Triangle,Triangle (100%)
ce01a8c4-d905-4eae-b4f0-2f164347cbb9,wallpapers/ce01a8c4-d905-4eae-b4f0-2f164347cbb9/full.jpg,15,Nature,Nature (99.95%) | Outdoors (99.95%) | Sky (99.95%) | Person (99.51%) | Weather (98.88%) | Landscape (97.07%) | Night (96.85%) | Sea (96.39%) | Water (96.39%) | Cloud (96.36%) | Rock (87.01%) | City (85.62%) | Scenery (85.47%) | Clothing (72.42%) | Glove (72.42%)
cd40ad54-06ce-4ae7-b137-7802b2f07dbe,wallpapers/cd40ad54-06ce-4ae7-b137-7802b2f07dbe/full.jpg,10,Art,Art (99.97%) | Painting (99.89%) | Road (94.73%) | Tarmac (94.73%) | Architecture (94.66%) | Building (94.66%) | House (94.66%) | Housing (94.66%) | Staircase (94.66%) | Modern Art (87.19%)
ce0be407-b5d6-4c7b-a9e2-09e0941a324f,wallpapers/ce0be407-b5d6-4c7b-a9e2-09e0941a324f/full.jpg,7,Flower,Flower (99.99%) | Petal (99.99%) | Plant (99.99%) | Leaf (98.34%) | Anemone (89.36%) | Art (81%) | Outdoors (72.29%)
ceeef101-7ae7-4b4c-b122-34488a7be003,wallpapers/ceeef101-7ae7-4b4c-b122-34488a7be003/full.jpg,2,Clothing,Clothing (97.34%) | Hood (97.34%)
cf223678-88d5-474b-8b5f-e7fa7bc76c02,wallpapers/cf223678-88d5-474b-8b5f-e7fa7bc76c02/full.jpg,7,Nature,Nature (100%) | Night (100%) | Outdoors (100%) | Starry Sky (99.74%) | Astronomy (84.07%) | Outer Space (84.07%) | Sky (74.62%)
d0cdf019-bea5-42cc-9389-52f8bdf27847,wallpapers/d0cdf019-bea5-42cc-9389-52f8bdf27847/full.png,4,Art,Art (99.8%) | Graphics (99.8%) | Modern Art (97.49%) | Purple (71.34%)
d0b1062f-c12e-4ad3-94f1-513a345d70fb,wallpapers/d0b1062f-c12e-4ad3-94f1-513a345d70fb/full.jpg,3,Light,Light (99.17%) | Astronomy (75.11%) | Outer Space (75.11%)
d03adeb2-b377-4942-8238-595c4c838bea,wallpapers/d03adeb2-b377-4942-8238-595c4c838bea/full.png,15,Art,Art (100%) | Modern Art (100%) | Graphics (99.81%) | Face (98.33%) | Head (98.33%) | Person (98.33%) | Portrait (98.33%) | Cartoon (97.23%) | Painting (96.97%) | Adult (91.83%) | Female (91.83%) | Woman (91.83%) | Neck (86.02%) | Pattern (73.41%) | Outdoors (72.05%)
d0e921c9-6dfc-4b6c-9b1a-91636bd7c774,wallpapers/d0e921c9-6dfc-4b6c-9b1a-91636bd7c774/full.png,8,Mountain,Mountain (100%) | Mountain Range (100%) | Nature (100%) | Outdoors (100%) | Peak (100%) | Scenery (98.48%) | Plateau (97.71%) | Night (76.19%)
cf78e76a-10f4-4e3a-8523-750d0a6632ee,wallpapers/cf78e76a-10f4-4e3a-8523-750d0a6632ee/full.jpg,2,Black,Black (94.34%) | Plant (72.66%)
d0b022cc-7d34-4e8f-a4dc-d9642a6014b7,wallpapers/d0b022cc-7d34-4e8f-a4dc-d9642a6014b7/full.jpg,11,Pattern,Pattern (99.68%) | Texture (98.95%) | Light (97.89%) | Lighting (93.27%) | Nature (89.23%) | Outdoors (89.23%) | Sea (89.23%) | Water (89.23%) | Accessories (77.52%) | Fractal (77.52%) | Ornament (77.52%)
d07ab434-c152-4293-99dc-aad9feb032fa,wallpapers/d07ab434-c152-4293-99dc-aad9feb032fa/full.png,4,Pattern,Pattern (98.02%) | Art (91.3%) | Person (73.46%) | Graphics (72.24%)
d1efb4cb-afc5-49f4-b7d5-091c96c33324,wallpapers/d1efb4cb-afc5-49f4-b7d5-091c96c33324/full.jpg,8,Ice,Ice (100%) | Nature (100%) | Outdoors (100%) | Iceberg (94.53%) | Animal (86%) | Fish (86%) | Sea Life (86%) | Shark (86%)
d1984b50-762a-4c52-81ea-56f695df15a8,wallpapers/d1984b50-762a-4c52-81ea-56f695df15a8/full.png,9,Nature,Nature (100%) | Night (100%) | Outdoors (100%) | Sky (99.99%) | Mountain (99.95%) | Mountain Range (99.95%) | Peak (99.9%) | Scenery (99.75%) | Starry Sky (99.75%)
d21afb41-6d44-410b-8afd-11e468899b07,wallpapers/d21afb41-6d44-410b-8afd-11e468899b07/full.jpg,5,Light,Light (100%) | Lighting (99.94%) | Urban (98.23%) | City (81.42%) | Neon (70.34%)
d2249851-32b3-41be-ad2d-6c07dfa1eb92,wallpapers/d2249851-32b3-41be-ad2d-6c07dfa1eb92/full.jpg,2,Logo,Logo (83.38%) | Text (83.07%)
cf7dcabd-7045-450f-a378-531b34ab2829,wallpapers/cf7dcabd-7045-450f-a378-531b34ab2829/full.png,13,Mountain,Mountain (99.93%) | Nature (99.93%) | Outdoors (99.93%) | Scenery (99.82%) | Art (96.32%) | Painting (96.32%) | Landscape (95.56%) | Boat (92.74%) | Transportation (92.74%) | Vehicle (92.74%) | Sky (85.04%) | Mountain Range (79.42%) | Peak (76.99%)
d3736f2e-7828-4a77-8ded-9e9c0d2e095e,wallpapers/d3736f2e-7828-4a77-8ded-9e9c0d2e095e/full.jpg,3,Cutlery,Cutlery (97.99%) | Fork (97.99%) | Symbol (76.1%)
d14b5ad3-bd85-4211-99e5-0810a4b0a282,wallpapers/d14b5ad3-bd85-4211-99e5-0810a4b0a282/full.jpeg,8,Purple,Purple (100%) | Lighting (100%) | Texture (99.99%) | Nature (95.89%) | Outdoors (95.89%) | Sky (95.89%) | Light (87.33%) | Night (86.04%)
d2f3d2f2-ed1f-442a-9ba8-a3b323628754,wallpapers/d2f3d2f2-ed1f-442a-9ba8-a3b323628754/full.jpg,13,Purple,Purple (99.99%) | Art (99.92%) | Graphics (99.92%) | Plant (99.55%) | Tree (99.55%) | Nature (95.93%) | Outdoors (95.93%) | Sky (94.47%) | Night (94.34%) | Fir (81.86%) | Vegetation (81.42%) | Pattern (78.33%) | Disk (73.89%)
d1df88df-0c71-4ca4-8889-c6cab0b1617a,wallpapers/d1df88df-0c71-4ca4-8889-c6cab0b1617a/full.png,15,Nature,Nature (100%) | Outdoors (100%) | Sky (100%) | Plant (100%) | Tree (100%) | Fir (99.86%) | Scenery (99.42%) | Land (97.88%) | Cloud (97.83%) | Weather (95.83%) | Vegetation (95.75%) | Landscape (87.68%) | Azure Sky (81.41%) | Cumulus (80.43%) | Horizon (71.84%)
d2497111-4c92-4829-999a-8e5a4241d65a,wallpapers/d2497111-4c92-4829-999a-8e5a4241d65a/full.png,12,Nature,Nature (100%) | Night (100%) | Outdoors (100%) | City (99.96%) | Sky (99.92%) | Astronomy (99.55%) | Moon (99.55%) | Urban (98.59%) | Architecture (98.44%) | Building (98.44%) | Cityscape (98.44%) | Metropolis (98.08%)
d3ccfd2a-6a5f-4c24-92fa-97c75b0dfe96,wallpapers/d3ccfd2a-6a5f-4c24-92fa-97c75b0dfe96/full.jpg,1,Skateboard,Skateboard (79.51%)
d23fb0c1-0774-4a49-ac6d-29166824e872,wallpapers/d23fb0c1-0774-4a49-ac6d-29166824e872/full.jpg,8,Beach,Beach (99.91%) | Coast (99.91%) | Nature (99.91%) | Outdoors (99.91%) | Sea (99.91%) | Shoreline (99.91%) | Water (99.91%) | Person (96.53%)
d4fdfb25-f718-4563-8793-d95d8d8d9028,wallpapers/d4fdfb25-f718-4563-8793-d95d8d8d9028/full.png,3,Art,Art (99.97%) | Graphics (99.97%) | Balloon (99.61%)
d48c3f89-609f-46f4-83b2-d6d8105ddb13,wallpapers/d48c3f89-609f-46f4-83b2-d6d8105ddb13/full.png,5,Art,Art (99.95%) | Graphics (99.95%) | Pattern (86.75%) | Nature (84.52%) | Outdoors (84.52%)
d44eba1e-5d18-452b-9254-f3a782381a6b,wallpapers/d44eba1e-5d18-452b-9254-f3a782381a6b/full.png,9,Art,Art (100%) | Graphics (100%) | Pattern (99.99%) | Modern Art (99.97%) | Accessories (99.74%) | Fractal (99.74%) | Ornament (99.74%) | Animal (70.37%) | Bird (70.37%)
d5056565-8dcd-48a7-b2be-e2924846ffe4,wallpapers/d5056565-8dcd-48a7-b2be-e2924846ffe4/full.jpeg,6,Nature,Nature (99.97%) | Night (99.97%) | Outdoors (99.97%) | Starry Sky (94.19%) | Astronomy (91.59%) | Outer Space (91.59%)
d6d0fbc6-fce6-42a4-9633-b3bfaa9ff16f,wallpapers/d6d0fbc6-fce6-42a4-9633-b3bfaa9ff16f/full.png,11,City,City (100%) | Metropolis (99.87%) | Urban (99.87%) | Architecture (97.98%) | Building (97.98%) | Cityscape (97.98%) | Outdoors (88.39%) | Nature (85.1%) | Art (78.61%) | Smoke (74.8%) | Sky (73.95%)
d6903df7-934a-45ab-881a-a57b59b7abc8,wallpapers/d6903df7-934a-45ab-881a-a57b59b7abc8/full.png,9,Face,Face (93.14%) | Head (93.14%) | Person (93.14%) | Adult (84.84%) | Female (84.84%) | Woman (84.84%) | Anime (80.3%) | Body Part (76.24%) | Hand (76.24%)
d57c5430-5650-4618-8d91-a9d5ec2b2821,wallpapers/d57c5430-5650-4618-8d91-a9d5ec2b2821/full.png,10,Art,Art (100%) | Graphics (100%) | Nature (97.01%) | Night (97.01%) | Outdoors (97.01%) | Texture (95.43%) | Astronomy (84.81%) | Moon (84.81%) | Pattern (82.47%) | Green (73.69%)
d69c585a-86f2-4c2b-9669-0adba8e603b5,wallpapers/d69c585a-86f2-4c2b-9669-0adba8e603b5/full.jpg,1,Blue,Blue (88.29%)
d7e36753-35c4-4839-af83-81a9e2aaf74e,wallpapers/d7e36753-35c4-4839-af83-81a9e2aaf74e/full.jpg,9,Nature,Nature (100%) | Outdoors (100%) | Sea (100%) | Water (100%) | Coast (99.66%) | Shoreline (99.66%) | Land (90.56%) | Aerial View (83.87%) | Sea Waves (77.25%)
d8693c61-9d25-4284-a128-bfe1c7f8cb3b,wallpapers/d8693c61-9d25-4284-a128-bfe1c7f8cb3b/full.jpg,1,Black,Black (92.58%)
d7c1ad91-5d84-43cd-8142-06d360a5ddbf,wallpapers/d7c1ad91-5d84-43cd-8142-06d360a5ddbf/full.png,9,Animal,Animal (100%) | Beak (100%) | Bird (100%) | Lighting (99.92%) | Nature (99.86%) | Outdoors (99.86%) | Sky (99.86%) | Rainbow (71.32%) | Art (70.4%)
d64c618c-7ab3-42cd-9216-6534de0be6c1,wallpapers/d64c618c-7ab3-42cd-9216-6534de0be6c1/full.jpg,13,Mountain,Mountain (100%) | Mountain Range (100%) | Nature (100%) | Outdoors (100%) | Peak (100%) | Slope (99.99%) | Ice (99.9%) | Glacier (99.85%) | Piste (93.76%) | Snow (93.76%) | Sport (93.76%) | Person (87.9%) | Scenery (83.16%)
d7d4654a-7026-4cb5-9c65-ec6da2604459,wallpapers/d7d4654a-7026-4cb5-9c65-ec6da2604459/full.png,2,Cactus,Cactus (90.42%) | Plant (90.42%)
d88bfd75-2473-4b1a-a4b0-3139b3c0ad86,wallpapers/d88bfd75-2473-4b1a-a4b0-3139b3c0ad86/full.jpg,7,Ice,Ice (100%) | Nature (99.97%) | Outdoors (99.97%) | Scenery (94.51%) | Person (94.06%) | Mountain (80.11%) | Iceberg (74.18%)
d89f6f75-a670-4f7d-9e11-ac261ffbd437,wallpapers/d89f6f75-a670-4f7d-9e11-ac261ffbd437/full.png,11,Nature,Nature (99.95%) | Night (99.95%) | Outdoors (99.95%) | Pattern (98.05%) | Sky (94.55%) | Accessories (93.52%) | Fractal (93.52%) | Ornament (93.52%) | Purple (87.04%) | Person (86.68%) | Art (78.16%)
d8a926ab-a14c-42c4-a4a6-cbb770eba659,wallpapers/d8a926ab-a14c-42c4-a4a6-cbb770eba659/full.jpg,6,Nature,Nature (100%) | Night (100%) | Outdoors (100%) | Starry Sky (100%) | Astronomy (82.81%) | Outer Space (82.81%)
d9889d57-4766-482d-9328-d6d04ea4d41f,wallpapers/d9889d57-4766-482d-9328-d6d04ea4d41f/full.png,9,Pattern,Pattern (99.91%) | Texture (99.84%) | Accessories (89.19%) | Ornament (89.19%) | Disk (86.42%) | Art (84.6%) | Fractal (84.05%) | Outdoors (71.51%) | Nature (70.3%)
d9b83ccb-2408-4d43-98b4-97a6fdb0465d,wallpapers/d9b83ccb-2408-4d43-98b4-97a6fdb0465d/full.jpg,9,Pattern,Pattern (96.54%) | Water (95.47%) | Car (85.37%) | Transportation (85.37%) | Vehicle (85.37%) | Outdoors (84.19%) | Turquoise (83.04%) | Nature (80%) | Art (75.21%)
d9c5a8ed-7ec9-47ee-92da-30ee6f215374,wallpapers/d9c5a8ed-7ec9-47ee-92da-30ee6f215374/full.png,8,Lighting,Lighting (99.84%) | Purple (99.35%) | Pattern (96.1%) | Texture (95.01%) | Light (91.92%) | Art (86.35%) | Graphics (74.35%) | Accessories (72.92%)
d9c568f6-5fe8-4849-b6d8-e910812665e7,wallpapers/d9c568f6-5fe8-4849-b6d8-e910812665e7/full.jpg,10,Purple,Purple (100%) | Nature (99.84%) | Night (99.84%) | Outdoors (99.84%) | Sky (99.68%) | Lighting (98.81%) | Light (95.34%) | Astronomy (73.34%) | Outer Space (73.34%) | Flare (72.3%)
d8937a0f-059e-4016-b454-67cbf1bb0a36,wallpapers/d8937a0f-059e-4016-b454-67cbf1bb0a36/full.jpg,6,Pattern,Pattern (100%) | Accessories (99.87%) | Plant (99.54%) | Fractal (99.43%) | Ornament (99.43%) | Purple (96.18%)
d741f763-1c06-470f-8aa9-60aa15b1ce62,wallpapers/d741f763-1c06-470f-8aa9-60aa15b1ce62/full.png,8,Art,Art (99.94%) | Graphics (99.94%) | Light (99.89%) | Pattern (99.77%) | Lighting (99.35%) | Accessories (98.82%) | Fractal (98.82%) | Ornament (98.82%)
db090e33-6db0-4ee7-95d7-4d491e5d7fc3,wallpapers/db090e33-6db0-4ee7-95d7-4d491e5d7fc3/full.jpg,2,Cassette,Cassette (97.15%) | Clapperboard (70.48%)
db25b06a-409d-4bd3-8714-67ffeb2407f0,wallpapers/db25b06a-409d-4bd3-8714-67ffeb2407f0/full.png,6,Nature,Nature (99.97%) | Outdoors (99.97%) | Ripple (99.97%) | Water (99.97%) | Person (84.6%) | Sea (75.63%)
d96428ef-7fa3-4a0d-bd0e-bb21cb571879,wallpapers/d96428ef-7fa3-4a0d-bd0e-bb21cb571879/full.png,12,Nature,Nature (98.76%) | Outdoors (98.76%) | Sky (96.24%) | Art (93.8%) | Painting (93.8%) | Sea (84.53%) | Water (84.53%) | Beach (77.16%) | Coast (77.16%) | Shoreline (77.16%) | Animal (75.04%) | Bird (75.04%)
db60e0e1-5003-4d5f-b536-60e6b2b1f78e,wallpapers/db60e0e1-5003-4d5f-b536-60e6b2b1f78e/full.jpg,9,Purple,Purple (100%) | Pattern (99.66%) | Accessories (96.03%) | Ornament (95.46%) | Art (95.04%) | Graphics (95.04%) | Fractal (82.96%) | Machine (72.54%) | Wheel (72.54%)
db8056b7-7381-4eb5-8a36-6a8e24ba2ce1,wallpapers/db8056b7-7381-4eb5-8a36-6a8e24ba2ce1/full.jpg,11,Nature,Nature (100%) | Night (100%) | Outdoors (100%) | Astronomy (99.88%) | Moon (99.88%) | Car (99.26%) | Transportation (99.26%) | Vehicle (99.26%) | Machine (77.37%) | Wheel (77.37%) | Spoke (75.49%)
da2fc6b2-08ae-4f80-82bc-b548457a2636,wallpapers/da2fc6b2-08ae-4f80-82bc-b548457a2636/full.png,8,Art,Art (99.99%) | Graphics (99.99%) | Sphere (99.97%) | Pattern (99.87%) | Lighting (99.66%) | Purple (97.74%) | Texture (82.39%) | Balloon (81.66%)
dba08874-ad30-4470-adc3-92597ea4b688,wallpapers/dba08874-ad30-4470-adc3-92597ea4b688/full.png,11,Lighting,Lighting (100%) | Art (100%) | Graphics (100%) | Pattern (97.71%) | Modern Art (92.81%) | Light (92.52%) | Accessories (83.69%) | Nature (75.44%) | Outdoors (75.44%) | Sky (75.44%) | Texture (75.25%)
db6672a1-b31f-4b58-a995-2318d5d508e0,wallpapers/db6672a1-b31f-4b58-a995-2318d5d508e0/full.png,6,Nature,Nature (100%) | Outdoors (100%) | Weather (100%) | Fog (97.73%) | Pollution (91.75%) | Smoke (91.6%)
dc44cdda-863e-44ac-a1b3-c9b4a5cd3945,wallpapers/dc44cdda-863e-44ac-a1b3-c9b4a5cd3945/full.png,6,Lighting,Lighting (100%) | Nature (99.86%) | Outdoors (99.86%) | Sky (99.86%) | Light (98.24%) | Night (96.82%)
db74935a-7e8e-486d-b690-acc54527b276,wallpapers/db74935a-7e8e-486d-b690-acc54527b276/full.png,6,Art,Art (99.93%) | Graphics (99.93%) | Pattern (92.61%) | Sphere (81.35%) | Text (73.76%) | Lighting (72.87%)
dccc46e1-3a4f-4591-a391-5402604ab9e3,wallpapers/dccc46e1-3a4f-4591-a391-5402604ab9e3/full.jpg,4,Adult,Adult (90.76%) | Female (90.76%) | Person (90.76%) | Woman (90.76%)
dd90b479-e941-40d0-9abf-0ec29036f7c3,wallpapers/dd90b479-e941-40d0-9abf-0ec29036f7c3/full.jpeg,4,Nature,Nature (100%) | Night (100%) | Outdoors (100%) | Starry Sky (100%)
d9c9c907-6aa3-4c1b-964a-8da8afcd9d9d,wallpapers/d9c9c907-6aa3-4c1b-964a-8da8afcd9d9d/full.png,7,Purple,Purple (99.99%) | Art (99.99%) | Graphics (99.99%) | Lighting (99.96%) | Light (99.07%) | Person (95.93%) | Pattern (77.06%)
dc88d6d1-e137-4477-98f5-b73945998854,wallpapers/dc88d6d1-e137-4477-98f5-b73945998854/full.png,8,Pattern,Pattern (99.95%) | Art (99.88%) | Graphics (99.88%) | Accessories (99.15%) | Fractal (97.49%) | Ornament (97.49%) | Light (94.74%) | Person (91.04%)
dbcc9319-c0e0-49b3-9edf-9e41ca7ed6b6,wallpapers/dbcc9319-c0e0-49b3-9edf-9e41ca7ed6b6/full.jpg,5,Nature,Nature (100%) | Outdoors (100%) | Astronomy (98.66%) | Outer Space (98.66%) | Comet (96.66%)
dc9d5099-aa0f-4f67-9709-36a3c2953f04,wallpapers/dc9d5099-aa0f-4f67-9709-36a3c2953f04/full.png,6,Pattern,Pattern (99.99%) | Accessories (95.4%) | Fractal (94.61%) | Ornament (94.61%) | Art (79.86%) | Modern Art (79.86%)
dde0f999-96ae-4b36-8be2-ec82c949f321,wallpapers/dde0f999-96ae-4b36-8be2-ec82c949f321/full.png,4,Nature,Nature (97.78%) | Outdoors (97.78%) | Sky (97.78%) | Texture (95.43%)
dead4c8d-75df-4444-9346-18e2c9072be8,wallpapers/dead4c8d-75df-4444-9346-18e2c9072be8/full.jpg,6,Lighting,Lighting (98.91%) | Chair (97.29%) | Furniture (97.29%) | Urban (96.78%) | Indoors (94.39%) | Interior Design (94.39%)
ddcd0316-7e33-4523-b0a3-9884793c6562,wallpapers/ddcd0316-7e33-4523-b0a3-9884793c6562/full.jpg,5,Electronics,Electronics (93.14%) | Mobile Phone (93.14%) | Phone (93.14%) | Paper (79.81%) | Text (79.12%)
dbc468a7-f97b-4ed9-8288-c58d50967361,wallpapers/dbc468a7-f97b-4ed9-8288-c58d50967361/full.png,11,Nature,Nature (100%) | Outdoors (100%) | Promontory (100%) | Water (100%) | Land (99.99%) | Sky (99.73%) | Sunset (99.73%) | Sea (95.47%) | Scenery (94%) | Shoreline (74.6%) | Coast (72.31%)
de94f806-aa14-4fa4-bd0c-90cd2b35b6f5,wallpapers/de94f806-aa14-4fa4-bd0c-90cd2b35b6f5/full.jpg,7,Nature,Nature (100%) | Outdoors (100%) | Sky (100%) | Night (100%) | Lighting (98.78%) | Aurora (80.13%) | Green (70.69%)
debe3c02-8800-4f82-ab89-7ae0fdf73a28,wallpapers/debe3c02-8800-4f82-ab89-7ae0fdf73a28/full.png,7,Nature,Nature (99.97%) | Outdoors (99.97%) | Windmill (89.4%) | Lightning (89.03%) | Storm (89.03%) | Thunderstorm (89.03%) | Sky (81.44%)
df085eb1-106d-4d12-a184-7442bea80303,wallpapers/df085eb1-106d-4d12-a184-7442bea80303/full.png,11,Nature,Nature (100%) | Outdoors (100%) | Sky (100%) | Mountain (99.99%) | Mountain Range (99.99%) | Peak (99.98%) | Night (99.6%) | Sunset (95.28%) | Sunrise (95.02%) | Astronomy (85.52%) | Moon (85.52%)
df82166e-35a1-4a14-b1f2-67ee9cb04a15,wallpapers/df82166e-35a1-4a14-b1f2-67ee9cb04a15/full.jpg,5,Nature,Nature (100%) | Night (100%) | Outdoors (100%) | Starry Sky (100%) | Sky (84.03%)
df308e88-1b9a-42c3-8ced-303f0fe609e8,wallpapers/df308e88-1b9a-42c3-8ced-303f0fe609e8/full.jpg,8,Art,Art (98.82%) | Graphics (98.82%) | Pattern (98.21%) | Texture (94.86%) | Nature (81.31%) | Outdoors (81.31%) | Sky (81.31%) | Smoke Pipe (78.73%)
deaf9256-ec7e-4c20-a609-630e6ccedc2b,wallpapers/deaf9256-ec7e-4c20-a609-630e6ccedc2b/full.png,10,Nature,Nature (99.97%) | Outdoors (99.97%) | Dune (99.01%) | Sand (99.01%) | Mountain (87.85%) | Mountain Range (87.85%) | Peak (87.85%) | Slope (86.28%) | Desert (85.03%) | Person (74.12%)
df5e1cdc-cb58-4082-901b-43ed1aebfd9f,wallpapers/df5e1cdc-cb58-4082-901b-43ed1aebfd9f/full.jpeg,7,Mountain,Mountain (100%) | Nature (100%) | Outdoors (100%) | Eruption (98.87%) | Volcano (98.87%) | Person (85.29%) | Lava (82.86%)
df20f834-0ae2-4bc9-ac74-febd0d210027,wallpapers/df20f834-0ae2-4bc9-ac74-febd0d210027/full.png,4,Light,Light (100%) | Neon (99.89%) | Person (94.4%) | Head (77.26%)
dfb8094e-cad1-4a0e-af88-99c1e2bed9eb,wallpapers/dfb8094e-cad1-4a0e-af88-99c1e2bed9eb/full.png,12,Purple,Purple (100%) | Pattern (99.94%) | Nature (99.78%) | Outdoors (99.78%) | Sky (99.78%) | Accessories (99.58%) | Fractal (98.96%) | Ornament (98.96%) | Light (90.35%) | Disk (88.51%) | Art (82.08%) | Graphics (82.08%)
ddf11372-3df9-481c-9e27-56c181bd1de1,wallpapers/ddf11372-3df9-481c-9e27-56c181bd1de1/full.png,5,Texture,Texture (96.45%) | Pattern (88.09%) | Person (87.47%) | Face (73.39%) | Head (73.39%)
dfea6bb0-9458-43bd-bd20-135db79474f1,wallpapers/dfea6bb0-9458-43bd-bd20-135db79474f1/full.jpg,5,Silhouette,Silhouette (98.78%) | Nature (91.24%) | Night (91.24%) | Outdoors (91.24%) | Astronomy (72.34%)
dfc166b1-4215-4a02-b46a-abd3cbfffb49,wallpapers/dfc166b1-4215-4a02-b46a-abd3cbfffb49/full.png,5,Accessories,Accessories (85.4%) | Aircraft (72.41%) | Airplane (72.41%) | Transportation (72.41%) | Vehicle (72.41%)
e007d315-0871-4693-9710-b1b54bd41f31,wallpapers/e007d315-0871-4693-9710-b1b54bd41f31/full.png,14,Nature,Nature (100%) | Night (100%) | Outdoors (100%) | Silhouette (99.97%) | Astronomy (96.55%) | Moon (96.55%) | Starry Sky (95.68%) | Animal (77.92%) | Canine (77.92%) | Mammal (77.92%) | Clothing (76.31%) | Hat (76.31%) | Dog (75.6%) | Pet (75.6%)
e04f47ec-c0db-4d0b-9888-ac74575b4ee6,wallpapers/e04f47ec-c0db-4d0b-9888-ac74575b4ee6/full.jpg,2,Blackboard,Blackboard (96.13%) | Text (78.16%)
ddf53493-79f4-42e3-aaeb-671ded368ca7,wallpapers/ddf53493-79f4-42e3-aaeb-671ded368ca7/full.png,7,Nature,Nature (94%) | Night (94%) | Outdoors (94%) | Astronomy (87.72%) | Outer Space (87.72%) | Smoke Pipe (85.57%) | Nebula (75.51%)
dfed45db-0c16-4ab6-af27-db984dbbb6e1,wallpapers/dfed45db-0c16-4ab6-af27-db984dbbb6e1/full.png,6,Art,Art (100%) | Graphics (100%) | Modern Art (99.97%) | Pattern (98.46%) | Texture (96.85%) | Painting (90.6%)
e0447e81-0697-43de-a1e7-88f869edbf8d,wallpapers/e0447e81-0697-43de-a1e7-88f869edbf8d/full.png,6,Purple,Purple (99.93%) | Art (99.28%) | Graphics (99.28%) | Texture (98.93%) | Pattern (98.3%) | Modern Art (97.26%)
e060b059-07d2-4c05-a586-b7e9997eca1f,wallpapers/e060b059-07d2-4c05-a586-b7e9997eca1f/full.png,10,Lighting,Lighting (100%) | Pattern (99.33%) | Nature (96.14%) | Night (96.14%) | Outdoors (96.14%) | Light (94%) | Blackboard (78.05%) | Paper (72.52%) | Confetti (70.73%) | Flare (70.03%)
e0ad9e2e-0666-4b3b-9127-539b43f72a9b,wallpapers/e0ad9e2e-0666-4b3b-9127-539b43f72a9b/full.jpg,4,Paper,Paper (94.88%) | Pattern (83.34%) | Confetti (73.59%) | Astronomy (70.58%)
e066152f-648b-4686-9619-a0aa42de4a43,wallpapers/e066152f-648b-4686-9619-a0aa42de4a43/full.jpg,9,Nature,Nature (99.93%) | Outdoors (99.93%) | Sea (99.93%) | Water (99.93%) | Foam (99.48%) | Sea Waves (98.69%) | Rock (90.93%) | Pool (89.19%) | Swimming Pool (89.19%)
e0b35864-76c0-4288-9dec-9a8f78d63474,wallpapers/e0b35864-76c0-4288-9dec-9a8f78d63474/full.png,10,Advertisement,Advertisement (100%) | Poster (100%) | Adult (99.68%) | Female (99.68%) | Person (99.68%) | Woman (99.68%) | Face (93.31%) | Head (93.31%) | Book (88.69%) | Publication (88.69%)
e0683920-8150-405c-aa34-27c0bb11e0fd,wallpapers/e0683920-8150-405c-aa34-27c0bb11e0fd/full.png,4,Texture,Texture (95.1%) | Outdoors (86.91%) | Person (82.02%) | Nature (80.82%)
e15cfd22-f822-4f4c-98b7-f1c9148c56b4,wallpapers/e15cfd22-f822-4f4c-98b7-f1c9148c56b4/full.jpg,11,Lighting,Lighting (99.97%) | Machine (95.32%) | Spoke (95.32%) | Racket (84.05%) | Cooktop (74.64%) | Indoors (74.64%) | Kitchen (74.64%) | Can (73.4%) | Tin (73.4%) | Light (72.83%) | Traffic Light (72.83%)
e1589e5f-ea8e-4e59-99fd-b50a3f76bb85,wallpapers/e1589e5f-ea8e-4e59-99fd-b50a3f76bb85/full.jpg,10,Nature,Nature (100%) | Night (100%) | Outdoors (100%) | Starry Sky (100%) | Sky (99.07%) | Plant (95.2%) | Tree (95.2%) | Vegetation (93.62%) | Scenery (87.39%) | Landscape (73.95%)
e1a65272-7035-4c72-a446-09b1635ae5c0,wallpapers/e1a65272-7035-4c72-a446-09b1635ae5c0/full.png,9,Art,Art (99.28%) | Graphics (99.28%) | Pattern (96.86%) | Balloon (76.98%) | Astronomy (72.58%) | Moon (72.58%) | Nature (72.58%) | Night (72.58%) | Outdoors (72.58%)
e1e7d0a2-1696-4e39-bfdb-bc40c20445b8,wallpapers/e1e7d0a2-1696-4e39-bfdb-bc40c20445b8/full.png,9,Art,Art (99.99%) | Graphics (99.99%) | Modern Art (99.95%) | Bow (88.72%) | Weapon (88.72%) | Pattern (85.88%) | Painting (83.79%) | Outdoors (79.24%) | Water (75.72%)
e08fa5e5-4274-4ca0-b4f1-02dbded63d21,wallpapers/e08fa5e5-4274-4ca0-b4f1-02dbded63d21/full.jpg,2,Art,Art (84.69%) | Graphics (84.69%)
e1830a21-6472-4630-9d2e-9129a05de750,wallpapers/e1830a21-6472-4630-9d2e-9129a05de750/full.png,8,Art,Art (99.99%) | Modern Art (99.99%) | Canvas (99.08%) | Texture (90.09%) | Pattern (83.76%) | Person (82.01%) | Face (75.43%) | Head (75.43%)
e23b7376-07f7-4dd2-b666-502b69e9c0a1,wallpapers/e23b7376-07f7-4dd2-b666-502b69e9c0a1/full.png,2,Home Decor,Home Decor (100%) | Rug (99.99%)
e2aa445b-688d-49f0-acdb-68f0e5bcd037,wallpapers/e2aa445b-688d-49f0-acdb-68f0e5bcd037/full.jpg,2,Triangle,Triangle (97.97%) | Person (87.95%)
e1f61b41-78d3-4921-b190-3bcec65e80d3,wallpapers/e1f61b41-78d3-4921-b190-3bcec65e80d3/full.png,8,Pattern,Pattern (100%) | Art (100%) | Graphics (100%) | Accessories (99.94%) | Fractal (99.84%) | Ornament (99.84%) | Fire (82.11%) | Flame (82.11%)
e2dad6c0-691f-4817-950c-9bbcfab7ee1e,wallpapers/e2dad6c0-691f-4817-950c-9bbcfab7ee1e/full.jpg,1,Person,Person (91.21%)
e301d7cb-01d5-4cfe-a3af-a2c7ca7558cf,wallpapers/e301d7cb-01d5-4cfe-a3af-a2c7ca7558cf/full.png,9,Adult,Adult (98.42%) | Male (98.42%) | Man (98.42%) | Person (98.42%) | Art (88.48%) | Face (88.02%) | Head (88.02%) | Astronomy (82.99%) | Outer Space (82.99%)
e225b783-0198-4e6b-97af-a883392a9bf1,wallpapers/e225b783-0198-4e6b-97af-a883392a9bf1/full.png,7,Art,Art (97.97%) | Graphics (97.97%) | Nature (95.04%) | Night (95.04%) | Outdoors (95.04%) | Pattern (90.11%) | Sky (75.28%)
e3438ef3-b725-4b4a-8b98-a82ee1b4fac0,wallpapers/e3438ef3-b725-4b4a-8b98-a82ee1b4fac0/full.jpg,11,Nature,Nature (99.98%) | Outdoors (99.98%) | Weather (99.86%) | Silhouette (99.67%) | Countryside (99.41%) | Hill (99.41%) | Mountain (98.81%) | Mountain Range (98.81%) | Peak (98.1%) | Sky (74.95%) | Fog (70.71%)
e34c8afb-cd6e-48b1-ad75-cd8880b3de1d,wallpapers/e34c8afb-cd6e-48b1-ad75-cd8880b3de1d/full.png,4,Pattern,Pattern (100%) | Face (89.56%) | Head (89.56%) | Person (89.56%)
e30fa03c-5cc7-4349-bdce-54a1b851a448,wallpapers/e30fa03c-5cc7-4349-bdce-54a1b851a448/full.jpg,5,Nature,Nature (99.73%) | Outdoors (99.73%) | Art (95.29%) | Graphics (95.29%) | Desert (92%)
e34eb813-d815-421a-9e6e-3d84a21d4d5c,wallpapers/e34eb813-d815-421a-9e6e-3d84a21d4d5c/full.jpg,4,Architecture,Architecture (99.98%) | Building (99.98%) | Office Building (79.27%) | Outdoors (72.83%)
e36d6257-019f-45a6-b813-46202f0a1dab,wallpapers/e36d6257-019f-45a6-b813-46202f0a1dab/full.jpg,2,Black,Black (96.32%) | Person (88.49%)
e3d0f8c1-6b76-467f-a8d2-db49074842b2,wallpapers/e3d0f8c1-6b76-467f-a8d2-db49074842b2/full.jpg,15,Finger,Finger (98.96%) | Hand (98.96%) | Person (98.96%) | Head (98.79%) | Photography (98.79%) | Portrait (98.79%) | Coat (98.76%) | Jacket (98.76%) | Hoodie (98.19%) | Adult (95.74%) | Male (95.74%) | Man (95.74%) | Hood (92.91%) | Tree (76.51%) | Nature (73.88%)
e3cdba4d-400e-4b8e-93e8-823b6ba06d5c,wallpapers/e3cdba4d-400e-4b8e-93e8-823b6ba06d5c/full.jpg,5,Nature,Nature (100%) | Outdoors (100%) | Sea (100%) | Water (100%) | Sea Waves (99.99%)
e27520ea-47e7-4fd2-8ee3-8d7fe13b5323,wallpapers/e27520ea-47e7-4fd2-8ee3-8d7fe13b5323/full.png,2,Maroon,Maroon (99.27%) | Texture (99.27%)
e4a57503-fa97-4460-979e-55bac4a83ebe,wallpapers/e4a57503-fa97-4460-979e-55bac4a83ebe/full.jpg,1,Landmark,Landmark (84.72%)
e508a35f-98f3-46f8-a255-18e96754baa8,wallpapers/e508a35f-98f3-46f8-a255-18e96754baa8/full.jpg,11,Nature,Nature (100%) | Night (100%) | Outdoors (100%) | Mountain (99.78%) | Mountain Range (99.78%) | Peak (99.78%) | Scenery (99.74%) | Astronomy (99.56%) | Moon (99.56%) | Sky (98.72%) | Landscape (96.81%)
e3750f4c-e40d-429d-9e8a-6b7e38a69164,wallpapers/e3750f4c-e40d-429d-9e8a-6b7e38a69164/full.png,2,Texture,Texture (94.39%) | Art (86.96%)
e4f2c327-8247-439c-a44a-6d8ef1b41875,wallpapers/e4f2c327-8247-439c-a44a-6d8ef1b41875/full.jpeg,1,Cartoon,Cartoon (74%)
e508b8fd-4dd3-4b0f-8a16-9294113ca755,wallpapers/e508b8fd-4dd3-4b0f-8a16-9294113ca755/full.png,2,Spiral,Spiral (99.94%) | Coil (99.93%)
e400aaf7-c042-41b5-b44e-6da010262f0c,wallpapers/e400aaf7-c042-41b5-b44e-6da010262f0c/full.jpg,11,Nature,Nature (100%) | Outdoors (100%) | Sky (100%) | Scenery (99.88%) | Cloud (99.35%) | Mountain (99.01%) | Mountain Range (99.01%) | Lake (97.96%) | Water (97.96%) | Landscape (74.96%) | Horizon (72.81%)
e6018a51-346e-4734-8d0f-9fef58814776,wallpapers/e6018a51-346e-4734-8d0f-9fef58814776/full.jpg,11,Land,Land (100%) | Nature (100%) | Outdoors (100%) | Plant (100%) | Tree (100%) | Vegetation (100%) | Woodland (100%) | Night (99.92%) | Green (99.82%) | Texture (94%) | Aerial View (86.8%)
e5cd3459-1042-4e6c-9d1a-997d5e84e76a,wallpapers/e5cd3459-1042-4e6c-9d1a-997d5e84e76a/full.jpg,4,Texture,Texture (94.96%) | Art (88.84%) | Modern Art (73.24%) | Accessories (70.74%)
e4dc2205-7a9e-41b3-bf55-56f000140b96,wallpapers/e4dc2205-7a9e-41b3-bf55-56f000140b96/full.png,6,Purple,Purple (100%) | Texture (99.99%) | Lighting (97.49%) | Nature (83.56%) | Outdoors (83.56%) | Sky (83.56%)
e5c75b5e-d8bb-404e-9367-cc26c1b64645,wallpapers/e5c75b5e-d8bb-404e-9367-cc26c1b64645/full.jpg,1,Disk,Disk (79.7%)
e43b94e5-51ce-4c1e-a8a3-8c8bd7b3d582,wallpapers/e43b94e5-51ce-4c1e-a8a3-8c8bd7b3d582/full.png,13,Body Part,Body Part (99.83%) | Finger (99.83%) | Hand (99.83%) | Person (99.83%) | Adult (99.68%) | Female (99.68%) | Woman (99.68%) | Face (96.57%) | Head (96.57%) | Silhouette (86.31%) | Photography (85.16%) | Portrait (85.16%) | Mouth (76.07%)
e6f9615a-51c7-418f-ad44-0835c62d7b53,wallpapers/e6f9615a-51c7-418f-ad44-0835c62d7b53/full.jpg,5,Aircraft,Aircraft (99.45%) | Spaceship (99.45%) | Transportation (99.45%) | Vehicle (99.45%) | Space Shuttle (97.74%)
e6c5d7c9-e76b-439f-bda1-6f065a1d171d,wallpapers/e6c5d7c9-e76b-439f-bda1-6f065a1d171d/full.png,9,Pattern,Pattern (99.77%) | Nature (99.36%) | Outdoors (99.36%) | Sky (99.36%) | Night (99.36%) | Accessories (99.1%) | Fractal (99.1%) | Ornament (99.1%) | Rainbow (78.93%)
e64d050f-1137-460e-b0c3-6b64875a4f27,wallpapers/e64d050f-1137-460e-b0c3-6b64875a4f27/full.jpeg,3,Blackboard,Blackboard (85.68%) | Electronics (74.52%) | Screen (74.52%)
e6370b4a-1460-453f-87a7-06d720a9acb9,wallpapers/e6370b4a-1460-453f-87a7-06d720a9acb9/full.png,7,Sphere,Sphere (98.53%) | Gray (95.63%) | Nature (78.77%) | Outdoors (78.77%) | Snow (78.77%) | Snowman (78.77%) | Winter (78.77%)
e728e1ea-16f9-4a39-a758-4569c958c97c,wallpapers/e728e1ea-16f9-4a39-a758-4569c958c97c/full.jpg,11,Purple,Purple (100%) | Art (100%) | Graphics (100%) | Pattern (99.36%) | Accessories (96.72%) | Fractal (96.72%) | Ornament (96.72%) | Disk (90.29%) | Light (86.86%) | Outdoors (83.61%) | Nature (71.19%)
e772dc06-c3c0-4ce3-8e6c-ade3a8af5323,wallpapers/e772dc06-c3c0-4ce3-8e6c-ade3a8af5323/full.png,3,Balloon,Balloon (97.3%) | Sphere (91.43%) | Blue (70.16%)
e82f5037-1436-4cfc-af8c-454d7093bad5,wallpapers/e82f5037-1436-4cfc-af8c-454d7093bad5/full.jpg,13,Clothing,Clothing (100%) | Coat (100%) | Helmet (100%) | Jacket (100%) | Hardhat (100%) | Face (99.99%) | Head (99.99%) | Person (99.99%) | Photography (99.99%) | Portrait (99.99%) | Crash Helmet (99.97%) | Accessories (99.49%) | Goggles (99.49%)
e6f12e5c-3f99-45d0-83a2-ebb5e3a94730,wallpapers/e6f12e5c-3f99-45d0-83a2-ebb5e3a94730/full.png,6,Art,Art (99.83%) | Graphics (99.83%) | Nature (72.85%) | Outdoors (72.85%) | Rainbow (72.85%) | Sky (72.85%)
e786a13e-0341-403f-b921-d0632939c606,wallpapers/e786a13e-0341-403f-b921-d0632939c606/full.png,6,Lighting,Lighting (100%) | Nature (100%) | Outdoors (100%) | Sky (100%) | Night (99.96%) | Light (96.76%)
e84da4cb-9641-4f78-9e7c-089deb566061,wallpapers/e84da4cb-9641-4f78-9e7c-089deb566061/full.jpg,14,Clothing,Clothing (99.93%) | Hat (99.93%) | Adult (97.73%) | Male (97.73%) | Man (97.73%) | Person (97.73%) | Accessories (96.58%) | Jewelry (96.58%) | Necklace (96.58%) | Art (93.22%) | Face (92.26%) | Head (92.26%) | Glasses (92.16%) | Drawing (81.75%)
e83b2b64-6ced-4cb2-8edf-0dda914d7858,wallpapers/e83b2b64-6ced-4cb2-8edf-0dda914d7858/full.png,0,,
e91949bc-1864-4367-82bd-8d02d8e31421,wallpapers/e91949bc-1864-4367-82bd-8d02d8e31421/full.jpg,10,Clothing,Clothing (100%) | Coat (100%) | Lighting (99.83%) | Adult (98.56%) | Female (98.56%) | Person (98.56%) | Woman (98.56%) | Light (80.49%) | Face (71.01%) | Head (71.01%)
e90ca10e-ce9d-4bd1-871d-1b0b7a786454,wallpapers/e90ca10e-ce9d-4bd1-871d-1b0b7a786454/full.png,13,Green,Green (99.86%) | Nature (98.99%) | Outdoors (98.99%) | Envelope (97.18%) | Greeting Card (97.18%) | Mail (97.18%) | Art (96.56%) | Graphics (96.56%) | Pattern (87.96%) | Electronics (80.68%) | Mobile Phone (80.68%) | Phone (80.68%) | Snow (75.82%)
e8d505fd-0836-4d34-b066-26154e822678,wallpapers/e8d505fd-0836-4d34-b066-26154e822678/full.png,2,Gray,Gray (99.99%) | Texture (90.27%)
e90b7910-b14f-4901-8b2d-c84f00edfeab,wallpapers/e90b7910-b14f-4901-8b2d-c84f00edfeab/full.png,8,Mountain,Mountain (100%) | Mountain Range (100%) | Nature (100%) | Outdoors (100%) | Peak (100%) | Ice (92.64%) | Scenery (91.76%) | Glacier (70.65%)
e99dc8b5-e1b4-4101-8832-f7cac59eabab,wallpapers/e99dc8b5-e1b4-4101-8832-f7cac59eabab/full.jpg,11,Flare,Flare (100%) | Light (100%) | Sunlight (100%) | Flower (99.61%) | Plant (99.61%) | Sunflower (99.61%) | Nature (98.66%) | Outdoors (98.66%) | Sky (98.66%) | Sunset (90.77%) | Scenery (79.14%)
e901a949-8eb8-4561-8869-e25921daf4f8,wallpapers/e901a949-8eb8-4561-8869-e25921daf4f8/full.png,3,Nature,Nature (86.99%) | Outdoors (86.99%) | Black (80.59%)
e9b3b0cc-40a9-4880-915b-1b0183d268dd,wallpapers/e9b3b0cc-40a9-4880-915b-1b0183d268dd/full.jpg,9,Adult,Adult (98.89%) | Male (98.89%) | Man (98.89%) | Person (98.89%) | Outdoors (90.11%) | Face (89.32%) | Head (89.32%) | Water (86.03%) | Nature (81.22%)
ea3359c1-551f-4477-a481-b7df6f05448a,wallpapers/ea3359c1-551f-4477-a481-b7df6f05448a/full.png,5,Silhouette,Silhouette (99.99%) | Home Decor (99.92%) | Curtain (76.56%) | People (74.1%) | Person (74.1%)
ea7d7e58-4a8b-4c38-8912-6ea46ee7a856,wallpapers/ea7d7e58-4a8b-4c38-8912-6ea46ee7a856/full.png,10,Advertisement,Advertisement (99.48%) | Poster (99.19%) | Helmet (92.52%) | Person (92%) | Animal (88.46%) | Crawdad (88.46%) | Food (88.46%) | Invertebrate (88.46%) | Sea Life (88.46%) | Seafood (88.46%)
eb58a7bc-9d64-4207-bb78-f1c9dca6639e,wallpapers/eb58a7bc-9d64-4207-bb78-f1c9dca6639e/full.jpg,15,Furniture,Furniture (99.96%) | Table (99.96%) | Computer (99.94%) | Electronics (99.94%) | Laptop (99.94%) | Pc (99.94%) | Mobile Phone (99.44%) | Phone (99.44%) | Lighting (98.67%) | Desk (98.48%) | Computer Hardware (96.24%) | Hardware (96.24%) | Screen (94.46%) | Monitor (89.32%) | Lamp (88.34%)
e9cf37d9-6b2f-4e5f-b3e7-a143885e7d67,wallpapers/e9cf37d9-6b2f-4e5f-b3e7-a143885e7d67/full.png,3,Home Decor,Home Decor (99.99%) | Curtain (99.96%) | Window Shade (99.96%)
e9dbe628-866d-4d9a-846b-0815c789642b,wallpapers/e9dbe628-866d-4d9a-846b-0815c789642b/full.png,9,Art,Art (100%) | Graphics (100%) | Modern Art (100%) | Texture (98.5%) | Pattern (98.02%) | Painting (95.65%) | Animal (72.38%) | Dinosaur (72.38%) | Reptile (72.38%)
ea7e490c-86ac-436b-aca2-7a027cfc2513,wallpapers/ea7e490c-86ac-436b-aca2-7a027cfc2513/full.jpg,9,Architecture,Architecture (99.95%) | Building (99.95%) | Hotel (99.95%) | Advertisement (99.82%) | Poster (97.07%) | City (92.55%) | Nature (83.43%) | Outdoors (83.43%) | Motel (76.01%)
ea0b16e1-741d-4909-8499-58a7511ab8d2,wallpapers/ea0b16e1-741d-4909-8499-58a7511ab8d2/full.png,7,Art,Art (100%) | Graphics (100%) | Pattern (99.98%) | Floral Design (99.94%) | Accessories (91.64%) | Person (77.36%) | Ornament (76.67%)
eb02ceef-cdaa-41c1-b516-6704c530b1dd,wallpapers/eb02ceef-cdaa-41c1-b516-6704c530b1dd/full.jpg,11,Land,Land (100%) | Nature (100%) | Outdoors (100%) | Plant (100%) | Tree (100%) | Vegetation (100%) | Woodland (100%) | Fir (97.99%) | Aerial View (95.44%) | Snow (71.13%) | Ice (70.41%)
ebe59dfa-ff80-4ba5-9937-ce7acdd60e4e,wallpapers/ebe59dfa-ff80-4ba5-9937-ce7acdd60e4e/full.png,5,Outdoors,Outdoors (86.32%) | Smoke Pipe (85.28%) | Astronomy (84.72%) | Outer Space (84.72%) | Nature (84.3%)
ec565c38-d69b-43e9-9d21-cba12c4c931a,wallpapers/ec565c38-d69b-43e9-9d21-cba12c4c931a/full.jpg,12,Nature,Nature (99.64%) | Outdoors (99.64%) | Sea (99.64%) | Water (99.64%) | Scenery (96.29%) | Shoreline (91.02%) | Coast (90.22%) | Animal (85.14%) | Fish (85.14%) | Sea Life (85.14%) | Shark (85.14%) | Beach (80.73%)
ec3c0959-900c-4194-abd7-33e97e84bbe3,wallpapers/ec3c0959-900c-4194-abd7-33e97e84bbe3/full.jpg,15,Clothing,Clothing (100%) | Hood (100%) | Face (99.76%) | Head (99.76%) | Person (99.76%) | Photography (99.76%) | Portrait (99.76%) | Hoodie (99.47%) | Knitwear (99.47%) | Sweater (99.47%) | Sweatshirt (99.47%) | Adult (99.13%) | Female (99.13%) | Woman (99.13%) | Fashion (73.26%)
ec355876-44d4-43fc-8a56-e0f5b6825c37,wallpapers/ec355876-44d4-43fc-8a56-e0f5b6825c37/full.jpg,12,Land,Land (100%) | Nature (100%) | Outdoors (100%) | Sea (100%) | Water (100%) | Shoreline (99.85%) | Coast (99.82%) | Scenery (99.34%) | Landscape (97.93%) | Island (97.5%) | Sky (97.07%) | Lake (88.97%)
ec5e8c57-1eca-4b0c-99dd-53da66575ec7,wallpapers/ec5e8c57-1eca-4b0c-99dd-53da66575ec7/full.jpg,7,Nature,Nature (100%) | Outdoors (100%) | Sky (100%) | Cloud (100%) | Cumulus (100%) | Weather (100%) | Azure Sky (94.96%)
ecebc0c6-62eb-4c12-98e2-3607cad0061f,wallpapers/ecebc0c6-62eb-4c12-98e2-3607cad0061f/full.jpeg,9,Nature,Nature (100%) | Night (100%) | Outdoors (100%) | Astronomy (99.98%) | Moon (99.98%) | Silhouette (99.89%) | Plant (88.79%) | Vegetation (88.79%) | Photography (73.66%)
ec9a3974-cc4a-4cb8-afed-4c7fff72fc5a,wallpapers/ec9a3974-cc4a-4cb8-afed-4c7fff72fc5a/full.png,2,Light,Light (87.33%) | Blue (72.28%)
ecd4d04c-47c7-4302-835b-7c5ccb1387b5,wallpapers/ecd4d04c-47c7-4302-835b-7c5ccb1387b5/full.jpg,13,Nature,Nature (99.9%) | Outdoors (99.9%) | Sea (99.9%) | Water (99.9%) | Weather (99.86%) | Person (99.68%) | Beach (98.51%) | Coast (98.51%) | Shoreline (98.51%) | Silhouette (97.36%) | Walking (92.26%) | Scenery (78.21%) | Ice (76.23%)
ec643f69-314f-45d9-b4bb-8a25bd4406ae,wallpapers/ec643f69-314f-45d9-b4bb-8a25bd4406ae/full.jpg,9,Pattern,Pattern (99.64%) | Architecture (98.35%) | Building (98.35%) | Accessories (97.96%) | Green (95.76%) | Light (82.38%) | Nature (77.5%) | Night (77.5%) | Outdoors (77.5%)
eca2c1b1-824b-4f9f-adfb-a6adbd3e79d7,wallpapers/eca2c1b1-824b-4f9f-adfb-a6adbd3e79d7/full.png,7,Text,Text (91.26%) | Astronomy (77.91%) | Moon (77.91%) | Nature (77.91%) | Night (77.91%) | Outdoors (77.91%) | Electronics (71.72%)
ed3d7878-2458-44b0-b54f-674c212f1576,wallpapers/ed3d7878-2458-44b0-b54f-674c212f1576/full.jpg,4,Leaf,Leaf (100%) | Plant (100%) | Tree (99.95%) | Maple (82.35%)
ec6e675b-f9d7-477e-ba18-ea86aaff8f76,wallpapers/ec6e675b-f9d7-477e-ba18-ea86aaff8f76/full.jpg,1,Black,Black (93.84%)
ecefbec7-6014-4051-849a-f49ad3f632ff,wallpapers/ecefbec7-6014-4051-849a-f49ad3f632ff/full.png,6,Lighting,Lighting (99.99%) | Pattern (99.76%) | Light (99.4%) | Accessories (98.53%) | Fractal (96.33%) | Ornament (96.33%)
edb02282-ee09-4231-a921-a8738619f484,wallpapers/edb02282-ee09-4231-a921-a8738619f484/full.jpg,15,Summer,Summer (100%) | Tree (99.97%) | Nature (99.96%) | Outdoors (99.96%) | Sea (99.96%) | Water (99.96%) | Land (99.86%) | Vegetation (99.44%) | Palm Tree (99.44%) | Boat (98.75%) | Coast (90.22%) | Shoreline (90.22%) | Pool (89.69%) | Beach (89.59%) | Resort (79.47%)
ee66f04c-d4ec-46b8-bfe5-4f7590da40a1,wallpapers/ee66f04c-d4ec-46b8-bfe5-4f7590da40a1/full.jpg,4,Mason Jar,Mason Jar (99.73%) | Bottle (82.14%) | Cosmetics (82.14%) | Perfume (82.14%)
ee59062e-457c-435b-b278-05eef602acbf,wallpapers/ee59062e-457c-435b-b278-05eef602acbf/full.jpg,3,Leaf,Leaf (100%) | Plant (100%) | Vegetation (84.57%)
ecf8b7e1-8a54-4726-a1b2-57fcf11accbe,wallpapers/ecf8b7e1-8a54-4726-a1b2-57fcf11accbe/full.png,0,,
ee393ca2-5a8d-490c-9ecb-c5c906b7ed20,wallpapers/ee393ca2-5a8d-490c-9ecb-c5c906b7ed20/full.png,6,Lighting,Lighting (100%) | Christmas (82.95%) | Christmas Decorations (82.95%) | Festival (82.95%) | Medication (80.36%) | Pill (80.36%)
edb20f6a-8294-4c76-b2ba-6d96cb168abf,wallpapers/edb20f6a-8294-4c76-b2ba-6d96cb168abf/full.png,8,Art,Art (99.8%) | Graphics (99.8%) | Floral Design (98.05%) | Pattern (98.05%) | Painting (91.36%) | Person (84.41%) | Home Decor (79.27%) | Drawing (72.28%)
edbc9d5d-265c-492f-810d-9507f44fe46b,wallpapers/edbc9d5d-265c-492f-810d-9507f44fe46b/full.jpg,12,Art,Art (99.99%) | Painting (99.99%) | Nature (93.91%) | Outdoors (93.91%) | Sky (93.91%) | Animal (91.2%) | Bird (91.2%) | Purple (78.58%) | Boat (72.65%) | Sailboat (72.65%) | Transportation (72.65%) | Vehicle (72.65%)
edfeae61-5561-43c8-8d70-c3c4abf8fc7f,wallpapers/edfeae61-5561-43c8-8d70-c3c4abf8fc7f/full.jpg,8,Pattern,Pattern (99.99%) | Home Decor (97.6%) | Texture (95.01%) | Plant (86.74%) | Art (83.03%) | Floral Design (83.03%) | Graphics (83.03%) | Linen (75.64%)
ee94191c-a65a-46b7-9b58-52db480275a3,wallpapers/ee94191c-a65a-46b7-9b58-52db480275a3/full.jpg,4,Gray,Gray (97.16%) | Nature (86.04%) | Night (86.04%) | Outdoors (86.04%)
ee635d92-a8a4-4b16-8203-98f229f167e3,wallpapers/ee635d92-a8a4-4b16-8203-98f229f167e3/full.png,3,Pattern,Pattern (99.91%) | Purple (98.54%) | Texture (85.6%)
ee7d2736-e124-4c59-aaff-9d7588075413,wallpapers/ee7d2736-e124-4c59-aaff-9d7588075413/full.png,7,Purple,Purple (100%) | Texture (99.9%) | Pattern (99.54%) | Dye (98.05%) | Art (86.36%) | Graphics (86.36%) | Disk (81.33%)
eeac2c8a-dbee-4506-8554-23d54293ee1e,wallpapers/eeac2c8a-dbee-4506-8554-23d54293ee1e/full.png,13,Nature,Nature (100%) | Outdoors (100%) | Sea (100%) | Water (100%) | Land (100%) | Coast (99.4%) | Shoreline (99.4%) | Boat (98.33%) | Transportation (98.33%) | Vehicle (98.33%) | Sea Waves (95.83%) | Beach (94.28%) | Person (73.47%)
ef727e9f-e9e9-457c-8fbe-c57426f349d8,wallpapers/ef727e9f-e9e9-457c-8fbe-c57426f349d8/full.jpg,12,Nature,Nature (100%) | Outdoors (100%) | Sky (100%) | Mountain (99.99%) | Mountain Range (99.99%) | Peak (99.99%) | Slope (99.99%) | Scenery (99.39%) | Night (98.84%) | Landscape (91.1%) | Wilderness (88.91%) | Sunlight (85.33%)
eef4f129-5f65-4fdd-8ae1-f3dcc85dd689,wallpapers/eef4f129-5f65-4fdd-8ae1-f3dcc85dd689/full.png,15,City,City (100%) | Metropolis (100%) | Urban (100%) | Building (100%) | High Rise (100%) | Office Building (100%) | Tower (99.52%) | Bird (97.81%) | Flying (97.81%) | Aircraft (96.43%) | Airplane (96.43%) | Skyscraper (96.4%) | Airliner (95.44%) | Cityscape (94.86%) | Condo (75.03%)
efc368e7-0eae-4ef9-9265-48cd669448bf,wallpapers/efc368e7-0eae-4ef9-9265-48cd669448bf/full.jpg,11,Animal,Animal (99.98%) | Bird (99.98%) | Flying (99.98%) | Aircraft (99.24%) | Airplane (99.24%) | Transportation (99.24%) | Vehicle (99.24%) | Flight (98.54%) | Bomber (93.6%) | Warplane (93.6%) | Airliner (85.07%)
efef9c3d-d7a7-4679-922c-8160737dd1d3,wallpapers/efef9c3d-d7a7-4679-922c-8160737dd1d3/full.jpg,9,Nature,Nature (100%) | Outdoors (100%) | Sea (100%) | Water (100%) | Coast (99.88%) | Shoreline (99.88%) | Sea Waves (94.27%) | Beach (90.22%) | Aerial View (72.63%)
ef706e5c-d32e-4f9f-95cc-d729d57e59c9,wallpapers/ef706e5c-d32e-4f9f-95cc-d729d57e59c9/full.jpg,3,Pattern,Pattern (96.15%) | Texture (90.89%) | Light (71.73%)
eeb85de3-28ac-48f3-aebc-735f46d5f788,wallpapers/eeb85de3-28ac-48f3-aebc-735f46d5f788/full.jpg,5,Nature,Nature (100%) | Night (100%) | Outdoors (100%) | Astronomy (99.96%) | Moon (99.96%)
f0790ad9-cd98-47ce-80af-02621b4b5f65,wallpapers/f0790ad9-cd98-47ce-80af-02621b4b5f65/full.jpg,10,Purple,Purple (100%) | Nature (100%) | Outdoors (100%) | Sky (100%) | Cloud (99.88%) | Cumulus (82.58%) | Weather (82.58%) | Bonfire (70.6%) | Fire (70.6%) | Flame (70.6%)
effdf69c-33f5-4c39-9d05-a5a34f57501b,wallpapers/effdf69c-33f5-4c39-9d05-a5a34f57501b/full.jpg,3,Astronomy,Astronomy (84.72%) | Outer Space (84.72%) | Black (76.57%)
f0f0d529-867b-43d5-8ef3-05ffa5960c77,wallpapers/f0f0d529-867b-43d5-8ef3-05ffa5960c77/full.jpg,6,Astronomy,Astronomy (97.47%) | Outer Space (97.47%) | Planet (97.02%) | Person (91.59%) | Face (75.58%) | Head (75.58%)
f0d5061b-04f9-46b2-a084-975fc4396f1a,wallpapers/f0d5061b-04f9-46b2-a084-975fc4396f1a/full.jpg,6,Texture,Texture (99.84%) | Art (99.62%) | Graphics (99.62%) | Nature (82.71%) | Outdoors (82.71%) | Sky (82.71%)
ef172077-3e6f-4a5a-96d0-3f63ffb61368,wallpapers/ef172077-3e6f-4a5a-96d0-3f63ffb61368/full.png,2,Pattern,Pattern (91.44%) | Person (73.64%)
f14622c7-e10e-436f-adbb-dec2356e24df,wallpapers/f14622c7-e10e-436f-adbb-dec2356e24df/full.png,8,Light,Light (98.55%) | Lighting (96.93%) | Nature (89.56%) | Outdoors (89.56%) | Sky (89.56%) | Pattern (78.75%) | Flare (74.45%) | Night (71.1%)
f1514191-8345-4a3d-bdc4-64942daab61d,wallpapers/f1514191-8345-4a3d-bdc4-64942daab61d/full.jpg,2,Lighting,Lighting (97.55%) | Outdoors (83.73%)
f1393026-bfe6-4895-9ca2-2746571333d0,wallpapers/f1393026-bfe6-4895-9ca2-2746571333d0/full.png,8,Nature,Nature (100%) | Outdoors (100%) | Sea (100%) | Water (100%) | Sea Waves (99.65%) | Beach (98.46%) | Coast (98.46%) | Shoreline (98.46%)
f1dae1af-86a9-40b9-8515-d01bf8814eca,wallpapers/f1dae1af-86a9-40b9-8515-d01bf8814eca/full.png,14,Lighting,Lighting (100%) | Corner (99.89%) | Floor (99.66%) | Flooring (99.3%) | Nature (97.61%) | Outdoors (97.61%) | Sky (97.61%) | Indoors (97.54%) | Interior Design (97.54%) | Art (96.26%) | Modern Art (96.26%) | Architecture (76.49%) | Building (76.49%) | Wall (76.49%)
f171704a-1fd9-45b6-87f3-5fd4ca98e2a9,wallpapers/f171704a-1fd9-45b6-87f3-5fd4ca98e2a9/full.png,8,Art,Art (99.94%) | Modern Art (99.94%) | Texture (98.7%) | Architecture (97.35%) | Building (97.35%) | Pattern (89.55%) | Velvet (86%) | Dye (83.24%)
f219546a-fdf5-4d8d-9366-1f6d4ec1a226,wallpapers/f219546a-fdf5-4d8d-9366-1f6d4ec1a226/full.jpg,13,Purple,Purple (100%) | Adult (98.41%) | Male (98.41%) | Man (98.41%) | Person (98.41%) | Lighting (96.4%) | Light (89.98%) | Anime (88.39%) | Face (76.71%) | Head (76.71%) | Art (73.83%) | Graphics (73.83%) | Cartoon (70.62%)
f247ffc2-d771-454a-bf20-25ac633af4a0,wallpapers/f247ffc2-d771-454a-bf20-25ac633af4a0/full.jpg,9,Outdoors,Outdoors (99.94%) | Nature (99.92%) | Night (99.92%) | Camping (99.73%) | Tent (99.49%) | Architecture (80.93%) | Building (80.93%) | Shelter (80.93%) | Starry Sky (76.81%)
f1a9e7af-7fc5-40d5-ad4c-6aae681539f3,wallpapers/f1a9e7af-7fc5-40d5-ad4c-6aae681539f3/full.png,6,Pattern,Pattern (99.99%) | Texture (96.52%) | Home Decor (91.43%) | Floor (86.17%) | Architecture (70.49%) | Building (70.49%)
f1b25ccc-5a0c-4e20-b91f-d1a15e79de4a,wallpapers/f1b25ccc-5a0c-4e20-b91f-d1a15e79de4a/full.jpg,8,Pattern,Pattern (100%) | Accessories (99.99%) | Fractal (99.99%) | Ornament (99.99%) | Disk (96.61%) | Outdoors (89.35%) | Nature (83.92%) | Water (74.14%)
f156b6fe-3f7b-400a-b85d-f8cb80ebeb53,wallpapers/f156b6fe-3f7b-400a-b85d-f8cb80ebeb53/full.png,3,Flower,Flower (99.99%) | Plant (99.99%) | Apiaceae (92.59%)
f25f37d0-a089-4b82-a7f8-604e69e59a32,wallpapers/f25f37d0-a089-4b82-a7f8-604e69e59a32/full.jpg,7,Field Hockey,Field Hockey (77.89%) | Field Hockey Stick (77.89%) | Hockey (77.89%) | Sport (77.89%) | Comb (72.28%) | Art (70.59%) | Graphics (70.59%)
f38b7d01-7f04-4596-9277-e511a6bca6be,wallpapers/f38b7d01-7f04-4596-9277-e511a6bca6be/full.jpeg,6,Nature,Nature (99.49%) | Outdoors (99.49%) | Sky (99.49%) | Gray (84.12%) | Texture (82.98%) | Art (72.87%)
f2884087-29a0-4f26-9414-b79e369f8cb7,wallpapers/f2884087-29a0-4f26-9414-b79e369f8cb7/full.png,5,Nature,Nature (99.98%) | Outdoors (99.98%) | Sky (99.88%) | Desert (97.82%) | Sunlight (76.12%)
f258dbc5-d2dc-46ba-899d-4cff019d2fdf,wallpapers/f258dbc5-d2dc-46ba-899d-4cff019d2fdf/full.png,11,Purple,Purple (100%) | Art (99.95%) | Graphics (99.95%) | Pattern (99.92%) | Accessories (98.11%) | Ornament (94.57%) | Fractal (94.09%) | Person (89.5%) | Outdoors (83.84%) | Nature (81.66%) | Night (80.6%)
f3d1877f-a897-476c-b80e-33bd065e6db7,wallpapers/f3d1877f-a897-476c-b80e-33bd065e6db7/full.jpg,7,Art,Art (99.78%) | Graphics (99.78%) | Pattern (97.82%) | Accessories (85.38%) | Fractal (85.38%) | Ornament (85.38%) | Outdoors (78.12%)
f24f8661-f394-43e4-a21c-8f56fb2cb3d9,wallpapers/f24f8661-f394-43e4-a21c-8f56fb2cb3d9/full.jpg,1,Pebble,Pebble (97.66%)
f3fe4ac2-2ee4-43ec-bfa6-ba15692331b6,wallpapers/f3fe4ac2-2ee4-43ec-bfa6-ba15692331b6/full.png,3,Architecture,Architecture (96.21%) | Building (96.21%) | Black (78.2%)
f43bfcf1-94c6-4a92-a35e-1f2d6d86ed5b,wallpapers/f43bfcf1-94c6-4a92-a35e-1f2d6d86ed5b/full.jpg,5,Pattern,Pattern (97.22%) | Paper (91.71%) | Lighting (86.53%) | Art (84.6%) | Texture (71.1%)
f2aff9ba-8cb4-4ee4-8b43-e7f74c3a0f45,wallpapers/f2aff9ba-8cb4-4ee4-8b43-e7f74c3a0f45/full.png,8,Pattern,Pattern (98.94%) | Accessories (96.38%) | Ornament (91.26%) | Astronomy (90.78%) | Outer Space (90.78%) | Face (89.94%) | Head (89.94%) | Person (89.94%)
f3e5c52a-9011-4b87-8fe4-0675968439bf,wallpapers/f3e5c52a-9011-4b87-8fe4-0675968439bf/full.jpg,12,Nature,Nature (100%) | Outdoors (100%) | Sky (100%) | Sunset (100%) | Night (99.98%) | Silhouette (98.96%) | Urban (97.8%) | Architecture (93.2%) | Building (93.2%) | Cityscape (93.2%) | City (85.78%) | Metropolis (85.78%)
f29595e6-07e6-45ba-a0d1-820a2a743f98,wallpapers/f29595e6-07e6-45ba-a0d1-820a2a743f98/full.png,6,Pattern,Pattern (99.94%) | Military (93.07%) | Military Uniform (93.07%) | Texture (90%) | Home Decor (89.54%) | Camouflage (77.46%)
f4b88701-64e1-4f7e-9e72-d1b9f9249f0e,wallpapers/f4b88701-64e1-4f7e-9e72-d1b9f9249f0e/full.jpg,1,Purple,Purple (79.91%)
f4b791f9-37e7-444b-9aad-dd7dd8f0ec75,wallpapers/f4b791f9-37e7-444b-9aad-dd7dd8f0ec75/full.jpg,13,Nature,Nature (100%) | Night (100%) | Outdoors (100%) | Starry Sky (98.35%) | Astronomy (95.46%) | Moon (95.46%) | Plant (80.84%) | Tree (80.84%) | Sky (70.98%) | Aircraft (70.72%) | Airplane (70.72%) | Transportation (70.72%) | Vehicle (70.72%)
f466ed33-3f46-47c8-9627-cbdd201152cb,wallpapers/f466ed33-3f46-47c8-9627-cbdd201152cb/full.jpg,9,Purple,Purple (100%) | Pattern (97.74%) | Outdoors (92.44%) | Nature (89.67%) | Bonfire (89.18%) | Fire (89.18%) | Flame (89.18%) | Art (86.54%) | Painting (86.54%)
f56a5762-e5d3-4b0f-b6a7-c49d82ade090,wallpapers/f56a5762-e5d3-4b0f-b6a7-c49d82ade090/full.jpg,7,Person,Person (98.74%) | Outdoors (94.49%) | Nature (93.46%) | Mountain (82.98%) | Art (82.18%) | Pattern (75.73%) | Modern Art (74.27%)
f5c4fb8d-44ea-4fb5-bd16-2bd54d51881b,wallpapers/f5c4fb8d-44ea-4fb5-bd16-2bd54d51881b/full.jpg,1,Balloon,Balloon (93.14%)
f4af4b6a-d712-458f-a3b4-eccc7c321e1f,wallpapers/f4af4b6a-d712-458f-a3b4-eccc7c321e1f/full.png,8,Purple,Purple (100%) | Pattern (99.88%) | Accessories (99.74%) | Ornament (98.73%) | Crystal (97.8%) | Fractal (94.74%) | Gemstone (71.23%) | Jewelry (71.23%)
f56a4835-6b4f-484b-ae56-565365b0c500,wallpapers/f56a4835-6b4f-484b-ae56-565365b0c500/full.png,6,Nature,Nature (99.99%) | Outdoors (99.99%) | Night (95.26%) | Dune (92.52%) | Sand (92.52%) | Desert (85.76%)
f461c77d-0a79-46f4-a344-608dcb0a3b21,wallpapers/f461c77d-0a79-46f4-a344-608dcb0a3b21/full.jpg,4,Purple,Purple (99.96%) | Pattern (89.77%) | Outdoors (86.15%) | Nature (80.72%)
f4a782af-0b8e-4921-a12e-73ca843d0d25,wallpapers/f4a782af-0b8e-4921-a12e-73ca843d0d25/full.png,7,Outdoors,Outdoors (96.6%) | Nature (94.76%) | Art (90.69%) | Graphics (90.69%) | Ice (89.88%) | Pattern (87.83%) | Person (78.28%)
f524b726-ea18-4120-9fd0-c4c1be02f9ff,wallpapers/f524b726-ea18-4120-9fd0-c4c1be02f9ff/full.png,10,Machine,Machine (100%) | Spoke (100%) | Alloy Wheel (100%) | Car (100%) | Car Wheel (100%) | Tire (100%) | Transportation (100%) | Vehicle (100%) | Wheel (100%) | Logo (77.48%)
f61cc9bc-2831-4478-99bb-d0514d404171,wallpapers/f61cc9bc-2831-4478-99bb-d0514d404171/full.png,7,Purple,Purple (99.99%) | Lighting (99.6%) | Art (98.97%) | Graphics (98.97%) | Dynamite (77.97%) | Weapon (77.97%) | Pattern (77.28%)
f7ddfc08-a7c5-4900-b840-e49cbaf1b9de,wallpapers/f7ddfc08-a7c5-4900-b840-e49cbaf1b9de/full.jpg,6,Pattern,Pattern (99.99%) | Accessories (99.74%) | Ornament (99.2%) | Fractal (98.24%) | Architecture (80.5%) | Building (80.5%)
f817c9ff-53bf-4c34-aaf4-bc6449e3e0ed,wallpapers/f817c9ff-53bf-4c34-aaf4-bc6449e3e0ed/full.png,6,Pattern,Pattern (99.65%) | Architecture (96.63%) | Building (96.63%) | Accessories (90.89%) | Spiral (82.69%) | Light (72.71%)
f8a41b67-e7e4-48ac-89fc-a3a09e6d07bb,wallpapers/f8a41b67-e7e4-48ac-89fc-a3a09e6d07bb/full.jpg,8,Mountain,Mountain (99.99%) | Mountain Range (99.99%) | Nature (99.99%) | Outdoors (99.99%) | Peak (99.99%) | Scenery (92.75%) | Ice (85.12%) | Person (70.76%)
f89a2f26-9b73-40de-9683-680e5c8217d1,wallpapers/f89a2f26-9b73-40de-9683-680e5c8217d1/full.jpg,8,Lighting,Lighting (99.85%) | Nature (99.43%) | Outdoors (99.43%) | Sky (99.43%) | Night (99.11%) | Art (97.49%) | Graphics (97.49%) | Light (90.22%)
f81b74f8-7783-4cb4-bfa2-c2a5aaccc89c,wallpapers/f81b74f8-7783-4cb4-bfa2-c2a5aaccc89c/full.png,3,Art,Art (100%) | Graphics (100%) | Accessories (71.98%)
f8d54acc-3382-48ea-93c5-0e1cf1a16f18,wallpapers/f8d54acc-3382-48ea-93c5-0e1cf1a16f18/full.jpg,3,Cable,Cable (98.02%) | Utility Pole (97.9%) | Power Lines (85.11%)
f79d57bf-6a93-4737-957f-04c240cf380f,wallpapers/f79d57bf-6a93-4737-957f-04c240cf380f/full.jpeg,3,Fern,Fern (99.96%) | Plant (99.96%) | Vegetation (98.01%)
f97608f1-59c1-4e8f-9c17-19b0f8af856f,wallpapers/f97608f1-59c1-4e8f-9c17-19b0f8af856f/full.jpg,15,Urban,Urban (99.74%) | City (99.59%) | Car (99.51%) | Transportation (99.51%) | Vehicle (99.51%) | Light (98.75%) | Coupe (92.48%) | Lighting (92.14%) | Machine (91.36%) | Wheel (91.36%) | Building (88.83%) | Cityscape (88.83%) | Road (75.12%) | Street (75.12%) | Headlight (72.26%)
f7b5d9f9-05ee-40dd-b15e-a356413ad9ca,wallpapers/f7b5d9f9-05ee-40dd-b15e-a356413ad9ca/full.jpeg,8,Animal,Animal (98.12%) | Bird (98.12%) | Flying (98.12%) | Person (92.07%) | Nature (86.65%) | Outdoors (86.65%) | Sea (86.65%) | Water (86.65%)
f6fa26be-fefb-4947-b098-de23c1822b2f,wallpapers/f6fa26be-fefb-4947-b098-de23c1822b2f/full.jpg,13,Nature,Nature (100%) | Outdoors (100%) | Sea (100%) | Water (100%) | Sea Waves (97.38%) | Coast (93.83%) | Shoreline (93.83%) | Animal (93.74%) | Bird (93.74%) | Beach (86.68%) | Person (80.04%) | Scenery (76.46%) | Aerial View (76.16%)
f97e09b6-e14f-4657-ac14-93a304527334,wallpapers/f97e09b6-e14f-4657-ac14-93a304527334/full.png,2,Pattern,Pattern (99.78%) | Texture (96.49%)
f8d4b90a-6f8e-49de-aa70-aa4b82f1b2c9,wallpapers/f8d4b90a-6f8e-49de-aa70-aa4b82f1b2c9/full.png,7,Nature,Nature (97.71%) | Night (97.71%) | Outdoors (97.71%) | Computer (89.94%) | Electronics (89.94%) | Laptop (89.94%) | Pc (89.94%)
f5489a35-d4dd-4894-be62-8e9d65d4647e,wallpapers/f5489a35-d4dd-4894-be62-8e9d65d4647e/full.png,4,Nature,Nature (95.26%) | Outdoors (95.26%) | Person (81.8%) | Black (80.1%)
f61618f1-61c1-4eb5-b076-db746284efe8,wallpapers/f61618f1-61c1-4eb5-b076-db746284efe8/full.jpg,10,Land,Land (100%) | Nature (100%) | Outdoors (100%) | Plant (100%) | Tree (100%) | Vegetation (100%) | Woodland (100%) | Aerial View (97.72%) | Grove (93.45%) | Fir (93.38%)
f9c92ce5-1899-4c6b-b80b-95beefe8bfc0,wallpapers/f9c92ce5-1899-4c6b-b80b-95beefe8bfc0/full.png,5,Art,Art (100%) | Graphics (100%) | Pattern (99.76%) | Light (99.28%) | Modern Art (97.59%)
f9a38b38-c7cc-4ef6-86b8-4cecd345fe0b,wallpapers/f9a38b38-c7cc-4ef6-86b8-4cecd345fe0b/full.jpg,10,Nature,Nature (99.93%) | Outdoors (99.93%) | Sky (99.93%) | Horizon (99.79%) | Sea (99.77%) | Water (99.77%) | Sea Waves (95.23%) | Beach (73.27%) | Coast (73.27%) | Shoreline (73.27%)
fa5e14fb-a80d-4d20-8d6a-c65fd606245b,wallpapers/fa5e14fb-a80d-4d20-8d6a-c65fd606245b/full.jpg,7,Light,Light (99.32%) | Nature (96.53%) | Outdoors (96.53%) | Sky (96.53%) | Art (85.71%) | Graphics (85.71%) | Flare (72.54%)
f9e862ab-e43d-4ff6-b453-3b19a40c1f0c,wallpapers/f9e862ab-e43d-4ff6-b453-3b19a40c1f0c/full.jpg,5,Nature,Nature (96.77%) | Night (96.77%) | Outdoors (96.77%) | Astronomy (96.27%) | Outer Space (96.27%)
f9e936ad-a808-4248-b9ae-504581cad768,wallpapers/f9e936ad-a808-4248-b9ae-504581cad768/full.jpg,14,Mountain,Mountain (99.72%) | Nature (99.72%) | Outdoors (99.72%) | Scenery (99.63%) | Mountain Range (99.33%) | Peak (99.33%) | Landscape (98.34%) | Path (97.69%) | Ice (97.64%) | Road (94.36%) | Person (92.62%) | Purple (92%) | Face (78.06%) | Head (78.06%)
fac60dc6-c4c3-4891-a0f0-66d2a43697fd,wallpapers/fac60dc6-c4c3-4891-a0f0-66d2a43697fd/full.jpeg,11,Mountain,Mountain (100%) | Mountain Range (100%) | Nature (100%) | Outdoors (100%) | Peak (100%) | Landscape (99.99%) | Scenery (99.98%) | Wilderness (99.94%) | Rock (99.16%) | Cliff (80.87%) | Ice (75.08%)
fa089ef3-02d1-4d58-b547-192ccd165076,wallpapers/fa089ef3-02d1-4d58-b547-192ccd165076/full.jpg,14,Clothing,Clothing (98.99%) | Coat (98.99%) | Jacket (98.99%) | Face (98.7%) | Head (98.7%) | Person (98.7%) | Photography (98.7%) | Portrait (98.7%) | Glove (98.55%) | Adult (97.99%) | Male (97.99%) | Man (97.99%) | Pants (87.25%) | Art (81%)
fa3722a7-cc98-4cfb-9777-56c1a4f4b8c2,wallpapers/fa3722a7-cc98-4cfb-9777-56c1a4f4b8c2/full.png,4,Pattern,Pattern (99.3%) | Architecture (95.79%) | Building (95.79%) | Accessories (87.27%)
fa7f6270-1d22-487e-b1c6-3f10bb7d5822,wallpapers/fa7f6270-1d22-487e-b1c6-3f10bb7d5822/full.jpg,1,Balloon,Balloon (97.56%)
fbfcf914-152d-4c94-a250-24566b960ddb,wallpapers/fbfcf914-152d-4c94-a250-24566b960ddb/full.jpg,1,Text,Text (89.3%)
fb5cf5f8-9edf-4f2e-82af-93bb2378950b,wallpapers/fb5cf5f8-9edf-4f2e-82af-93bb2378950b/full.jpg,2,Chart,Chart (93.3%) | Plot (93.3%)
fc17bac9-8706-41d3-aa53-90909cdf2b66,wallpapers/fc17bac9-8706-41d3-aa53-90909cdf2b66/full.jpg,3,Cooktop,Cooktop (98.54%) | Indoors (98.54%) | Kitchen (98.54%)
fba8386d-1a89-4174-9b0d-bc493e7cc254,wallpapers/fba8386d-1a89-4174-9b0d-bc493e7cc254/full.png,11,Mountain,Mountain (100%) | Nature (100%) | Outdoors (100%) | Volcano (98.22%) | Eruption (97.42%) | Mountain Range (91.71%) | Peak (91.71%) | Bonfire (87.36%) | Fire (87.36%) | Flame (87.36%) | Scenery (84.64%)
fd11edcb-b564-438f-80d9-a97fa600fc3c,wallpapers/fd11edcb-b564-438f-80d9-a97fa600fc3c/full.jpeg,7,Astronomy,Astronomy (96.04%) | Nature (95.15%) | Night (95.15%) | Outdoors (95.15%) | Outer Space (93.53%) | Moon (85.41%) | Planet (75.76%)
fc9c7e90-82db-40c0-8d17-27074f7d4f49,wallpapers/fc9c7e90-82db-40c0-8d17-27074f7d4f49/full.png,8,Symbol,Symbol (99.32%) | Text (90.09%) | Number (84.59%) | Nature (75.74%) | Night (75.74%) | Outdoors (75.74%) | Astronomy (70.52%) | Moon (70.52%)
fccd504f-a8cf-4f42-bfe7-bc25b7ec4908,wallpapers/fccd504f-a8cf-4f42-bfe7-bc25b7ec4908/full.jpg,11,Purple,Purple (99.85%) | Clothing (97.88%) | Hoodie (97.88%) | Knitwear (97.88%) | Sweater (97.88%) | Sweatshirt (97.88%) | Hood (97.84%) | Adult (97.18%) | Female (97.18%) | Person (97.18%) | Woman (97.18%)
fca466cd-e918-44fa-9267-16fbd597bbd3,wallpapers/fca466cd-e918-44fa-9267-16fbd597bbd3/full.jpg,15,Urban,Urban (100%) | City (99.98%) | Road (99.81%) | Street (99.81%) | Nature (97.77%) | Outdoors (97.77%) | Adult (97.67%) | Male (97.67%) | Man (97.67%) | Person (97.67%) | Car (97.52%) | Lighting (95.69%) | Night Life (94.59%) | Night (87.06%) | Light (86.05%)
fd4ece05-50c6-44ee-aad3-631b1b76dba1,wallpapers/fd4ece05-50c6-44ee-aad3-631b1b76dba1/full.png,8,Pattern,Pattern (99.99%) | Accessories (99.66%) | Fractal (99.66%) | Ornament (99.66%) | Sphere (93.22%) | Nature (92.58%) | Outdoors (92.58%) | Weather (92.58%)
fcd85405-124e-40c8-a8a0-bde1e849c124,wallpapers/fcd85405-124e-40c8-a8a0-bde1e849c124/full.png,8,Mountain,Mountain (100%) | Nature (100%) | Outdoors (100%) | Mountain Range (99.97%) | Peak (99.97%) | Scenery (99.05%) | Plant (96.25%) | Tree (96.25%)
fd5536bb-147c-4eb9-8a89-6d451fe29c43,wallpapers/fd5536bb-147c-4eb9-8a89-6d451fe29c43/full.png,4,Nature,Nature (100%) | Outdoors (100%) | Sky (100%) | Horizon (100%)
fd883a99-d225-422f-b042-ef76befc0cfd,wallpapers/fd883a99-d225-422f-b042-ef76befc0cfd/full.png,3,Lighting,Lighting (100%) | Light (99.95%) | Spotlight (74.48%)
fcd95aae-e685-4b32-a65b-8705f3991387,wallpapers/fcd95aae-e685-4b32-a65b-8705f3991387/full.jpg,13,Pattern,Pattern (100%) | Art (99.99%) | Graphics (99.99%) | Modern Art (99.6%) | Lighting (96.56%) | Purple (77.88%) | Polka Dot (75.75%) | Hockey (70.91%) | Ice Hockey (70.91%) | Ice Hockey Puck (70.91%) | Rink (70.91%) | Skating (70.91%) | Sport (70.91%)
fedf414d-5a39-457e-984e-ad3fd1979c01,wallpapers/fedf414d-5a39-457e-984e-ad3fd1979c01/full.jpg,7,Nature,Nature (100%) | Outdoors (100%) | Sky (100%) | Sun (100%) | Lighting (99.61%) | Sunlight (93.17%) | Light (73.93%)
fd9c7d4c-785e-43e4-831e-954b130d54a9,wallpapers/fd9c7d4c-785e-43e4-831e-954b130d54a9/full.png,9,Pattern,Pattern (99.99%) | Accessories (99.94%) | Ornament (99.91%) | Fractal (99.85%) | Disk (94.15%) | Outdoors (92.79%) | Sphere (91.05%) | Nature (87.67%) | Water (77.08%)
ff1e52ad-314d-4077-b36b-f0e04aac81e8,wallpapers/ff1e52ad-314d-4077-b36b-f0e04aac81e8/full.jpg,7,Nature,Nature (99.96%) | Night (99.96%) | Outdoors (99.96%) | Sky (99.83%) | Sea (87.16%) | Water (87.16%) | Mountain (78.68%)
fe096f1a-9e84-4677-85ee-cd8fb2793261,wallpapers/fe096f1a-9e84-4677-85ee-cd8fb2793261/full.jpg,14,Nature,Nature (100%) | Outdoors (100%) | Sky (100%) | Night (99.99%) | Face (99.39%) | Head (99.39%) | Person (99.39%) | Photography (99.39%) | Portrait (99.39%) | Adult (98.06%) | Female (98.06%) | Woman (98.06%) | Rock (96.64%) | Aurora (80.9%)
fe4e290d-10ea-4d21-9732-a7764add2282,wallpapers/fe4e290d-10ea-4d21-9732-a7764add2282/full.png,2,Cactus,Cactus (84.93%) | Plant (84.93%)
fdd450c9-aa9f-44fb-b551-d6425e1923b2,wallpapers/fdd450c9-aa9f-44fb-b551-d6425e1923b2/full.jpg,8,Pattern,Pattern (99.97%) | Accessories (99.69%) | Fractal (98.82%) | Ornament (98.82%) | Outdoors (93.34%) | Nature (90.2%) | Sea (70.05%) | Water (70.05%)
fd6572f8-f2b1-48d4-94f1-69a69b561ce9,wallpapers/fd6572f8-f2b1-48d4-94f1-69a69b561ce9/full.png,1,Blue,Blue (85.57%)
fee69567-3e1f-4198-90b3-d60c9c4d099e,wallpapers/fee69567-3e1f-4198-90b3-d60c9c4d099e/full.jpg,8,Outdoors,Outdoors (99.1%) | Nature (99%) | Sky (98.77%) | Sunset (98.77%) | Scenery (92.08%) | Tropical (87.48%) | Plant (86.99%) | Tree (86.99%)
fd1a6b56-ffeb-4191-9265-af0224a55adf,wallpapers/fd1a6b56-ffeb-4191-9265-af0224a55adf/full.png,6,Pattern,Pattern (100%) | Purple (100%) | Art (98.27%) | Floral Design (98.27%) | Graphics (98.27%) | Person (96.88%)
ff31fce6-dfa9-40aa-8de8-d8f8cf896d35,wallpapers/ff31fce6-dfa9-40aa-8de8-d8f8cf896d35/full.jpg,4,Purple,Purple (99.37%) | Pattern (88.22%) | Art (86.66%) | Accessories (83.17%)
ff7fd811-2c32-4c49-895d-d509033d6bea,wallpapers/ff7fd811-2c32-4c49-895d-d509033d6bea/full.jpg,8,Outdoors,Outdoors (99.88%) | Tent (99.66%) | Camping (99.58%) | Nature (93.26%) | Architecture (89.21%) | Building (89.21%) | Shelter (89.21%) | Sky (86.91%)
ffdd50dc-1d85-4a4c-a58e-33e4e5cfe261,wallpapers/ffdd50dc-1d85-4a4c-a58e-33e4e5cfe261/full.png,4,Art,Art (99.17%) | Graphics (99.17%) | Light (97.4%) | Pattern (74.94%)
fea49ff9-f936-4638-b8ac-b967d586cbc2,wallpapers/fea49ff9-f936-4638-b8ac-b967d586cbc2/full.png,6,Slate,Slate (97.33%) | Outdoors (94.24%) | Nature (89.73%) | Person (85.63%) | Astronomy (77.96%) | Outer Space (77.96%)
ffcefa8f-af27-4268-85ac-601ada9afe9f,wallpapers/ffcefa8f-af27-4268-85ac-601ada9afe9f/full.png,7,Light,Light (100%) | Lighting (100%) | Purple (100%) | Neon (99.27%) | Person (91.03%) | Art (76.83%) | Graphics (76.83%)
ff76170a-2603-4994-b336-73ed1a8b524e,wallpapers/ff76170a-2603-4994-b336-73ed1a8b524e/full.png,6,Nature,Nature (100%) | Outdoors (100%) | Desert (99.86%) | Dune (99.01%) | Sand (99.01%) | Sky (77.78%)
ffef85bc-4a70-4752-b37f-57b246d75710,wallpapers/ffef85bc-4a70-4752-b37f-57b246d75710/full.jpg,5,Nature,Nature (99.65%) | Night (99.65%) | Outdoors (99.65%) | Astronomy (85.02%) | Outer Space (85.02%)
fff2ed0a-596d-432e-890b-df56d8777b3c,wallpapers/fff2ed0a-596d-432e-890b-df56d8777b3c/full.jpg,6,Leaf,Leaf (100%) | Plant (100%) | Tree (100%) | Sunlight (99.27%) | Grass (98.52%) | Maple (91.75%)
ffceeb2a-3c63-4d62-8faf-997dc211087c,wallpapers/ffceeb2a-3c63-4d62-8faf-997dc211087c/full.jpg,11,Nature,Nature (100%) | Outdoors (100%) | Ripple (100%) | Water (100%) | Body Part (99.71%) | Finger (99.71%) | Hand (99.71%) | Person (99.71%) | Adult (93.22%) | Male (93.22%) | Man (93.22%)